縣市代碼,縣市,年齡組,性別,教育程度,人數,資料時間
09007,連江縣,15-24歲,女,不識字,0,113Y12M
09007,連江縣,15-24歲,女,博士,0,113Y12M
09007,連江縣,15-24歲,女,國中初職,0,113Y12M
09007,連江縣,15-24歲,女,大學院校,9,113Y12M
09007,連江縣,15-24歲,女,專科,0,113Y12M
09007,連江縣,15-24歲,女,小學,0,113Y12M
09007,連江縣,15-24歲,女,未詳,0,113Y12M
09007,連江縣,15-24歲,女,碩士,0,113Y12M
09007,連江縣,15-24歲,女,自修,0,113Y12M
09007,連江縣,15-24歲,女,高中職,4,113Y12M
09007,連江縣,15-24歲,男,不識字,0,113Y12M
09007,連江縣,15-24歲,男,博士,0,113Y12M
09007,連江縣,15-24歲,男,國中初職,0,113Y12M
09007,連江縣,15-24歲,男,大學院校,12,113Y12M
09007,連江縣,15-24歲,男,專科,2,113Y12M
09007,連江縣,15-24歲,男,小學,0,113Y12M
09007,連江縣,15-24歲,男,未詳,0,113Y12M
09007,連江縣,15-24歲,男,碩士,0,113Y12M
09007,連江縣,15-24歲,男,自修,0,113Y12M
09007,連江縣,15-24歲,男,高中職,8,113Y12M
09007,連江縣,25-34歲,女,不識字,0,113Y12M
09007,連江縣,25-34歲,女,博士,0,113Y12M
09007,連江縣,25-34歲,女,國中初職,1,113Y12M
09007,連江縣,25-34歲,女,大學院校,25,113Y12M
09007,連江縣,25-34歲,女,專科,2,113Y12M
09007,連江縣,25-34歲,女,小學,0,113Y12M
09007,連江縣,25-34歲,女,未詳,0,113Y12M
09007,連江縣,25-34歲,女,碩士,2,113Y12M
09007,連江縣,25-34歲,女,自修,0,113Y12M
09007,連江縣,25-34歲,女,高中職,11,113Y12M
09007,連江縣,25-34歲,男,不識字,0,113Y12M
09007,連江縣,25-34歲,男,博士,0,113Y12M
09007,連江縣,25-34歲,男,國中初職,4,113Y12M
09007,連江縣,25-34歲,男,大學院校,20,113Y12M
09007,連江縣,25-34歲,男,專科,5,113Y12M
09007,連江縣,25-34歲,男,小學,0,113Y12M
09007,連江縣,25-34歲,男,未詳,0,113Y12M
09007,連江縣,25-34歲,男,碩士,2,113Y12M
09007,連江縣,25-34歲,男,自修,0,113Y12M
09007,連江縣,25-34歲,男,高中職,27,113Y12M
09007,連江縣,35-44歲,女,不識字,0,113Y12M
09007,連江縣,35-44歲,女,博士,0,113Y12M
09007,連江縣,35-44歲,女,國中初職,0,113Y12M
09007,連江縣,35-44歲,女,大學院校,8,113Y12M
09007,連江縣,35-44歲,女,專科,0,113Y12M
09007,連江縣,35-44歲,女,小學,1,113Y12M
09007,連江縣,35-44歲,女,未詳,0,113Y12M
09007,連江縣,35-44歲,女,碩士,0,113Y12M
09007,連江縣,35-44歲,女,自修,0,113Y12M
09007,連江縣,35-44歲,女,高中職,6,113Y12M
09007,連江縣,35-44歲,男,不識字,0,113Y12M
09007,連江縣,35-44歲,男,博士,0,113Y12M
09007,連江縣,35-44歲,男,國中初職,4,113Y12M
09007,連江縣,35-44歲,男,大學院校,8,113Y12M
09007,連江縣,35-44歲,男,專科,5,113Y12M
09007,連江縣,35-44歲,男,小學,0,113Y12M
09007,連江縣,35-44歲,男,未詳,0,113Y12M
09007,連江縣,35-44歲,男,碩士,0,113Y12M
09007,連江縣,35-44歲,男,自修,0,113Y12M
09007,連江縣,35-44歲,男,高中職,19,113Y12M
09007,連江縣,45-54歲,女,不識字,0,113Y12M
09007,連江縣,45-54歲,女,博士,0,113Y12M
09007,連江縣,45-54歲,女,國中初職,4,113Y12M
09007,連江縣,45-54歲,女,大學院校,0,113Y12M
09007,連江縣,45-54歲,女,專科,0,113Y12M
09007,連江縣,45-54歲,女,小學,1,113Y12M
09007,連江縣,45-54歲,女,未詳,0,113Y12M
09007,連江縣,45-54歲,女,碩士,1,113Y12M
09007,連江縣,45-54歲,女,自修,0,113Y12M
09007,連江縣,45-54歲,女,高中職,10,113Y12M
09007,連江縣,45-54歲,男,不識字,0,113Y12M
09007,連江縣,45-54歲,男,博士,0,113Y12M
09007,連江縣,45-54歲,男,國中初職,6,113Y12M
09007,連江縣,45-54歲,男,大學院校,3,113Y12M
09007,連江縣,45-54歲,男,專科,4,113Y12M
09007,連江縣,45-54歲,男,小學,0,113Y12M
09007,連江縣,45-54歲,男,未詳,0,113Y12M
09007,連江縣,45-54歲,男,碩士,2,113Y12M
09007,連江縣,45-54歲,男,自修,0,113Y12M
09007,連江縣,45-54歲,男,高中職,8,113Y12M
09007,連江縣,55-64歲,女,不識字,0,113Y12M
09007,連江縣,55-64歲,女,博士,0,113Y12M
09007,連江縣,55-64歲,女,國中初職,6,113Y12M
09007,連江縣,55-64歲,女,大學院校,0,113Y12M
09007,連江縣,55-64歲,女,專科,0,113Y12M
09007,連江縣,55-64歲,女,小學,3,113Y12M
09007,連江縣,55-64歲,女,未詳,0,113Y12M
09007,連江縣,55-64歲,女,碩士,0,113Y12M
09007,連江縣,55-64歲,女,自修,0,113Y12M
09007,連江縣,55-64歲,女,高中職,5,113Y12M
09007,連江縣,55-64歲,男,不識字,0,113Y12M
09007,連江縣,55-64歲,男,博士,0,113Y12M
09007,連江縣,55-64歲,男,國中初職,1,113Y12M
09007,連江縣,55-64歲,男,大學院校,1,113Y12M
09007,連江縣,55-64歲,男,專科,4,113Y12M
09007,連江縣,55-64歲,男,小學,0,113Y12M
09007,連江縣,55-64歲,男,未詳,0,113Y12M
09007,連江縣,55-64歲,男,碩士,1,113Y12M
09007,連江縣,55-64歲,男,自修,0,113Y12M
09007,連江縣,55-64歲,男,高中職,7,113Y12M
09007,連江縣,65歲以上,女,不識字,0,113Y12M
09007,連江縣,65歲以上,女,博士,0,113Y12M
09007,連江縣,65歲以上,女,國中初職,0,113Y12M
09007,連江縣,65歲以上,女,大學院校,0,113Y12M
09007,連江縣,65歲以上,女,專科,1,113Y12M
09007,連江縣,65歲以上,女,小學,1,113Y12M
09007,連江縣,65歲以上,女,未詳,0,113Y12M
09007,連江縣,65歲以上,女,碩士,0,113Y12M
09007,連江縣,65歲以上,女,自修,0,113Y12M
09007,連江縣,65歲以上,女,高中職,0,113Y12M
09007,連江縣,65歲以上,男,不識字,0,113Y12M
09007,連江縣,65歲以上,男,博士,0,113Y12M
09007,連江縣,65歲以上,男,國中初職,0,113Y12M
09007,連江縣,65歲以上,男,大學院校,0,113Y12M
09007,連江縣,65歲以上,男,專科,0,113Y12M
09007,連江縣,65歲以上,男,小學,0,113Y12M
09007,連江縣,65歲以上,男,未詳,0,113Y12M
09007,連江縣,65歲以上,男,碩士,0,113Y12M
09007,連江縣,65歲以上,男,自修,0,113Y12M
09007,連江縣,65歲以上,男,高中職,2,113Y12M
09020,金門縣,15-24歲,女,不識字,0,113Y12M
09020,金門縣,15-24歲,女,博士,0,113Y12M
09020,金門縣,15-24歲,女,國中初職,5,113Y12M
09020,金門縣,15-24歲,女,大學院校,75,113Y12M
09020,金門縣,15-24歲,女,專科,11,113Y12M
09020,金門縣,15-24歲,女,小學,0,113Y12M
09020,金門縣,15-24歲,女,未詳,0,113Y12M
09020,金門縣,15-24歲,女,碩士,1,113Y12M
09020,金門縣,15-24歲,女,自修,0,113Y12M
09020,金門縣,15-24歲,女,高中職,36,113Y12M
09020,金門縣,15-24歲,男,不識字,0,113Y12M
09020,金門縣,15-24歲,男,博士,0,113Y12M
09020,金門縣,15-24歲,男,國中初職,1,113Y12M
09020,金門縣,15-24歲,男,大學院校,50,113Y12M
09020,金門縣,15-24歲,男,專科,9,113Y12M
09020,金門縣,15-24歲,男,小學,1,113Y12M
09020,金門縣,15-24歲,男,未詳,0,113Y12M
09020,金門縣,15-24歲,男,碩士,3,113Y12M
09020,金門縣,15-24歲,男,自修,0,113Y12M
09020,金門縣,15-24歲,男,高中職,52,113Y12M
09020,金門縣,25-34歲,女,不識字,0,113Y12M
09020,金門縣,25-34歲,女,博士,0,113Y12M
09020,金門縣,25-34歲,女,國中初職,1,113Y12M
09020,金門縣,25-34歲,女,大學院校,107,113Y12M
09020,金門縣,25-34歲,女,專科,23,113Y12M
09020,金門縣,25-34歲,女,小學,1,113Y12M
09020,金門縣,25-34歲,女,未詳,0,113Y12M
09020,金門縣,25-34歲,女,碩士,12,113Y12M
09020,金門縣,25-34歲,女,自修,0,113Y12M
09020,金門縣,25-34歲,女,高中職,35,113Y12M
09020,金門縣,25-34歲,男,不識字,0,113Y12M
09020,金門縣,25-34歲,男,博士,0,113Y12M
09020,金門縣,25-34歲,男,國中初職,3,113Y12M
09020,金門縣,25-34歲,男,大學院校,94,113Y12M
09020,金門縣,25-34歲,男,專科,18,113Y12M
09020,金門縣,25-34歲,男,小學,0,113Y12M
09020,金門縣,25-34歲,男,未詳,0,113Y12M
09020,金門縣,25-34歲,男,碩士,10,113Y12M
09020,金門縣,25-34歲,男,自修,0,113Y12M
09020,金門縣,25-34歲,男,高中職,63,113Y12M
09020,金門縣,35-44歲,女,不識字,0,113Y12M
09020,金門縣,35-44歲,女,博士,0,113Y12M
09020,金門縣,35-44歲,女,國中初職,7,113Y12M
09020,金門縣,35-44歲,女,大學院校,33,113Y12M
09020,金門縣,35-44歲,女,專科,14,113Y12M
09020,金門縣,35-44歲,女,小學,1,113Y12M
09020,金門縣,35-44歲,女,未詳,0,113Y12M
09020,金門縣,35-44歲,女,碩士,6,113Y12M
09020,金門縣,35-44歲,女,自修,0,113Y12M
09020,金門縣,35-44歲,女,高中職,23,113Y12M
09020,金門縣,35-44歲,男,不識字,0,113Y12M
09020,金門縣,35-44歲,男,博士,0,113Y12M
09020,金門縣,35-44歲,男,國中初職,7,113Y12M
09020,金門縣,35-44歲,男,大學院校,39,113Y12M
09020,金門縣,35-44歲,男,專科,12,113Y12M
09020,金門縣,35-44歲,男,小學,0,113Y12M
09020,金門縣,35-44歲,男,未詳,0,113Y12M
09020,金門縣,35-44歲,男,碩士,7,113Y12M
09020,金門縣,35-44歲,男,自修,0,113Y12M
09020,金門縣,35-44歲,男,高中職,49,113Y12M
09020,金門縣,45-54歲,女,不識字,0,113Y12M
09020,金門縣,45-54歲,女,博士,0,113Y12M
09020,金門縣,45-54歲,女,國中初職,24,113Y12M
09020,金門縣,45-54歲,女,大學院校,13,113Y12M
09020,金門縣,45-54歲,女,專科,12,113Y12M
09020,金門縣,45-54歲,女,小學,3,113Y12M
09020,金門縣,45-54歲,女,未詳,0,113Y12M
09020,金門縣,45-54歲,女,碩士,6,113Y12M
09020,金門縣,45-54歲,女,自修,0,113Y12M
09020,金門縣,45-54歲,女,高中職,40,113Y12M
09020,金門縣,45-54歲,男,不識字,0,113Y12M
09020,金門縣,45-54歲,男,博士,0,113Y12M
09020,金門縣,45-54歲,男,國中初職,19,113Y12M
09020,金門縣,45-54歲,男,大學院校,8,113Y12M
09020,金門縣,45-54歲,男,專科,17,113Y12M
09020,金門縣,45-54歲,男,小學,5,113Y12M
09020,金門縣,45-54歲,男,未詳,0,113Y12M
09020,金門縣,45-54歲,男,碩士,3,113Y12M
09020,金門縣,45-54歲,男,自修,0,113Y12M
09020,金門縣,45-54歲,男,高中職,20,113Y12M
09020,金門縣,55-64歲,女,不識字,0,113Y12M
09020,金門縣,55-64歲,女,博士,0,113Y12M
09020,金門縣,55-64歲,女,國中初職,21,113Y12M
09020,金門縣,55-64歲,女,大學院校,7,113Y12M
09020,金門縣,55-64歲,女,專科,5,113Y12M
09020,金門縣,55-64歲,女,小學,7,113Y12M
09020,金門縣,55-64歲,女,未詳,0,113Y12M
09020,金門縣,55-64歲,女,碩士,4,113Y12M
09020,金門縣,55-64歲,女,自修,0,113Y12M
09020,金門縣,55-64歲,女,高中職,30,113Y12M
09020,金門縣,55-64歲,男,不識字,0,113Y12M
09020,金門縣,55-64歲,男,博士,1,113Y12M
09020,金門縣,55-64歲,男,國中初職,25,113Y12M
09020,金門縣,55-64歲,男,大學院校,3,113Y12M
09020,金門縣,55-64歲,男,專科,7,113Y12M
09020,金門縣,55-64歲,男,小學,4,113Y12M
09020,金門縣,55-64歲,男,未詳,0,113Y12M
09020,金門縣,55-64歲,男,碩士,4,113Y12M
09020,金門縣,55-64歲,男,自修,0,113Y12M
09020,金門縣,55-64歲,男,高中職,22,113Y12M
09020,金門縣,65歲以上,女,不識字,0,113Y12M
09020,金門縣,65歲以上,女,博士,0,113Y12M
09020,金門縣,65歲以上,女,國中初職,8,113Y12M
09020,金門縣,65歲以上,女,大學院校,0,113Y12M
09020,金門縣,65歲以上,女,專科,1,113Y12M
09020,金門縣,65歲以上,女,小學,15,113Y12M
09020,金門縣,65歲以上,女,未詳,0,113Y12M
09020,金門縣,65歲以上,女,碩士,1,113Y12M
09020,金門縣,65歲以上,女,自修,0,113Y12M
09020,金門縣,65歲以上,女,高中職,6,113Y12M
09020,金門縣,65歲以上,男,不識字,0,113Y12M
09020,金門縣,65歲以上,男,博士,0,113Y12M
09020,金門縣,65歲以上,男,國中初職,4,113Y12M
09020,金門縣,65歲以上,男,大學院校,2,113Y12M
09020,金門縣,65歲以上,男,專科,5,113Y12M
09020,金門縣,65歲以上,男,小學,12,113Y12M
09020,金門縣,65歲以上,男,未詳,0,113Y12M
09020,金門縣,65歲以上,男,碩士,0,113Y12M
09020,金門縣,65歲以上,男,自修,0,113Y12M
09020,金門縣,65歲以上,男,高中職,9,113Y12M
10002,宜蘭縣,15-24歲,女,不識字,0,113Y12M
10002,宜蘭縣,15-24歲,女,博士,0,113Y12M
10002,宜蘭縣,15-24歲,女,國中初職,57,113Y12M
10002,宜蘭縣,15-24歲,女,大學院校,439,113Y12M
10002,宜蘭縣,15-24歲,女,專科,358,113Y12M
10002,宜蘭縣,15-24歲,女,小學,1,113Y12M
10002,宜蘭縣,15-24歲,女,未詳,0,113Y12M
10002,宜蘭縣,15-24歲,女,碩士,7,113Y12M
10002,宜蘭縣,15-24歲,女,自修,0,113Y12M
10002,宜蘭縣,15-24歲,女,高中職,577,113Y12M
10002,宜蘭縣,15-24歲,男,不識字,0,113Y12M
10002,宜蘭縣,15-24歲,男,博士,0,113Y12M
10002,宜蘭縣,15-24歲,男,國中初職,66,113Y12M
10002,宜蘭縣,15-24歲,男,大學院校,421,113Y12M
10002,宜蘭縣,15-24歲,男,專科,89,113Y12M
10002,宜蘭縣,15-24歲,男,小學,8,113Y12M
10002,宜蘭縣,15-24歲,男,未詳,0,113Y12M
10002,宜蘭縣,15-24歲,男,碩士,14,113Y12M
10002,宜蘭縣,15-24歲,男,自修,0,113Y12M
10002,宜蘭縣,15-24歲,男,高中職,876,113Y12M
10002,宜蘭縣,25-34歲,女,不識字,0,113Y12M
10002,宜蘭縣,25-34歲,女,博士,0,113Y12M
10002,宜蘭縣,25-34歲,女,國中初職,69,113Y12M
10002,宜蘭縣,25-34歲,女,大學院校,581,113Y12M
10002,宜蘭縣,25-34歲,女,專科,296,113Y12M
10002,宜蘭縣,25-34歲,女,小學,0,113Y12M
10002,宜蘭縣,25-34歲,女,未詳,0,113Y12M
10002,宜蘭縣,25-34歲,女,碩士,72,113Y12M
10002,宜蘭縣,25-34歲,女,自修,0,113Y12M
10002,宜蘭縣,25-34歲,女,高中職,500,113Y12M
10002,宜蘭縣,25-34歲,男,不識字,0,113Y12M
10002,宜蘭縣,25-34歲,男,博士,1,113Y12M
10002,宜蘭縣,25-34歲,男,國中初職,119,113Y12M
10002,宜蘭縣,25-34歲,男,大學院校,510,113Y12M
10002,宜蘭縣,25-34歲,男,專科,139,113Y12M
10002,宜蘭縣,25-34歲,男,小學,1,113Y12M
10002,宜蘭縣,25-34歲,男,未詳,0,113Y12M
10002,宜蘭縣,25-34歲,男,碩士,59,113Y12M
10002,宜蘭縣,25-34歲,男,自修,0,113Y12M
10002,宜蘭縣,25-34歲,男,高中職,709,113Y12M
10002,宜蘭縣,35-44歲,女,不識字,0,113Y12M
10002,宜蘭縣,35-44歲,女,博士,1,113Y12M
10002,宜蘭縣,35-44歲,女,國中初職,196,113Y12M
10002,宜蘭縣,35-44歲,女,大學院校,322,113Y12M
10002,宜蘭縣,35-44歲,女,專科,216,113Y12M
10002,宜蘭縣,35-44歲,女,小學,7,113Y12M
10002,宜蘭縣,35-44歲,女,未詳,0,113Y12M
10002,宜蘭縣,35-44歲,女,碩士,49,113Y12M
10002,宜蘭縣,35-44歲,女,自修,0,113Y12M
10002,宜蘭縣,35-44歲,女,高中職,523,113Y12M
10002,宜蘭縣,35-44歲,男,不識字,0,113Y12M
10002,宜蘭縣,35-44歲,男,博士,0,113Y12M
10002,宜蘭縣,35-44歲,男,國中初職,210,113Y12M
10002,宜蘭縣,35-44歲,男,大學院校,224,113Y12M
10002,宜蘭縣,35-44歲,男,專科,134,113Y12M
10002,宜蘭縣,35-44歲,男,小學,12,113Y12M
10002,宜蘭縣,35-44歲,男,未詳,0,113Y12M
10002,宜蘭縣,35-44歲,男,碩士,61,113Y12M
10002,宜蘭縣,35-44歲,男,自修,0,113Y12M
10002,宜蘭縣,35-44歲,男,高中職,660,113Y12M
10002,宜蘭縣,45-54歲,女,不識字,1,113Y12M
10002,宜蘭縣,45-54歲,女,博士,4,113Y12M
10002,宜蘭縣,45-54歲,女,國中初職,401,113Y12M
10002,宜蘭縣,45-54歲,女,大學院校,119,113Y12M
10002,宜蘭縣,45-54歲,女,專科,133,113Y12M
10002,宜蘭縣,45-54歲,女,小學,35,113Y12M
10002,宜蘭縣,45-54歲,女,未詳,0,113Y12M
10002,宜蘭縣,45-54歲,女,碩士,33,113Y12M
10002,宜蘭縣,45-54歲,女,自修,0,113Y12M
10002,宜蘭縣,45-54歲,女,高中職,452,113Y12M
10002,宜蘭縣,45-54歲,男,不識字,0,113Y12M
10002,宜蘭縣,45-54歲,男,博士,2,113Y12M
10002,宜蘭縣,45-54歲,男,國中初職,369,113Y12M
10002,宜蘭縣,45-54歲,男,大學院校,80,113Y12M
10002,宜蘭縣,45-54歲,男,專科,133,113Y12M
10002,宜蘭縣,45-54歲,男,小學,28,113Y12M
10002,宜蘭縣,45-54歲,男,未詳,0,113Y12M
10002,宜蘭縣,45-54歲,男,碩士,37,113Y12M
10002,宜蘭縣,45-54歲,男,自修,0,113Y12M
10002,宜蘭縣,45-54歲,男,高中職,482,113Y12M
10002,宜蘭縣,55-64歲,女,不識字,2,113Y12M
10002,宜蘭縣,55-64歲,女,博士,2,113Y12M
10002,宜蘭縣,55-64歲,女,國中初職,594,113Y12M
10002,宜蘭縣,55-64歲,女,大學院校,61,113Y12M
10002,宜蘭縣,55-64歲,女,專科,56,113Y12M
10002,宜蘭縣,55-64歲,女,小學,134,113Y12M
10002,宜蘭縣,55-64歲,女,未詳,0,113Y12M
10002,宜蘭縣,55-64歲,女,碩士,20,113Y12M
10002,宜蘭縣,55-64歲,女,自修,2,113Y12M
10002,宜蘭縣,55-64歲,女,高中職,310,113Y12M
10002,宜蘭縣,55-64歲,男,不識字,0,113Y12M
10002,宜蘭縣,55-64歲,男,博士,3,113Y12M
10002,宜蘭縣,55-64歲,男,國中初職,440,113Y12M
10002,宜蘭縣,55-64歲,男,大學院校,41,113Y12M
10002,宜蘭縣,55-64歲,男,專科,98,113Y12M
10002,宜蘭縣,55-64歲,男,小學,65,113Y12M
10002,宜蘭縣,55-64歲,男,未詳,0,113Y12M
10002,宜蘭縣,55-64歲,男,碩士,16,113Y12M
10002,宜蘭縣,55-64歲,男,自修,0,113Y12M
10002,宜蘭縣,55-64歲,男,高中職,288,113Y12M
10002,宜蘭縣,65歲以上,女,不識字,7,113Y12M
10002,宜蘭縣,65歲以上,女,博士,1,113Y12M
10002,宜蘭縣,65歲以上,女,國中初職,228,113Y12M
10002,宜蘭縣,65歲以上,女,大學院校,19,113Y12M
10002,宜蘭縣,65歲以上,女,專科,21,113Y12M
10002,宜蘭縣,65歲以上,女,小學,546,113Y12M
10002,宜蘭縣,65歲以上,女,未詳,0,113Y12M
10002,宜蘭縣,65歲以上,女,碩士,1,113Y12M
10002,宜蘭縣,65歲以上,女,自修,3,113Y12M
10002,宜蘭縣,65歲以上,女,高中職,136,113Y12M
10002,宜蘭縣,65歲以上,男,不識字,1,113Y12M
10002,宜蘭縣,65歲以上,男,博士,2,113Y12M
10002,宜蘭縣,65歲以上,男,國中初職,151,113Y12M
10002,宜蘭縣,65歲以上,男,大學院校,38,113Y12M
10002,宜蘭縣,65歲以上,男,專科,44,113Y12M
10002,宜蘭縣,65歲以上,男,小學,244,113Y12M
10002,宜蘭縣,65歲以上,男,未詳,0,113Y12M
10002,宜蘭縣,65歲以上,男,碩士,12,113Y12M
10002,宜蘭縣,65歲以上,男,自修,3,113Y12M
10002,宜蘭縣,65歲以上,男,高中職,153,113Y12M
10004,新竹縣,15-24歲,女,不識字,2,113Y12M
10004,新竹縣,15-24歲,女,博士,0,113Y12M
10004,新竹縣,15-24歲,女,國中初職,68,113Y12M
10004,新竹縣,15-24歲,女,大學院校,586,113Y12M
10004,新竹縣,15-24歲,女,專科,302,113Y12M
10004,新竹縣,15-24歲,女,小學,15,113Y12M
10004,新竹縣,15-24歲,女,未詳,0,113Y12M
10004,新竹縣,15-24歲,女,碩士,9,113Y12M
10004,新竹縣,15-24歲,女,自修,0,113Y12M
10004,新竹縣,15-24歲,女,高中職,779,113Y12M
10004,新竹縣,15-24歲,男,不識字,1,113Y12M
10004,新竹縣,15-24歲,男,博士,0,113Y12M
10004,新竹縣,15-24歲,男,國中初職,88,113Y12M
10004,新竹縣,15-24歲,男,大學院校,522,113Y12M
10004,新竹縣,15-24歲,男,專科,77,113Y12M
10004,新竹縣,15-24歲,男,小學,21,113Y12M
10004,新竹縣,15-24歲,男,未詳,0,113Y12M
10004,新竹縣,15-24歲,男,碩士,7,113Y12M
10004,新竹縣,15-24歲,男,自修,0,113Y12M
10004,新竹縣,15-24歲,男,高中職,1157,113Y12M
10004,新竹縣,25-34歲,女,不識字,0,113Y12M
10004,新竹縣,25-34歲,女,博士,1,113Y12M
10004,新竹縣,25-34歲,女,國中初職,128,113Y12M
10004,新竹縣,25-34歲,女,大學院校,835,113Y12M
10004,新竹縣,25-34歲,女,專科,168,113Y12M
10004,新竹縣,25-34歲,女,小學,2,113Y12M
10004,新竹縣,25-34歲,女,未詳,0,113Y12M
10004,新竹縣,25-34歲,女,碩士,57,113Y12M
10004,新竹縣,25-34歲,女,自修,0,113Y12M
10004,新竹縣,25-34歲,女,高中職,672,113Y12M
10004,新竹縣,25-34歲,男,不識字,0,113Y12M
10004,新竹縣,25-34歲,男,博士,2,113Y12M
10004,新竹縣,25-34歲,男,國中初職,162,113Y12M
10004,新竹縣,25-34歲,男,大學院校,691,113Y12M
10004,新竹縣,25-34歲,男,專科,129,113Y12M
10004,新竹縣,25-34歲,男,小學,2,113Y12M
10004,新竹縣,25-34歲,男,未詳,0,113Y12M
10004,新竹縣,25-34歲,男,碩士,66,113Y12M
10004,新竹縣,25-34歲,男,自修,0,113Y12M
10004,新竹縣,25-34歲,男,高中職,910,113Y12M
10004,新竹縣,35-44歲,女,不識字,0,113Y12M
10004,新竹縣,35-44歲,女,博士,0,113Y12M
10004,新竹縣,35-44歲,女,國中初職,294,113Y12M
10004,新竹縣,35-44歲,女,大學院校,404,113Y12M
10004,新竹縣,35-44歲,女,專科,170,113Y12M
10004,新竹縣,35-44歲,女,小學,14,113Y12M
10004,新竹縣,35-44歲,女,未詳,0,113Y12M
10004,新竹縣,35-44歲,女,碩士,65,113Y12M
10004,新竹縣,35-44歲,女,自修,0,113Y12M
10004,新竹縣,35-44歲,女,高中職,672,113Y12M
10004,新竹縣,35-44歲,男,不識字,0,113Y12M
10004,新竹縣,35-44歲,男,博士,1,113Y12M
10004,新竹縣,35-44歲,男,國中初職,356,113Y12M
10004,新竹縣,35-44歲,男,大學院校,348,113Y12M
10004,新竹縣,35-44歲,男,專科,88,113Y12M
10004,新竹縣,35-44歲,男,小學,21,113Y12M
10004,新竹縣,35-44歲,男,未詳,0,113Y12M
10004,新竹縣,35-44歲,男,碩士,62,113Y12M
10004,新竹縣,35-44歲,男,自修,0,113Y12M
10004,新竹縣,35-44歲,男,高中職,732,113Y12M
10004,新竹縣,45-54歲,女,不識字,1,113Y12M
10004,新竹縣,45-54歲,女,博士,3,113Y12M
10004,新竹縣,45-54歲,女,國中初職,521,113Y12M
10004,新竹縣,45-54歲,女,大學院校,171,113Y12M
10004,新竹縣,45-54歲,女,專科,140,113Y12M
10004,新竹縣,45-54歲,女,小學,79,113Y12M
10004,新竹縣,45-54歲,女,未詳,0,113Y12M
10004,新竹縣,45-54歲,女,碩士,50,113Y12M
10004,新竹縣,45-54歲,女,自修,0,113Y12M
10004,新竹縣,45-54歲,女,高中職,628,113Y12M
10004,新竹縣,45-54歲,男,不識字,1,113Y12M
10004,新竹縣,45-54歲,男,博士,3,113Y12M
10004,新竹縣,45-54歲,男,國中初職,497,113Y12M
10004,新竹縣,45-54歲,男,大學院校,131,113Y12M
10004,新竹縣,45-54歲,男,專科,140,113Y12M
10004,新竹縣,45-54歲,男,小學,66,113Y12M
10004,新竹縣,45-54歲,男,未詳,0,113Y12M
10004,新竹縣,45-54歲,男,碩士,50,113Y12M
10004,新竹縣,45-54歲,男,自修,0,113Y12M
10004,新竹縣,45-54歲,男,高中職,583,113Y12M
10004,新竹縣,55-64歲,女,不識字,2,113Y12M
10004,新竹縣,55-64歲,女,博士,2,113Y12M
10004,新竹縣,55-64歲,女,國中初職,557,113Y12M
10004,新竹縣,55-64歲,女,大學院校,59,113Y12M
10004,新竹縣,55-64歲,女,專科,56,113Y12M
10004,新竹縣,55-64歲,女,小學,240,113Y12M
10004,新竹縣,55-64歲,女,未詳,0,113Y12M
10004,新竹縣,55-64歲,女,碩士,37,113Y12M
10004,新竹縣,55-64歲,女,自修,1,113Y12M
10004,新竹縣,55-64歲,女,高中職,319,113Y12M
10004,新竹縣,55-64歲,男,不識字,1,113Y12M
10004,新竹縣,55-64歲,男,博士,4,113Y12M
10004,新竹縣,55-64歲,男,國中初職,400,113Y12M
10004,新竹縣,55-64歲,男,大學院校,47,113Y12M
10004,新竹縣,55-64歲,男,專科,109,113Y12M
10004,新竹縣,55-64歲,男,小學,130,113Y12M
10004,新竹縣,55-64歲,男,未詳,0,113Y12M
10004,新竹縣,55-64歲,男,碩士,15,113Y12M
10004,新竹縣,55-64歲,男,自修,1,113Y12M
10004,新竹縣,55-64歲,男,高中職,314,113Y12M
10004,新竹縣,65歲以上,女,不識字,5,113Y12M
10004,新竹縣,65歲以上,女,博士,1,113Y12M
10004,新竹縣,65歲以上,女,國中初職,228,113Y12M
10004,新竹縣,65歲以上,女,大學院校,14,113Y12M
10004,新竹縣,65歲以上,女,專科,28,113Y12M
10004,新竹縣,65歲以上,女,小學,670,113Y12M
10004,新竹縣,65歲以上,女,未詳,0,113Y12M
10004,新竹縣,65歲以上,女,碩士,4,113Y12M
10004,新竹縣,65歲以上,女,自修,1,113Y12M
10004,新竹縣,65歲以上,女,高中職,145,113Y12M
10004,新竹縣,65歲以上,男,不識字,2,113Y12M
10004,新竹縣,65歲以上,男,博士,1,113Y12M
10004,新竹縣,65歲以上,男,國中初職,148,113Y12M
10004,新竹縣,65歲以上,男,大學院校,32,113Y12M
10004,新竹縣,65歲以上,男,專科,50,113Y12M
10004,新竹縣,65歲以上,男,小學,284,113Y12M
10004,新竹縣,65歲以上,男,未詳,0,113Y12M
10004,新竹縣,65歲以上,男,碩士,10,113Y12M
10004,新竹縣,65歲以上,男,自修,1,113Y12M
10004,新竹縣,65歲以上,男,高中職,170,113Y12M
10005,苗栗縣,15-24歲,女,不識字,0,113Y12M
10005,苗栗縣,15-24歲,女,博士,0,113Y12M
10005,苗栗縣,15-24歲,女,國中初職,49,113Y12M
10005,苗栗縣,15-24歲,女,大學院校,314,113Y12M
10005,苗栗縣,15-24歲,女,專科,142,113Y12M
10005,苗栗縣,15-24歲,女,小學,4,113Y12M
10005,苗栗縣,15-24歲,女,未詳,0,113Y12M
10005,苗栗縣,15-24歲,女,碩士,6,113Y12M
10005,苗栗縣,15-24歲,女,自修,1,113Y12M
10005,苗栗縣,15-24歲,女,高中職,423,113Y12M
10005,苗栗縣,15-24歲,男,不識字,0,113Y12M
10005,苗栗縣,15-24歲,男,博士,0,113Y12M
10005,苗栗縣,15-24歲,男,國中初職,55,113Y12M
10005,苗栗縣,15-24歲,男,大學院校,248,113Y12M
10005,苗栗縣,15-24歲,男,專科,40,113Y12M
10005,苗栗縣,15-24歲,男,小學,7,113Y12M
10005,苗栗縣,15-24歲,男,未詳,0,113Y12M
10005,苗栗縣,15-24歲,男,碩士,4,113Y12M
10005,苗栗縣,15-24歲,男,自修,0,113Y12M
10005,苗栗縣,15-24歲,男,高中職,595,113Y12M
10005,苗栗縣,25-34歲,女,不識字,0,113Y12M
10005,苗栗縣,25-34歲,女,博士,1,113Y12M
10005,苗栗縣,25-34歲,女,國中初職,48,113Y12M
10005,苗栗縣,25-34歲,女,大學院校,405,113Y12M
10005,苗栗縣,25-34歲,女,專科,104,113Y12M
10005,苗栗縣,25-34歲,女,小學,0,113Y12M
10005,苗栗縣,25-34歲,女,未詳,0,113Y12M
10005,苗栗縣,25-34歲,女,碩士,43,113Y12M
10005,苗栗縣,25-34歲,女,自修,0,113Y12M
10005,苗栗縣,25-34歲,女,高中職,356,113Y12M
10005,苗栗縣,25-34歲,男,不識字,0,113Y12M
10005,苗栗縣,25-34歲,男,博士,1,113Y12M
10005,苗栗縣,25-34歲,男,國中初職,65,113Y12M
10005,苗栗縣,25-34歲,男,大學院校,376,113Y12M
10005,苗栗縣,25-34歲,男,專科,51,113Y12M
10005,苗栗縣,25-34歲,男,小學,0,113Y12M
10005,苗栗縣,25-34歲,男,未詳,0,113Y12M
10005,苗栗縣,25-34歲,男,碩士,29,113Y12M
10005,苗栗縣,25-34歲,男,自修,0,113Y12M
10005,苗栗縣,25-34歲,男,高中職,477,113Y12M
10005,苗栗縣,35-44歲,女,不識字,0,113Y12M
10005,苗栗縣,35-44歲,女,博士,5,113Y12M
10005,苗栗縣,35-44歲,女,國中初職,151,113Y12M
10005,苗栗縣,35-44歲,女,大學院校,222,113Y12M
10005,苗栗縣,35-44歲,女,專科,82,113Y12M
10005,苗栗縣,35-44歲,女,小學,5,113Y12M
10005,苗栗縣,35-44歲,女,未詳,0,113Y12M
10005,苗栗縣,35-44歲,女,碩士,42,113Y12M
10005,苗栗縣,35-44歲,女,自修,0,113Y12M
10005,苗栗縣,35-44歲,女,高中職,325,113Y12M
10005,苗栗縣,35-44歲,男,不識字,0,113Y12M
10005,苗栗縣,35-44歲,男,博士,3,113Y12M
10005,苗栗縣,35-44歲,男,國中初職,162,113Y12M
10005,苗栗縣,35-44歲,男,大學院校,186,113Y12M
10005,苗栗縣,35-44歲,男,專科,57,113Y12M
10005,苗栗縣,35-44歲,男,小學,4,113Y12M
10005,苗栗縣,35-44歲,男,未詳,0,113Y12M
10005,苗栗縣,35-44歲,男,碩士,29,113Y12M
10005,苗栗縣,35-44歲,男,自修,0,113Y12M
10005,苗栗縣,35-44歲,男,高中職,399,113Y12M
10005,苗栗縣,45-54歲,女,不識字,0,113Y12M
10005,苗栗縣,45-54歲,女,博士,1,113Y12M
10005,苗栗縣,45-54歲,女,國中初職,274,113Y12M
10005,苗栗縣,45-54歲,女,大學院校,73,113Y12M
10005,苗栗縣,45-54歲,女,專科,66,113Y12M
10005,苗栗縣,45-54歲,女,小學,14,113Y12M
10005,苗栗縣,45-54歲,女,未詳,0,113Y12M
10005,苗栗縣,45-54歲,女,碩士,27,113Y12M
10005,苗栗縣,45-54歲,女,自修,0,113Y12M
10005,苗栗縣,45-54歲,女,高中職,358,113Y12M
10005,苗栗縣,45-54歲,男,不識字,1,113Y12M
10005,苗栗縣,45-54歲,男,博士,2,113Y12M
10005,苗栗縣,45-54歲,男,國中初職,254,113Y12M
10005,苗栗縣,45-54歲,男,大學院校,53,113Y12M
10005,苗栗縣,45-54歲,男,專科,87,113Y12M
10005,苗栗縣,45-54歲,男,小學,18,113Y12M
10005,苗栗縣,45-54歲,男,未詳,0,113Y12M
10005,苗栗縣,45-54歲,男,碩士,22,113Y12M
10005,苗栗縣,45-54歲,男,自修,0,113Y12M
10005,苗栗縣,45-54歲,男,高中職,298,113Y12M
10005,苗栗縣,55-64歲,女,不識字,1,113Y12M
10005,苗栗縣,55-64歲,女,博士,0,113Y12M
10005,苗栗縣,55-64歲,女,國中初職,406,113Y12M
10005,苗栗縣,55-64歲,女,大學院校,31,113Y12M
10005,苗栗縣,55-64歲,女,專科,40,113Y12M
10005,苗栗縣,55-64歲,女,小學,67,113Y12M
10005,苗栗縣,55-64歲,女,未詳,0,113Y12M
10005,苗栗縣,55-64歲,女,碩士,13,113Y12M
10005,苗栗縣,55-64歲,女,自修,0,113Y12M
10005,苗栗縣,55-64歲,女,高中職,248,113Y12M
10005,苗栗縣,55-64歲,男,不識字,0,113Y12M
10005,苗栗縣,55-64歲,男,博士,2,113Y12M
10005,苗栗縣,55-64歲,男,國中初職,226,113Y12M
10005,苗栗縣,55-64歲,男,大學院校,33,113Y12M
10005,苗栗縣,55-64歲,男,專科,66,113Y12M
10005,苗栗縣,55-64歲,男,小學,26,113Y12M
10005,苗栗縣,55-64歲,男,未詳,0,113Y12M
10005,苗栗縣,55-64歲,男,碩士,15,113Y12M
10005,苗栗縣,55-64歲,男,自修,0,113Y12M
10005,苗栗縣,55-64歲,男,高中職,226,113Y12M
10005,苗栗縣,65歲以上,女,不識字,0,113Y12M
10005,苗栗縣,65歲以上,女,博士,0,113Y12M
10005,苗栗縣,65歲以上,女,國中初職,139,113Y12M
10005,苗栗縣,65歲以上,女,大學院校,9,113Y12M
10005,苗栗縣,65歲以上,女,專科,16,113Y12M
10005,苗栗縣,65歲以上,女,小學,394,113Y12M
10005,苗栗縣,65歲以上,女,未詳,0,113Y12M
10005,苗栗縣,65歲以上,女,碩士,4,113Y12M
10005,苗栗縣,65歲以上,女,自修,2,113Y12M
10005,苗栗縣,65歲以上,女,高中職,84,113Y12M
10005,苗栗縣,65歲以上,男,不識字,1,113Y12M
10005,苗栗縣,65歲以上,男,博士,0,113Y12M
10005,苗栗縣,65歲以上,男,國中初職,84,113Y12M
10005,苗栗縣,65歲以上,男,大學院校,16,113Y12M
10005,苗栗縣,65歲以上,男,專科,48,113Y12M
10005,苗栗縣,65歲以上,男,小學,165,113Y12M
10005,苗栗縣,65歲以上,男,未詳,0,113Y12M
10005,苗栗縣,65歲以上,男,碩士,8,113Y12M
10005,苗栗縣,65歲以上,男,自修,0,113Y12M
10005,苗栗縣,65歲以上,男,高中職,123,113Y12M
10007,彰化縣,15-24歲,女,不識字,0,113Y12M
10007,彰化縣,15-24歲,女,博士,0,113Y12M
10007,彰化縣,15-24歲,女,國中初職,22,113Y12M
10007,彰化縣,15-24歲,女,大學院校,210,113Y12M
10007,彰化縣,15-24歲,女,專科,76,113Y12M
10007,彰化縣,15-24歲,女,小學,5,113Y12M
10007,彰化縣,15-24歲,女,未詳,0,113Y12M
10007,彰化縣,15-24歲,女,碩士,4,113Y12M
10007,彰化縣,15-24歲,女,自修,0,113Y12M
10007,彰化縣,15-24歲,女,高中職,245,113Y12M
10007,彰化縣,15-24歲,男,不識字,0,113Y12M
10007,彰化縣,15-24歲,男,博士,0,113Y12M
10007,彰化縣,15-24歲,男,國中初職,27,113Y12M
10007,彰化縣,15-24歲,男,大學院校,201,113Y12M
10007,彰化縣,15-24歲,男,專科,21,113Y12M
10007,彰化縣,15-24歲,男,小學,2,113Y12M
10007,彰化縣,15-24歲,男,未詳,0,113Y12M
10007,彰化縣,15-24歲,男,碩士,5,113Y12M
10007,彰化縣,15-24歲,男,自修,0,113Y12M
10007,彰化縣,15-24歲,男,高中職,309,113Y12M
10007,彰化縣,25-34歲,女,不識字,0,113Y12M
10007,彰化縣,25-34歲,女,博士,1,113Y12M
10007,彰化縣,25-34歲,女,國中初職,29,113Y12M
10007,彰化縣,25-34歲,女,大學院校,338,113Y12M
10007,彰化縣,25-34歲,女,專科,63,113Y12M
10007,彰化縣,25-34歲,女,小學,0,113Y12M
10007,彰化縣,25-34歲,女,未詳,0,113Y12M
10007,彰化縣,25-34歲,女,碩士,17,113Y12M
10007,彰化縣,25-34歲,女,自修,0,113Y12M
10007,彰化縣,25-34歲,女,高中職,205,113Y12M
10007,彰化縣,25-34歲,男,不識字,0,113Y12M
10007,彰化縣,25-34歲,男,博士,1,113Y12M
10007,彰化縣,25-34歲,男,國中初職,40,113Y12M
10007,彰化縣,25-34歲,男,大學院校,207,113Y12M
10007,彰化縣,25-34歲,男,專科,21,113Y12M
10007,彰化縣,25-34歲,男,小學,1,113Y12M
10007,彰化縣,25-34歲,男,未詳,0,113Y12M
10007,彰化縣,25-34歲,男,碩士,18,113Y12M
10007,彰化縣,25-34歲,男,自修,0,113Y12M
10007,彰化縣,25-34歲,男,高中職,245,113Y12M
10007,彰化縣,35-44歲,女,不識字,0,113Y12M
10007,彰化縣,35-44歲,女,博士,0,113Y12M
10007,彰化縣,35-44歲,女,國中初職,91,113Y12M
10007,彰化縣,35-44歲,女,大學院校,172,113Y12M
10007,彰化縣,35-44歲,女,專科,72,113Y12M
10007,彰化縣,35-44歲,女,小學,11,113Y12M
10007,彰化縣,35-44歲,女,未詳,0,113Y12M
10007,彰化縣,35-44歲,女,碩士,15,113Y12M
10007,彰化縣,35-44歲,女,自修,0,113Y12M
10007,彰化縣,35-44歲,女,高中職,251,113Y12M
10007,彰化縣,35-44歲,男,不識字,0,113Y12M
10007,彰化縣,35-44歲,男,博士,1,113Y12M
10007,彰化縣,35-44歲,男,國中初職,82,113Y12M
10007,彰化縣,35-44歲,男,大學院校,106,113Y12M
10007,彰化縣,35-44歲,男,專科,40,113Y12M
10007,彰化縣,35-44歲,男,小學,6,113Y12M
10007,彰化縣,35-44歲,男,未詳,0,113Y12M
10007,彰化縣,35-44歲,男,碩士,8,113Y12M
10007,彰化縣,35-44歲,男,自修,0,113Y12M
10007,彰化縣,35-44歲,男,高中職,206,113Y12M
10007,彰化縣,45-54歲,女,不識字,0,113Y12M
10007,彰化縣,45-54歲,女,博士,0,113Y12M
10007,彰化縣,45-54歲,女,國中初職,155,113Y12M
10007,彰化縣,45-54歲,女,大學院校,49,113Y12M
10007,彰化縣,45-54歲,女,專科,39,113Y12M
10007,彰化縣,45-54歲,女,小學,17,113Y12M
10007,彰化縣,45-54歲,女,未詳,0,113Y12M
10007,彰化縣,45-54歲,女,碩士,14,113Y12M
10007,彰化縣,45-54歲,女,自修,0,113Y12M
10007,彰化縣,45-54歲,女,高中職,162,113Y12M
10007,彰化縣,45-54歲,男,不識字,0,113Y12M
10007,彰化縣,45-54歲,男,博士,1,113Y12M
10007,彰化縣,45-54歲,男,國中初職,96,113Y12M
10007,彰化縣,45-54歲,男,大學院校,25,113Y12M
10007,彰化縣,45-54歲,男,專科,30,113Y12M
10007,彰化縣,45-54歲,男,小學,23,113Y12M
10007,彰化縣,45-54歲,男,未詳,0,113Y12M
10007,彰化縣,45-54歲,男,碩士,5,113Y12M
10007,彰化縣,45-54歲,男,自修,0,113Y12M
10007,彰化縣,45-54歲,男,高中職,99,113Y12M
10007,彰化縣,55-64歲,女,不識字,0,113Y12M
10007,彰化縣,55-64歲,女,博士,0,113Y12M
10007,彰化縣,55-64歲,女,國中初職,193,113Y12M
10007,彰化縣,55-64歲,女,大學院校,20,113Y12M
10007,彰化縣,55-64歲,女,專科,13,113Y12M
10007,彰化縣,55-64歲,女,小學,110,113Y12M
10007,彰化縣,55-64歲,女,未詳,0,113Y12M
10007,彰化縣,55-64歲,女,碩士,5,113Y12M
10007,彰化縣,55-64歲,女,自修,2,113Y12M
10007,彰化縣,55-64歲,女,高中職,97,113Y12M
10007,彰化縣,55-64歲,男,不識字,1,113Y12M
10007,彰化縣,55-64歲,男,博士,0,113Y12M
10007,彰化縣,55-64歲,男,國中初職,67,113Y12M
10007,彰化縣,55-64歲,男,大學院校,4,113Y12M
10007,彰化縣,55-64歲,男,專科,7,113Y12M
10007,彰化縣,55-64歲,男,小學,35,113Y12M
10007,彰化縣,55-64歲,男,未詳,0,113Y12M
10007,彰化縣,55-64歲,男,碩士,4,113Y12M
10007,彰化縣,55-64歲,男,自修,0,113Y12M
10007,彰化縣,55-64歲,男,高中職,57,113Y12M
10007,彰化縣,65歲以上,女,不識字,5,113Y12M
10007,彰化縣,65歲以上,女,博士,0,113Y12M
10007,彰化縣,65歲以上,女,國中初職,56,113Y12M
10007,彰化縣,65歲以上,女,大學院校,1,113Y12M
10007,彰化縣,65歲以上,女,專科,2,113Y12M
10007,彰化縣,65歲以上,女,小學,152,113Y12M
10007,彰化縣,65歲以上,女,未詳,0,113Y12M
10007,彰化縣,65歲以上,女,碩士,1,113Y12M
10007,彰化縣,65歲以上,女,自修,0,113Y12M
10007,彰化縣,65歲以上,女,高中職,30,113Y12M
10007,彰化縣,65歲以上,男,不識字,2,113Y12M
10007,彰化縣,65歲以上,男,博士,0,113Y12M
10007,彰化縣,65歲以上,男,國中初職,29,113Y12M
10007,彰化縣,65歲以上,男,大學院校,3,113Y12M
10007,彰化縣,65歲以上,男,專科,6,113Y12M
10007,彰化縣,65歲以上,男,小學,60,113Y12M
10007,彰化縣,65歲以上,男,未詳,0,113Y12M
10007,彰化縣,65歲以上,男,碩士,2,113Y12M
10007,彰化縣,65歲以上,男,自修,0,113Y12M
10007,彰化縣,65歲以上,男,高中職,24,113Y12M
10008,南投縣,15-24歲,女,不識字,0,113Y12M
10008,南投縣,15-24歲,女,博士,0,113Y12M
10008,南投縣,15-24歲,女,國中初職,95,113Y12M
10008,南投縣,15-24歲,女,大學院校,624,113Y12M
10008,南投縣,15-24歲,女,專科,473,113Y12M
10008,南投縣,15-24歲,女,小學,18,113Y12M
10008,南投縣,15-24歲,女,未詳,0,113Y12M
10008,南投縣,15-24歲,女,碩士,8,113Y12M
10008,南投縣,15-24歲,女,自修,0,113Y12M
10008,南投縣,15-24歲,女,高中職,877,113Y12M
10008,南投縣,15-24歲,男,不識字,0,113Y12M
10008,南投縣,15-24歲,男,博士,0,113Y12M
10008,南投縣,15-24歲,男,國中初職,121,113Y12M
10008,南投縣,15-24歲,男,大學院校,578,113Y12M
10008,南投縣,15-24歲,男,專科,160,113Y12M
10008,南投縣,15-24歲,男,小學,22,113Y12M
10008,南投縣,15-24歲,男,未詳,0,113Y12M
10008,南投縣,15-24歲,男,碩士,16,113Y12M
10008,南投縣,15-24歲,男,自修,0,113Y12M
10008,南投縣,15-24歲,男,高中職,1367,113Y12M
10008,南投縣,25-34歲,女,不識字,0,113Y12M
10008,南投縣,25-34歲,女,博士,1,113Y12M
10008,南投縣,25-34歲,女,國中初職,129,113Y12M
10008,南投縣,25-34歲,女,大學院校,1051,113Y12M
10008,南投縣,25-34歲,女,專科,363,113Y12M
10008,南投縣,25-34歲,女,小學,0,113Y12M
10008,南投縣,25-34歲,女,未詳,0,113Y12M
10008,南投縣,25-34歲,女,碩士,127,113Y12M
10008,南投縣,25-34歲,女,自修,0,113Y12M
10008,南投縣,25-34歲,女,高中職,774,113Y12M
10008,南投縣,25-34歲,男,不識字,1,113Y12M
10008,南投縣,25-34歲,男,博士,3,113Y12M
10008,南投縣,25-34歲,男,國中初職,152,113Y12M
10008,南投縣,25-34歲,男,大學院校,953,113Y12M
10008,南投縣,25-34歲,男,專科,167,113Y12M
10008,南投縣,25-34歲,男,小學,1,113Y12M
10008,南投縣,25-34歲,男,未詳,0,113Y12M
10008,南投縣,25-34歲,男,碩士,97,113Y12M
10008,南投縣,25-34歲,男,自修,0,113Y12M
10008,南投縣,25-34歲,男,高中職,1216,113Y12M
10008,南投縣,35-44歲,女,不識字,0,113Y12M
10008,南投縣,35-44歲,女,博士,6,113Y12M
10008,南投縣,35-44歲,女,國中初職,293,113Y12M
10008,南投縣,35-44歲,女,大學院校,495,113Y12M
10008,南投縣,35-44歲,女,專科,235,113Y12M
10008,南投縣,35-44歲,女,小學,16,113Y12M
10008,南投縣,35-44歲,女,未詳,0,113Y12M
10008,南投縣,35-44歲,女,碩士,98,113Y12M
10008,南投縣,35-44歲,女,自修,0,113Y12M
10008,南投縣,35-44歲,女,高中職,884,113Y12M
10008,南投縣,35-44歲,男,不識字,0,113Y12M
10008,南投縣,35-44歲,男,博士,6,113Y12M
10008,南投縣,35-44歲,男,國中初職,280,113Y12M
10008,南投縣,35-44歲,男,大學院校,408,113Y12M
10008,南投縣,35-44歲,男,專科,166,113Y12M
10008,南投縣,35-44歲,男,小學,23,113Y12M
10008,南投縣,35-44歲,男,未詳,0,113Y12M
10008,南投縣,35-44歲,男,碩士,96,113Y12M
10008,南投縣,35-44歲,男,自修,0,113Y12M
10008,南投縣,35-44歲,男,高中職,1219,113Y12M
10008,南投縣,45-54歲,女,不識字,0,113Y12M
10008,南投縣,45-54歲,女,博士,5,113Y12M
10008,南投縣,45-54歲,女,國中初職,495,113Y12M
10008,南投縣,45-54歲,女,大學院校,258,113Y12M
10008,南投縣,45-54歲,女,專科,146,113Y12M
10008,南投縣,45-54歲,女,小學,85,113Y12M
10008,南投縣,45-54歲,女,未詳,0,113Y12M
10008,南投縣,45-54歲,女,碩士,99,113Y12M
10008,南投縣,45-54歲,女,自修,0,113Y12M
10008,南投縣,45-54歲,女,高中職,858,113Y12M
10008,南投縣,45-54歲,男,不識字,0,113Y12M
10008,南投縣,45-54歲,男,博士,6,113Y12M
10008,南投縣,45-54歲,男,國中初職,421,113Y12M
10008,南投縣,45-54歲,男,大學院校,130,113Y12M
10008,南投縣,45-54歲,男,專科,179,113Y12M
10008,南投縣,45-54歲,男,小學,66,113Y12M
10008,南投縣,45-54歲,男,未詳,0,113Y12M
10008,南投縣,45-54歲,男,碩士,67,113Y12M
10008,南投縣,45-54歲,男,自修,0,113Y12M
10008,南投縣,45-54歲,男,高中職,1021,113Y12M
10008,南投縣,55-64歲,女,不識字,1,113Y12M
10008,南投縣,55-64歲,女,博士,6,113Y12M
10008,南投縣,55-64歲,女,國中初職,696,113Y12M
10008,南投縣,55-64歲,女,大學院校,90,113Y12M
10008,南投縣,55-64歲,女,專科,73,113Y12M
10008,南投縣,55-64歲,女,小學,330,113Y12M
10008,南投縣,55-64歲,女,未詳,0,113Y12M
10008,南投縣,55-64歲,女,碩士,42,113Y12M
10008,南投縣,55-64歲,女,自修,1,113Y12M
10008,南投縣,55-64歲,女,高中職,634,113Y12M
10008,南投縣,55-64歲,男,不識字,1,113Y12M
10008,南投縣,55-64歲,男,博士,4,113Y12M
10008,南投縣,55-64歲,男,國中初職,558,113Y12M
10008,南投縣,55-64歲,男,大學院校,58,113Y12M
10008,南投縣,55-64歲,男,專科,147,113Y12M
10008,南投縣,55-64歲,男,小學,181,113Y12M
10008,南投縣,55-64歲,男,未詳,0,113Y12M
10008,南投縣,55-64歲,男,碩士,44,113Y12M
10008,南投縣,55-64歲,男,自修,2,113Y12M
10008,南投縣,55-64歲,男,高中職,659,113Y12M
10008,南投縣,65歲以上,女,不識字,7,113Y12M
10008,南投縣,65歲以上,女,博士,0,113Y12M
10008,南投縣,65歲以上,女,國中初職,344,113Y12M
10008,南投縣,65歲以上,女,大學院校,31,113Y12M
10008,南投縣,65歲以上,女,專科,38,113Y12M
10008,南投縣,65歲以上,女,小學,1114,113Y12M
10008,南投縣,65歲以上,女,未詳,0,113Y12M
10008,南投縣,65歲以上,女,碩士,5,113Y12M
10008,南投縣,65歲以上,女,自修,5,113Y12M
10008,南投縣,65歲以上,女,高中職,204,113Y12M
10008,南投縣,65歲以上,男,不識字,3,113Y12M
10008,南投縣,65歲以上,男,博士,2,113Y12M
10008,南投縣,65歲以上,男,國中初職,202,113Y12M
10008,南投縣,65歲以上,男,大學院校,51,113Y12M
10008,南投縣,65歲以上,男,專科,78,113Y12M
10008,南投縣,65歲以上,男,小學,547,113Y12M
10008,南投縣,65歲以上,男,未詳,0,113Y12M
10008,南投縣,65歲以上,男,碩士,17,113Y12M
10008,南投縣,65歲以上,男,自修,1,113Y12M
10008,南投縣,65歲以上,男,高中職,305,113Y12M
10009,雲林縣,15-24歲,女,不識字,0,113Y12M
10009,雲林縣,15-24歲,女,博士,0,113Y12M
10009,雲林縣,15-24歲,女,國中初職,15,113Y12M
10009,雲林縣,15-24歲,女,大學院校,119,113Y12M
10009,雲林縣,15-24歲,女,專科,43,113Y12M
10009,雲林縣,15-24歲,女,小學,0,113Y12M
10009,雲林縣,15-24歲,女,未詳,0,113Y12M
10009,雲林縣,15-24歲,女,碩士,3,113Y12M
10009,雲林縣,15-24歲,女,自修,0,113Y12M
10009,雲林縣,15-24歲,女,高中職,108,113Y12M
10009,雲林縣,15-24歲,男,不識字,0,113Y12M
10009,雲林縣,15-24歲,男,博士,0,113Y12M
10009,雲林縣,15-24歲,男,國中初職,16,113Y12M
10009,雲林縣,15-24歲,男,大學院校,105,113Y12M
10009,雲林縣,15-24歲,男,專科,12,113Y12M
10009,雲林縣,15-24歲,男,小學,1,113Y12M
10009,雲林縣,15-24歲,男,未詳,0,113Y12M
10009,雲林縣,15-24歲,男,碩士,2,113Y12M
10009,雲林縣,15-24歲,男,自修,0,113Y12M
10009,雲林縣,15-24歲,男,高中職,162,113Y12M
10009,雲林縣,25-34歲,女,不識字,0,113Y12M
10009,雲林縣,25-34歲,女,博士,0,113Y12M
10009,雲林縣,25-34歲,女,國中初職,16,113Y12M
10009,雲林縣,25-34歲,女,大學院校,145,113Y12M
10009,雲林縣,25-34歲,女,專科,33,113Y12M
10009,雲林縣,25-34歲,女,小學,0,113Y12M
10009,雲林縣,25-34歲,女,未詳,0,113Y12M
10009,雲林縣,25-34歲,女,碩士,11,113Y12M
10009,雲林縣,25-34歲,女,自修,0,113Y12M
10009,雲林縣,25-34歲,女,高中職,105,113Y12M
10009,雲林縣,25-34歲,男,不識字,0,113Y12M
10009,雲林縣,25-34歲,男,博士,0,113Y12M
10009,雲林縣,25-34歲,男,國中初職,9,113Y12M
10009,雲林縣,25-34歲,男,大學院校,109,113Y12M
10009,雲林縣,25-34歲,男,專科,11,113Y12M
10009,雲林縣,25-34歲,男,小學,0,113Y12M
10009,雲林縣,25-34歲,男,未詳,0,113Y12M
10009,雲林縣,25-34歲,男,碩士,11,113Y12M
10009,雲林縣,25-34歲,男,自修,0,113Y12M
10009,雲林縣,25-34歲,男,高中職,94,113Y12M
10009,雲林縣,35-44歲,女,不識字,0,113Y12M
10009,雲林縣,35-44歲,女,博士,0,113Y12M
10009,雲林縣,35-44歲,女,國中初職,34,113Y12M
10009,雲林縣,35-44歲,女,大學院校,68,113Y12M
10009,雲林縣,35-44歲,女,專科,44,113Y12M
10009,雲林縣,35-44歲,女,小學,6,113Y12M
10009,雲林縣,35-44歲,女,未詳,0,113Y12M
10009,雲林縣,35-44歲,女,碩士,3,113Y12M
10009,雲林縣,35-44歲,女,自修,0,113Y12M
10009,雲林縣,35-44歲,女,高中職,134,113Y12M
10009,雲林縣,35-44歲,男,不識字,0,113Y12M
10009,雲林縣,35-44歲,男,博士,0,113Y12M
10009,雲林縣,35-44歲,男,國中初職,20,113Y12M
10009,雲林縣,35-44歲,男,大學院校,39,113Y12M
10009,雲林縣,35-44歲,男,專科,23,113Y12M
10009,雲林縣,35-44歲,男,小學,2,113Y12M
10009,雲林縣,35-44歲,男,未詳,0,113Y12M
10009,雲林縣,35-44歲,男,碩士,8,113Y12M
10009,雲林縣,35-44歲,男,自修,0,113Y12M
10009,雲林縣,35-44歲,男,高中職,88,113Y12M
10009,雲林縣,45-54歲,女,不識字,0,113Y12M
10009,雲林縣,45-54歲,女,博士,0,113Y12M
10009,雲林縣,45-54歲,女,國中初職,89,113Y12M
10009,雲林縣,45-54歲,女,大學院校,23,113Y12M
10009,雲林縣,45-54歲,女,專科,29,113Y12M
10009,雲林縣,45-54歲,女,小學,9,113Y12M
10009,雲林縣,45-54歲,女,未詳,0,113Y12M
10009,雲林縣,45-54歲,女,碩士,3,113Y12M
10009,雲林縣,45-54歲,女,自修,0,113Y12M
10009,雲林縣,45-54歲,女,高中職,116,113Y12M
10009,雲林縣,45-54歲,男,不識字,0,113Y12M
10009,雲林縣,45-54歲,男,博士,0,113Y12M
10009,雲林縣,45-54歲,男,國中初職,26,113Y12M
10009,雲林縣,45-54歲,男,大學院校,7,113Y12M
10009,雲林縣,45-54歲,男,專科,12,113Y12M
10009,雲林縣,45-54歲,男,小學,5,113Y12M
10009,雲林縣,45-54歲,男,未詳,0,113Y12M
10009,雲林縣,45-54歲,男,碩士,4,113Y12M
10009,雲林縣,45-54歲,男,自修,0,113Y12M
10009,雲林縣,45-54歲,男,高中職,76,113Y12M
10009,雲林縣,55-64歲,女,不識字,0,113Y12M
10009,雲林縣,55-64歲,女,博士,0,113Y12M
10009,雲林縣,55-64歲,女,國中初職,93,113Y12M
10009,雲林縣,55-64歲,女,大學院校,10,113Y12M
10009,雲林縣,55-64歲,女,專科,7,113Y12M
10009,雲林縣,55-64歲,女,小學,39,113Y12M
10009,雲林縣,55-64歲,女,未詳,0,113Y12M
10009,雲林縣,55-64歲,女,碩士,3,113Y12M
10009,雲林縣,55-64歲,女,自修,0,113Y12M
10009,雲林縣,55-64歲,女,高中職,58,113Y12M
10009,雲林縣,55-64歲,男,不識字,0,113Y12M
10009,雲林縣,55-64歲,男,博士,0,113Y12M
10009,雲林縣,55-64歲,男,國中初職,27,113Y12M
10009,雲林縣,55-64歲,男,大學院校,3,113Y12M
10009,雲林縣,55-64歲,男,專科,8,113Y12M
10009,雲林縣,55-64歲,男,小學,10,113Y12M
10009,雲林縣,55-64歲,男,未詳,0,113Y12M
10009,雲林縣,55-64歲,男,碩士,2,113Y12M
10009,雲林縣,55-64歲,男,自修,0,113Y12M
10009,雲林縣,55-64歲,男,高中職,23,113Y12M
10009,雲林縣,65歲以上,女,不識字,3,113Y12M
10009,雲林縣,65歲以上,女,博士,0,113Y12M
10009,雲林縣,65歲以上,女,國中初職,24,113Y12M
10009,雲林縣,65歲以上,女,大學院校,2,113Y12M
10009,雲林縣,65歲以上,女,專科,0,113Y12M
10009,雲林縣,65歲以上,女,小學,62,113Y12M
10009,雲林縣,65歲以上,女,未詳,0,113Y12M
10009,雲林縣,65歲以上,女,碩士,0,113Y12M
10009,雲林縣,65歲以上,女,自修,1,113Y12M
10009,雲林縣,65歲以上,女,高中職,14,113Y12M
10009,雲林縣,65歲以上,男,不識字,0,113Y12M
10009,雲林縣,65歲以上,男,博士,0,113Y12M
10009,雲林縣,65歲以上,男,國中初職,5,113Y12M
10009,雲林縣,65歲以上,男,大學院校,2,113Y12M
10009,雲林縣,65歲以上,男,專科,0,113Y12M
10009,雲林縣,65歲以上,男,小學,13,113Y12M
10009,雲林縣,65歲以上,男,未詳,0,113Y12M
10009,雲林縣,65歲以上,男,碩士,0,113Y12M
10009,雲林縣,65歲以上,男,自修,0,113Y12M
10009,雲林縣,65歲以上,男,高中職,3,113Y12M
10010,嘉義縣,15-24歲,女,不識字,0,113Y12M
10010,嘉義縣,15-24歲,女,博士,0,113Y12M
10010,嘉義縣,15-24歲,女,國中初職,14,113Y12M
10010,嘉義縣,15-24歲,女,大學院校,134,113Y12M
10010,嘉義縣,15-24歲,女,專科,38,113Y12M
10010,嘉義縣,15-24歲,女,小學,4,113Y12M
10010,嘉義縣,15-24歲,女,未詳,0,113Y12M
10010,嘉義縣,15-24歲,女,碩士,2,113Y12M
10010,嘉義縣,15-24歲,女,自修,0,113Y12M
10010,嘉義縣,15-24歲,女,高中職,177,113Y12M
10010,嘉義縣,15-24歲,男,不識字,0,113Y12M
10010,嘉義縣,15-24歲,男,博士,0,113Y12M
10010,嘉義縣,15-24歲,男,國中初職,19,113Y12M
10010,嘉義縣,15-24歲,男,大學院校,126,113Y12M
10010,嘉義縣,15-24歲,男,專科,26,113Y12M
10010,嘉義縣,15-24歲,男,小學,8,113Y12M
10010,嘉義縣,15-24歲,男,未詳,0,113Y12M
10010,嘉義縣,15-24歲,男,碩士,2,113Y12M
10010,嘉義縣,15-24歲,男,自修,0,113Y12M
10010,嘉義縣,15-24歲,男,高中職,289,113Y12M
10010,嘉義縣,25-34歲,女,不識字,0,113Y12M
10010,嘉義縣,25-34歲,女,博士,0,113Y12M
10010,嘉義縣,25-34歲,女,國中初職,17,113Y12M
10010,嘉義縣,25-34歲,女,大學院校,297,113Y12M
10010,嘉義縣,25-34歲,女,專科,45,113Y12M
10010,嘉義縣,25-34歲,女,小學,0,113Y12M
10010,嘉義縣,25-34歲,女,未詳,0,113Y12M
10010,嘉義縣,25-34歲,女,碩士,28,113Y12M
10010,嘉義縣,25-34歲,女,自修,0,113Y12M
10010,嘉義縣,25-34歲,女,高中職,164,113Y12M
10010,嘉義縣,25-34歲,男,不識字,0,113Y12M
10010,嘉義縣,25-34歲,男,博士,0,113Y12M
10010,嘉義縣,25-34歲,男,國中初職,37,113Y12M
10010,嘉義縣,25-34歲,男,大學院校,212,113Y12M
10010,嘉義縣,25-34歲,男,專科,27,113Y12M
10010,嘉義縣,25-34歲,男,小學,0,113Y12M
10010,嘉義縣,25-34歲,男,未詳,0,113Y12M
10010,嘉義縣,25-34歲,男,碩士,24,113Y12M
10010,嘉義縣,25-34歲,男,自修,0,113Y12M
10010,嘉義縣,25-34歲,男,高中職,242,113Y12M
10010,嘉義縣,35-44歲,女,不識字,0,113Y12M
10010,嘉義縣,35-44歲,女,博士,0,113Y12M
10010,嘉義縣,35-44歲,女,國中初職,67,113Y12M
10010,嘉義縣,35-44歲,女,大學院校,130,113Y12M
10010,嘉義縣,35-44歲,女,專科,55,113Y12M
10010,嘉義縣,35-44歲,女,小學,7,113Y12M
10010,嘉義縣,35-44歲,女,未詳,0,113Y12M
10010,嘉義縣,35-44歲,女,碩士,18,113Y12M
10010,嘉義縣,35-44歲,女,自修,0,113Y12M
10010,嘉義縣,35-44歲,女,高中職,187,113Y12M
10010,嘉義縣,35-44歲,男,不識字,1,113Y12M
10010,嘉義縣,35-44歲,男,博士,4,113Y12M
10010,嘉義縣,35-44歲,男,國中初職,66,113Y12M
10010,嘉義縣,35-44歲,男,大學院校,102,113Y12M
10010,嘉義縣,35-44歲,男,專科,24,113Y12M
10010,嘉義縣,35-44歲,男,小學,8,113Y12M
10010,嘉義縣,35-44歲,男,未詳,0,113Y12M
10010,嘉義縣,35-44歲,男,碩士,10,113Y12M
10010,嘉義縣,35-44歲,男,自修,0,113Y12M
10010,嘉義縣,35-44歲,男,高中職,174,113Y12M
10010,嘉義縣,45-54歲,女,不識字,0,113Y12M
10010,嘉義縣,45-54歲,女,博士,0,113Y12M
10010,嘉義縣,45-54歲,女,國中初職,131,113Y12M
10010,嘉義縣,45-54歲,女,大學院校,68,113Y12M
10010,嘉義縣,45-54歲,女,專科,53,113Y12M
10010,嘉義縣,45-54歲,女,小學,31,113Y12M
10010,嘉義縣,45-54歲,女,未詳,0,113Y12M
10010,嘉義縣,45-54歲,女,碩士,12,113Y12M
10010,嘉義縣,45-54歲,女,自修,0,113Y12M
10010,嘉義縣,45-54歲,女,高中職,153,113Y12M
10010,嘉義縣,45-54歲,男,不識字,0,113Y12M
10010,嘉義縣,45-54歲,男,博士,0,113Y12M
10010,嘉義縣,45-54歲,男,國中初職,119,113Y12M
10010,嘉義縣,45-54歲,男,大學院校,28,113Y12M
10010,嘉義縣,45-54歲,男,專科,33,113Y12M
10010,嘉義縣,45-54歲,男,小學,16,113Y12M
10010,嘉義縣,45-54歲,男,未詳,0,113Y12M
10010,嘉義縣,45-54歲,男,碩士,5,113Y12M
10010,嘉義縣,45-54歲,男,自修,0,113Y12M
10010,嘉義縣,45-54歲,男,高中職,151,113Y12M
10010,嘉義縣,55-64歲,女,不識字,0,113Y12M
10010,嘉義縣,55-64歲,女,博士,0,113Y12M
10010,嘉義縣,55-64歲,女,國中初職,171,113Y12M
10010,嘉義縣,55-64歲,女,大學院校,27,113Y12M
10010,嘉義縣,55-64歲,女,專科,28,113Y12M
10010,嘉義縣,55-64歲,女,小學,87,113Y12M
10010,嘉義縣,55-64歲,女,未詳,0,113Y12M
10010,嘉義縣,55-64歲,女,碩士,13,113Y12M
10010,嘉義縣,55-64歲,女,自修,0,113Y12M
10010,嘉義縣,55-64歲,女,高中職,147,113Y12M
10010,嘉義縣,55-64歲,男,不識字,0,113Y12M
10010,嘉義縣,55-64歲,男,博士,3,113Y12M
10010,嘉義縣,55-64歲,男,國中初職,105,113Y12M
10010,嘉義縣,55-64歲,男,大學院校,16,113Y12M
10010,嘉義縣,55-64歲,男,專科,36,113Y12M
10010,嘉義縣,55-64歲,男,小學,40,113Y12M
10010,嘉義縣,55-64歲,男,未詳,0,113Y12M
10010,嘉義縣,55-64歲,男,碩士,3,113Y12M
10010,嘉義縣,55-64歲,男,自修,0,113Y12M
10010,嘉義縣,55-64歲,男,高中職,140,113Y12M
10010,嘉義縣,65歲以上,女,不識字,2,113Y12M
10010,嘉義縣,65歲以上,女,博士,0,113Y12M
10010,嘉義縣,65歲以上,女,國中初職,96,113Y12M
10010,嘉義縣,65歲以上,女,大學院校,8,113Y12M
10010,嘉義縣,65歲以上,女,專科,17,113Y12M
10010,嘉義縣,65歲以上,女,小學,251,113Y12M
10010,嘉義縣,65歲以上,女,未詳,0,113Y12M
10010,嘉義縣,65歲以上,女,碩士,3,113Y12M
10010,嘉義縣,65歲以上,女,自修,3,113Y12M
10010,嘉義縣,65歲以上,女,高中職,77,113Y12M
10010,嘉義縣,65歲以上,男,不識字,0,113Y12M
10010,嘉義縣,65歲以上,男,博士,2,113Y12M
10010,嘉義縣,65歲以上,男,國中初職,59,113Y12M
10010,嘉義縣,65歲以上,男,大學院校,16,113Y12M
10010,嘉義縣,65歲以上,男,專科,18,113Y12M
10010,嘉義縣,65歲以上,男,小學,83,113Y12M
10010,嘉義縣,65歲以上,男,未詳,0,113Y12M
10010,嘉義縣,65歲以上,男,碩士,3,113Y12M
10010,嘉義縣,65歲以上,男,自修,0,113Y12M
10010,嘉義縣,65歲以上,男,高中職,92,113Y12M
10013,屏東縣,15-24歲,女,不識字,0,113Y12M
10013,屏東縣,15-24歲,女,博士,0,113Y12M
10013,屏東縣,15-24歲,女,國中初職,90,113Y12M
10013,屏東縣,15-24歲,女,大學院校,1391,113Y12M
10013,屏東縣,15-24歲,女,專科,788,113Y12M
10013,屏東縣,15-24歲,女,小學,24,113Y12M
10013,屏東縣,15-24歲,女,未詳,0,113Y12M
10013,屏東縣,15-24歲,女,碩士,26,113Y12M
10013,屏東縣,15-24歲,女,自修,0,113Y12M
10013,屏東縣,15-24歲,女,高中職,1463,113Y12M
10013,屏東縣,15-24歲,男,不識字,0,113Y12M
10013,屏東縣,15-24歲,男,博士,0,113Y12M
10013,屏東縣,15-24歲,男,國中初職,122,113Y12M
10013,屏東縣,15-24歲,男,大學院校,1128,113Y12M
10013,屏東縣,15-24歲,男,專科,273,113Y12M
10013,屏東縣,15-24歲,男,小學,19,113Y12M
10013,屏東縣,15-24歲,男,未詳,0,113Y12M
10013,屏東縣,15-24歲,男,碩士,20,113Y12M
10013,屏東縣,15-24歲,男,自修,0,113Y12M
10013,屏東縣,15-24歲,男,高中職,2484,113Y12M
10013,屏東縣,25-34歲,女,不識字,0,113Y12M
10013,屏東縣,25-34歲,女,博士,2,113Y12M
10013,屏東縣,25-34歲,女,國中初職,110,113Y12M
10013,屏東縣,25-34歲,女,大學院校,2332,113Y12M
10013,屏東縣,25-34歲,女,專科,627,113Y12M
10013,屏東縣,25-34歲,女,小學,10,113Y12M
10013,屏東縣,25-34歲,女,未詳,0,113Y12M
10013,屏東縣,25-34歲,女,碩士,217,113Y12M
10013,屏東縣,25-34歲,女,自修,0,113Y12M
10013,屏東縣,25-34歲,女,高中職,1321,113Y12M
10013,屏東縣,25-34歲,男,不識字,1,113Y12M
10013,屏東縣,25-34歲,男,博士,3,113Y12M
10013,屏東縣,25-34歲,男,國中初職,158,113Y12M
10013,屏東縣,25-34歲,男,大學院校,1763,113Y12M
10013,屏東縣,25-34歲,男,專科,468,113Y12M
10013,屏東縣,25-34歲,男,小學,11,113Y12M
10013,屏東縣,25-34歲,男,未詳,0,113Y12M
10013,屏東縣,25-34歲,男,碩士,148,113Y12M
10013,屏東縣,25-34歲,男,自修,0,113Y12M
10013,屏東縣,25-34歲,男,高中職,2386,113Y12M
10013,屏東縣,35-44歲,女,不識字,0,113Y12M
10013,屏東縣,35-44歲,女,博士,7,113Y12M
10013,屏東縣,35-44歲,女,國中初職,449,113Y12M
10013,屏東縣,35-44歲,女,大學院校,1399,113Y12M
10013,屏東縣,35-44歲,女,專科,634,113Y12M
10013,屏東縣,35-44歲,女,小學,23,113Y12M
10013,屏東縣,35-44歲,女,未詳,0,113Y12M
10013,屏東縣,35-44歲,女,碩士,285,113Y12M
10013,屏東縣,35-44歲,女,自修,0,113Y12M
10013,屏東縣,35-44歲,女,高中職,1586,113Y12M
10013,屏東縣,35-44歲,男,不識字,5,113Y12M
10013,屏東縣,35-44歲,男,博士,16,113Y12M
10013,屏東縣,35-44歲,男,國中初職,620,113Y12M
10013,屏東縣,35-44歲,男,大學院校,948,113Y12M
10013,屏東縣,35-44歲,男,專科,376,113Y12M
10013,屏東縣,35-44歲,男,小學,42,113Y12M
10013,屏東縣,35-44歲,男,未詳,0,113Y12M
10013,屏東縣,35-44歲,男,碩士,147,113Y12M
10013,屏東縣,35-44歲,男,自修,0,113Y12M
10013,屏東縣,35-44歲,男,高中職,2485,113Y12M
10013,屏東縣,45-54歲,女,不識字,6,113Y12M
10013,屏東縣,45-54歲,女,博士,10,113Y12M
10013,屏東縣,45-54歲,女,國中初職,965,113Y12M
10013,屏東縣,45-54歲,女,大學院校,752,113Y12M
10013,屏東縣,45-54歲,女,專科,497,113Y12M
10013,屏東縣,45-54歲,女,小學,210,113Y12M
10013,屏東縣,45-54歲,女,未詳,0,113Y12M
10013,屏東縣,45-54歲,女,碩士,240,113Y12M
10013,屏東縣,45-54歲,女,自修,0,113Y12M
10013,屏東縣,45-54歲,女,高中職,1737,113Y12M
10013,屏東縣,45-54歲,男,不識字,6,113Y12M
10013,屏東縣,45-54歲,男,博士,17,113Y12M
10013,屏東縣,45-54歲,男,國中初職,1171,113Y12M
10013,屏東縣,45-54歲,男,大學院校,362,113Y12M
10013,屏東縣,45-54歲,男,專科,495,113Y12M
10013,屏東縣,45-54歲,男,小學,178,113Y12M
10013,屏東縣,45-54歲,男,未詳,0,113Y12M
10013,屏東縣,45-54歲,男,碩士,167,113Y12M
10013,屏東縣,45-54歲,男,自修,0,113Y12M
10013,屏東縣,45-54歲,男,高中職,1948,113Y12M
10013,屏東縣,55-64歲,女,不識字,18,113Y12M
10013,屏東縣,55-64歲,女,博士,9,113Y12M
10013,屏東縣,55-64歲,女,國中初職,1525,113Y12M
10013,屏東縣,55-64歲,女,大學院校,323,113Y12M
10013,屏東縣,55-64歲,女,專科,234,113Y12M
10013,屏東縣,55-64歲,女,小學,1344,113Y12M
10013,屏東縣,55-64歲,女,未詳,0,113Y12M
10013,屏東縣,55-64歲,女,碩士,126,113Y12M
10013,屏東縣,55-64歲,女,自修,4,113Y12M
10013,屏東縣,55-64歲,女,高中職,1137,113Y12M
10013,屏東縣,55-64歲,男,不識字,9,113Y12M
10013,屏東縣,55-64歲,男,博士,15,113Y12M
10013,屏東縣,55-64歲,男,國中初職,1364,113Y12M
10013,屏東縣,55-64歲,男,大學院校,176,113Y12M
10013,屏東縣,55-64歲,男,專科,284,113Y12M
10013,屏東縣,55-64歲,男,小學,821,113Y12M
10013,屏東縣,55-64歲,男,未詳,0,113Y12M
10013,屏東縣,55-64歲,男,碩士,82,113Y12M
10013,屏東縣,55-64歲,男,自修,1,113Y12M
10013,屏東縣,55-64歲,男,高中職,1255,113Y12M
10013,屏東縣,65歲以上,女,不識字,55,113Y12M
10013,屏東縣,65歲以上,女,博士,0,113Y12M
10013,屏東縣,65歲以上,女,國中初職,620,113Y12M
10013,屏東縣,65歲以上,女,大學院校,79,113Y12M
10013,屏東縣,65歲以上,女,專科,85,113Y12M
10013,屏東縣,65歲以上,女,小學,3525,113Y12M
10013,屏東縣,65歲以上,女,未詳,0,113Y12M
10013,屏東縣,65歲以上,女,碩士,10,113Y12M
10013,屏東縣,65歲以上,女,自修,40,113Y12M
10013,屏東縣,65歲以上,女,高中職,472,113Y12M
10013,屏東縣,65歲以上,男,不識字,11,113Y12M
10013,屏東縣,65歲以上,男,博士,8,113Y12M
10013,屏東縣,65歲以上,男,國中初職,470,113Y12M
10013,屏東縣,65歲以上,男,大學院校,118,113Y12M
10013,屏東縣,65歲以上,男,專科,191,113Y12M
10013,屏東縣,65歲以上,男,小學,1836,113Y12M
10013,屏東縣,65歲以上,男,未詳,0,113Y12M
10013,屏東縣,65歲以上,男,碩士,43,113Y12M
10013,屏東縣,65歲以上,男,自修,9,113Y12M
10013,屏東縣,65歲以上,男,高中職,655,113Y12M
10014,臺東縣,15-24歲,女,不識字,1,113Y12M
10014,臺東縣,15-24歲,女,博士,1,113Y12M
10014,臺東縣,15-24歲,女,國中初職,171,113Y12M
10014,臺東縣,15-24歲,女,大學院校,1524,113Y12M
10014,臺東縣,15-24歲,女,專科,1009,113Y12M
10014,臺東縣,15-24歲,女,小學,4,113Y12M
10014,臺東縣,15-24歲,女,未詳,0,113Y12M
10014,臺東縣,15-24歲,女,碩士,30,113Y12M
10014,臺東縣,15-24歲,女,自修,0,113Y12M
10014,臺東縣,15-24歲,女,高中職,1804,113Y12M
10014,臺東縣,15-24歲,男,不識字,0,113Y12M
10014,臺東縣,15-24歲,男,博士,0,113Y12M
10014,臺東縣,15-24歲,男,國中初職,185,113Y12M
10014,臺東縣,15-24歲,男,大學院校,1441,113Y12M
10014,臺東縣,15-24歲,男,專科,359,113Y12M
10014,臺東縣,15-24歲,男,小學,2,113Y12M
10014,臺東縣,15-24歲,男,未詳,0,113Y12M
10014,臺東縣,15-24歲,男,碩士,24,113Y12M
10014,臺東縣,15-24歲,男,自修,0,113Y12M
10014,臺東縣,15-24歲,男,高中職,2901,113Y12M
10014,臺東縣,25-34歲,女,不識字,0,113Y12M
10014,臺東縣,25-34歲,女,博士,4,113Y12M
10014,臺東縣,25-34歲,女,國中初職,153,113Y12M
10014,臺東縣,25-34歲,女,大學院校,2718,113Y12M
10014,臺東縣,25-34歲,女,專科,815,113Y12M
10014,臺東縣,25-34歲,女,小學,0,113Y12M
10014,臺東縣,25-34歲,女,未詳,0,113Y12M
10014,臺東縣,25-34歲,女,碩士,216,113Y12M
10014,臺東縣,25-34歲,女,自修,0,113Y12M
10014,臺東縣,25-34歲,女,高中職,1584,113Y12M
10014,臺東縣,25-34歲,男,不識字,1,113Y12M
10014,臺東縣,25-34歲,男,博士,7,113Y12M
10014,臺東縣,25-34歲,男,國中初職,222,113Y12M
10014,臺東縣,25-34歲,男,大學院校,2219,113Y12M
10014,臺東縣,25-34歲,男,專科,468,113Y12M
10014,臺東縣,25-34歲,男,小學,3,113Y12M
10014,臺東縣,25-34歲,男,未詳,0,113Y12M
10014,臺東縣,25-34歲,男,碩士,188,113Y12M
10014,臺東縣,25-34歲,男,自修,0,113Y12M
10014,臺東縣,25-34歲,男,高中職,3041,113Y12M
10014,臺東縣,35-44歲,女,不識字,3,113Y12M
10014,臺東縣,35-44歲,女,博士,6,113Y12M
10014,臺東縣,35-44歲,女,國中初職,606,113Y12M
10014,臺東縣,35-44歲,女,大學院校,1301,113Y12M
10014,臺東縣,35-44歲,女,專科,720,113Y12M
10014,臺東縣,35-44歲,女,小學,70,113Y12M
10014,臺東縣,35-44歲,女,未詳,0,113Y12M
10014,臺東縣,35-44歲,女,碩士,208,113Y12M
10014,臺東縣,35-44歲,女,自修,0,113Y12M
10014,臺東縣,35-44歲,女,高中職,1889,113Y12M
10014,臺東縣,35-44歲,男,不識字,4,113Y12M
10014,臺東縣,35-44歲,男,博士,11,113Y12M
10014,臺東縣,35-44歲,男,國中初職,856,113Y12M
10014,臺東縣,35-44歲,男,大學院校,1093,113Y12M
10014,臺東縣,35-44歲,男,專科,481,113Y12M
10014,臺東縣,35-44歲,男,小學,124,113Y12M
10014,臺東縣,35-44歲,男,未詳,0,113Y12M
10014,臺東縣,35-44歲,男,碩士,207,113Y12M
10014,臺東縣,35-44歲,男,自修,0,113Y12M
10014,臺東縣,35-44歲,男,高中職,2947,113Y12M
10014,臺東縣,45-54歲,女,不識字,12,113Y12M
10014,臺東縣,45-54歲,女,博士,9,113Y12M
10014,臺東縣,45-54歲,女,國中初職,1401,113Y12M
10014,臺東縣,45-54歲,女,大學院校,750,113Y12M
10014,臺東縣,45-54歲,女,專科,614,113Y12M
10014,臺東縣,45-54歲,女,小學,300,113Y12M
10014,臺東縣,45-54歲,女,未詳,0,113Y12M
10014,臺東縣,45-54歲,女,碩士,220,113Y12M
10014,臺東縣,45-54歲,女,自修,1,113Y12M
10014,臺東縣,45-54歲,女,高中職,2015,113Y12M
10014,臺東縣,45-54歲,男,不識字,5,113Y12M
10014,臺東縣,45-54歲,男,博士,17,113Y12M
10014,臺東縣,45-54歲,男,國中初職,2046,113Y12M
10014,臺東縣,45-54歲,男,大學院校,405,113Y12M
10014,臺東縣,45-54歲,男,專科,512,113Y12M
10014,臺東縣,45-54歲,男,小學,302,113Y12M
10014,臺東縣,45-54歲,男,未詳,0,113Y12M
10014,臺東縣,45-54歲,男,碩士,199,113Y12M
10014,臺東縣,45-54歲,男,自修,0,113Y12M
10014,臺東縣,45-54歲,男,高中職,2599,113Y12M
10014,臺東縣,55-64歲,女,不識字,26,113Y12M
10014,臺東縣,55-64歲,女,博士,7,113Y12M
10014,臺東縣,55-64歲,女,國中初職,2130,113Y12M
10014,臺東縣,55-64歲,女,大學院校,346,113Y12M
10014,臺東縣,55-64歲,女,專科,275,113Y12M
10014,臺東縣,55-64歲,女,小學,1485,113Y12M
10014,臺東縣,55-64歲,女,未詳,0,113Y12M
10014,臺東縣,55-64歲,女,碩士,74,113Y12M
10014,臺東縣,55-64歲,女,自修,4,113Y12M
10014,臺東縣,55-64歲,女,高中職,1372,113Y12M
10014,臺東縣,55-64歲,男,不識字,14,113Y12M
10014,臺東縣,55-64歲,男,博士,11,113Y12M
10014,臺東縣,55-64歲,男,國中初職,2475,113Y12M
10014,臺東縣,55-64歲,男,大學院校,206,113Y12M
10014,臺東縣,55-64歲,男,專科,320,113Y12M
10014,臺東縣,55-64歲,男,小學,966,113Y12M
10014,臺東縣,55-64歲,男,未詳,0,113Y12M
10014,臺東縣,55-64歲,男,碩士,91,113Y12M
10014,臺東縣,55-64歲,男,自修,0,113Y12M
10014,臺東縣,55-64歲,男,高中職,1905,113Y12M
10014,臺東縣,65歲以上,女,不識字,221,113Y12M
10014,臺東縣,65歲以上,女,博士,0,113Y12M
10014,臺東縣,65歲以上,女,國中初職,843,113Y12M
10014,臺東縣,65歲以上,女,大學院校,115,113Y12M
10014,臺東縣,65歲以上,女,專科,97,113Y12M
10014,臺東縣,65歲以上,女,小學,5519,113Y12M
10014,臺東縣,65歲以上,女,未詳,0,113Y12M
10014,臺東縣,65歲以上,女,碩士,12,113Y12M
10014,臺東縣,65歲以上,女,自修,31,113Y12M
10014,臺東縣,65歲以上,女,高中職,551,113Y12M
10014,臺東縣,65歲以上,男,不識字,30,113Y12M
10014,臺東縣,65歲以上,男,博士,4,113Y12M
10014,臺東縣,65歲以上,男,國中初職,969,113Y12M
10014,臺東縣,65歲以上,男,大學院校,199,113Y12M
10014,臺東縣,65歲以上,男,專科,204,113Y12M
10014,臺東縣,65歲以上,男,小學,2964,113Y12M
10014,臺東縣,65歲以上,男,未詳,0,113Y12M
10014,臺東縣,65歲以上,男,碩士,30,113Y12M
10014,臺東縣,65歲以上,男,自修,7,113Y12M
10014,臺東縣,65歲以上,男,高中職,967,113Y12M
10015,花蓮縣,15-24歲,女,不識字,0,113Y12M
10015,花蓮縣,15-24歲,女,博士,1,113Y12M
10015,花蓮縣,15-24歲,女,國中初職,170,113Y12M
10015,花蓮縣,15-24歲,女,大學院校,2015,113Y12M
10015,花蓮縣,15-24歲,女,專科,988,113Y12M
10015,花蓮縣,15-24歲,女,小學,60,113Y12M
10015,花蓮縣,15-24歲,女,未詳,0,113Y12M
10015,花蓮縣,15-24歲,女,碩士,39,113Y12M
10015,花蓮縣,15-24歲,女,自修,0,113Y12M
10015,花蓮縣,15-24歲,女,高中職,2537,113Y12M
10015,花蓮縣,15-24歲,男,不識字,0,113Y12M
10015,花蓮縣,15-24歲,男,博士,0,113Y12M
10015,花蓮縣,15-24歲,男,國中初職,177,113Y12M
10015,花蓮縣,15-24歲,男,大學院校,1984,113Y12M
10015,花蓮縣,15-24歲,男,專科,294,113Y12M
10015,花蓮縣,15-24歲,男,小學,45,113Y12M
10015,花蓮縣,15-24歲,男,未詳,0,113Y12M
10015,花蓮縣,15-24歲,男,碩士,44,113Y12M
10015,花蓮縣,15-24歲,男,自修,0,113Y12M
10015,花蓮縣,15-24歲,男,高中職,3658,113Y12M
10015,花蓮縣,25-34歲,女,不識字,1,113Y12M
10015,花蓮縣,25-34歲,女,博士,7,113Y12M
10015,花蓮縣,25-34歲,女,國中初職,174,113Y12M
10015,花蓮縣,25-34歲,女,大學院校,3594,113Y12M
10015,花蓮縣,25-34歲,女,專科,863,113Y12M
10015,花蓮縣,25-34歲,女,小學,2,113Y12M
10015,花蓮縣,25-34歲,女,未詳,0,113Y12M
10015,花蓮縣,25-34歲,女,碩士,251,113Y12M
10015,花蓮縣,25-34歲,女,自修,0,113Y12M
10015,花蓮縣,25-34歲,女,高中職,2345,113Y12M
10015,花蓮縣,25-34歲,男,不識字,2,113Y12M
10015,花蓮縣,25-34歲,男,博士,3,113Y12M
10015,花蓮縣,25-34歲,男,國中初職,245,113Y12M
10015,花蓮縣,25-34歲,男,大學院校,3148,113Y12M
10015,花蓮縣,25-34歲,男,專科,493,113Y12M
10015,花蓮縣,25-34歲,男,小學,3,113Y12M
10015,花蓮縣,25-34歲,男,未詳,0,113Y12M
10015,花蓮縣,25-34歲,男,碩士,242,113Y12M
10015,花蓮縣,25-34歲,男,自修,5,113Y12M
10015,花蓮縣,25-34歲,男,高中職,3626,113Y12M
10015,花蓮縣,35-44歲,女,不識字,2,113Y12M
10015,花蓮縣,35-44歲,女,博士,7,113Y12M
10015,花蓮縣,35-44歲,女,國中初職,703,113Y12M
10015,花蓮縣,35-44歲,女,大學院校,1641,113Y12M
10015,花蓮縣,35-44歲,女,專科,840,113Y12M
10015,花蓮縣,35-44歲,女,小學,65,113Y12M
10015,花蓮縣,35-44歲,女,未詳,0,113Y12M
10015,花蓮縣,35-44歲,女,碩士,247,113Y12M
10015,花蓮縣,35-44歲,女,自修,0,113Y12M
10015,花蓮縣,35-44歲,女,高中職,2327,113Y12M
10015,花蓮縣,35-44歲,男,不識字,0,113Y12M
10015,花蓮縣,35-44歲,男,博士,14,113Y12M
10015,花蓮縣,35-44歲,男,國中初職,814,113Y12M
10015,花蓮縣,35-44歲,男,大學院校,1581,113Y12M
10015,花蓮縣,35-44歲,男,專科,609,113Y12M
10015,花蓮縣,35-44歲,男,小學,65,113Y12M
10015,花蓮縣,35-44歲,男,未詳,0,113Y12M
10015,花蓮縣,35-44歲,男,碩士,233,113Y12M
10015,花蓮縣,35-44歲,男,自修,0,113Y12M
10015,花蓮縣,35-44歲,男,高中職,3335,113Y12M
10015,花蓮縣,45-54歲,女,不識字,1,113Y12M
10015,花蓮縣,45-54歲,女,博士,18,113Y12M
10015,花蓮縣,45-54歲,女,國中初職,1533,113Y12M
10015,花蓮縣,45-54歲,女,大學院校,828,113Y12M
10015,花蓮縣,45-54歲,女,專科,920,113Y12M
10015,花蓮縣,45-54歲,女,小學,290,113Y12M
10015,花蓮縣,45-54歲,女,未詳,0,113Y12M
10015,花蓮縣,45-54歲,女,碩士,272,113Y12M
10015,花蓮縣,45-54歲,女,自修,1,113Y12M
10015,花蓮縣,45-54歲,女,高中職,2644,113Y12M
10015,花蓮縣,45-54歲,男,不識字,3,113Y12M
10015,花蓮縣,45-54歲,男,博士,27,113Y12M
10015,花蓮縣,45-54歲,男,國中初職,1779,113Y12M
10015,花蓮縣,45-54歲,男,大學院校,602,113Y12M
10015,花蓮縣,45-54歲,男,專科,831,113Y12M
10015,花蓮縣,45-54歲,男,小學,221,113Y12M
10015,花蓮縣,45-54歲,男,未詳,0,113Y12M
10015,花蓮縣,45-54歲,男,碩士,217,113Y12M
10015,花蓮縣,45-54歲,男,自修,0,113Y12M
10015,花蓮縣,45-54歲,男,高中職,3087,113Y12M
10015,花蓮縣,55-64歲,女,不識字,17,113Y12M
10015,花蓮縣,55-64歲,女,博士,10,113Y12M
10015,花蓮縣,55-64歲,女,國中初職,2216,113Y12M
10015,花蓮縣,55-64歲,女,大學院校,404,113Y12M
10015,花蓮縣,55-64歲,女,專科,446,113Y12M
10015,花蓮縣,55-64歲,女,小學,1143,113Y12M
10015,花蓮縣,55-64歲,女,未詳,0,113Y12M
10015,花蓮縣,55-64歲,女,碩士,95,113Y12M
10015,花蓮縣,55-64歲,女,自修,2,113Y12M
10015,花蓮縣,55-64歲,女,高中職,2034,113Y12M
10015,花蓮縣,55-64歲,男,不識字,5,113Y12M
10015,花蓮縣,55-64歲,男,博士,8,113Y12M
10015,花蓮縣,55-64歲,男,國中初職,2239,113Y12M
10015,花蓮縣,55-64歲,男,大學院校,290,113Y12M
10015,花蓮縣,55-64歲,男,專科,566,113Y12M
10015,花蓮縣,55-64歲,男,小學,666,113Y12M
10015,花蓮縣,55-64歲,男,未詳,0,113Y12M
10015,花蓮縣,55-64歲,男,碩士,116,113Y12M
10015,花蓮縣,55-64歲,男,自修,2,113Y12M
10015,花蓮縣,55-64歲,男,高中職,2554,113Y12M
10015,花蓮縣,65歲以上,女,不識字,137,113Y12M
10015,花蓮縣,65歲以上,女,博士,0,113Y12M
10015,花蓮縣,65歲以上,女,國中初職,1324,113Y12M
10015,花蓮縣,65歲以上,女,大學院校,126,113Y12M
10015,花蓮縣,65歲以上,女,專科,167,113Y12M
10015,花蓮縣,65歲以上,女,小學,5377,113Y12M
10015,花蓮縣,65歲以上,女,未詳,0,113Y12M
10015,花蓮縣,65歲以上,女,碩士,25,113Y12M
10015,花蓮縣,65歲以上,女,自修,34,113Y12M
10015,花蓮縣,65歲以上,女,高中職,968,113Y12M
10015,花蓮縣,65歲以上,男,不識字,16,113Y12M
10015,花蓮縣,65歲以上,男,博士,11,113Y12M
10015,花蓮縣,65歲以上,男,國中初職,1184,113Y12M
10015,花蓮縣,65歲以上,男,大學院校,214,113Y12M
10015,花蓮縣,65歲以上,男,專科,340,113Y12M
10015,花蓮縣,65歲以上,男,小學,2637,113Y12M
10015,花蓮縣,65歲以上,男,未詳,0,113Y12M
10015,花蓮縣,65歲以上,男,碩士,43,113Y12M
10015,花蓮縣,65歲以上,男,自修,7,113Y12M
10015,花蓮縣,65歲以上,男,高中職,1279,113Y12M
10016,澎湖縣,15-24歲,女,不識字,0,113Y12M
10016,澎湖縣,15-24歲,女,博士,0,113Y12M
10016,澎湖縣,15-24歲,女,國中初職,2,113Y12M
10016,澎湖縣,15-24歲,女,大學院校,22,113Y12M
10016,澎湖縣,15-24歲,女,專科,13,113Y12M
10016,澎湖縣,15-24歲,女,小學,1,113Y12M
10016,澎湖縣,15-24歲,女,未詳,0,113Y12M
10016,澎湖縣,15-24歲,女,碩士,0,113Y12M
10016,澎湖縣,15-24歲,女,自修,0,113Y12M
10016,澎湖縣,15-24歲,女,高中職,15,113Y12M
10016,澎湖縣,15-24歲,男,不識字,0,113Y12M
10016,澎湖縣,15-24歲,男,博士,0,113Y12M
10016,澎湖縣,15-24歲,男,國中初職,0,113Y12M
10016,澎湖縣,15-24歲,男,大學院校,18,113Y12M
10016,澎湖縣,15-24歲,男,專科,6,113Y12M
10016,澎湖縣,15-24歲,男,小學,1,113Y12M
10016,澎湖縣,15-24歲,男,未詳,0,113Y12M
10016,澎湖縣,15-24歲,男,碩士,0,113Y12M
10016,澎湖縣,15-24歲,男,自修,0,113Y12M
10016,澎湖縣,15-24歲,男,高中職,27,113Y12M
10016,澎湖縣,25-34歲,女,不識字,0,113Y12M
10016,澎湖縣,25-34歲,女,博士,0,113Y12M
10016,澎湖縣,25-34歲,女,國中初職,2,113Y12M
10016,澎湖縣,25-34歲,女,大學院校,52,113Y12M
10016,澎湖縣,25-34歲,女,專科,10,113Y12M
10016,澎湖縣,25-34歲,女,小學,0,113Y12M
10016,澎湖縣,25-34歲,女,未詳,0,113Y12M
10016,澎湖縣,25-34歲,女,碩士,7,113Y12M
10016,澎湖縣,25-34歲,女,自修,0,113Y12M
10016,澎湖縣,25-34歲,女,高中職,20,113Y12M
10016,澎湖縣,25-34歲,男,不識字,0,113Y12M
10016,澎湖縣,25-34歲,男,博士,0,113Y12M
10016,澎湖縣,25-34歲,男,國中初職,3,113Y12M
10016,澎湖縣,25-34歲,男,大學院校,54,113Y12M
10016,澎湖縣,25-34歲,男,專科,9,113Y12M
10016,澎湖縣,25-34歲,男,小學,0,113Y12M
10016,澎湖縣,25-34歲,男,未詳,0,113Y12M
10016,澎湖縣,25-34歲,男,碩士,1,113Y12M
10016,澎湖縣,25-34歲,男,自修,0,113Y12M
10016,澎湖縣,25-34歲,男,高中職,42,113Y12M
10016,澎湖縣,35-44歲,女,不識字,0,113Y12M
10016,澎湖縣,35-44歲,女,博士,0,113Y12M
10016,澎湖縣,35-44歲,女,國中初職,7,113Y12M
10016,澎湖縣,35-44歲,女,大學院校,21,113Y12M
10016,澎湖縣,35-44歲,女,專科,6,113Y12M
10016,澎湖縣,35-44歲,女,小學,2,113Y12M
10016,澎湖縣,35-44歲,女,未詳,0,113Y12M
10016,澎湖縣,35-44歲,女,碩士,3,113Y12M
10016,澎湖縣,35-44歲,女,自修,0,113Y12M
10016,澎湖縣,35-44歲,女,高中職,20,113Y12M
10016,澎湖縣,35-44歲,男,不識字,0,113Y12M
10016,澎湖縣,35-44歲,男,博士,0,113Y12M
10016,澎湖縣,35-44歲,男,國中初職,11,113Y12M
10016,澎湖縣,35-44歲,男,大學院校,24,113Y12M
10016,澎湖縣,35-44歲,男,專科,7,113Y12M
10016,澎湖縣,35-44歲,男,小學,0,113Y12M
10016,澎湖縣,35-44歲,男,未詳,0,113Y12M
10016,澎湖縣,35-44歲,男,碩士,4,113Y12M
10016,澎湖縣,35-44歲,男,自修,0,113Y12M
10016,澎湖縣,35-44歲,男,高中職,22,113Y12M
10016,澎湖縣,45-54歲,女,不識字,0,113Y12M
10016,澎湖縣,45-54歲,女,博士,0,113Y12M
10016,澎湖縣,45-54歲,女,國中初職,14,113Y12M
10016,澎湖縣,45-54歲,女,大學院校,6,113Y12M
10016,澎湖縣,45-54歲,女,專科,6,113Y12M
10016,澎湖縣,45-54歲,女,小學,3,113Y12M
10016,澎湖縣,45-54歲,女,未詳,0,113Y12M
10016,澎湖縣,45-54歲,女,碩士,1,113Y12M
10016,澎湖縣,45-54歲,女,自修,0,113Y12M
10016,澎湖縣,45-54歲,女,高中職,21,113Y12M
10016,澎湖縣,45-54歲,男,不識字,0,113Y12M
10016,澎湖縣,45-54歲,男,博士,0,113Y12M
10016,澎湖縣,45-54歲,男,國中初職,5,113Y12M
10016,澎湖縣,45-54歲,男,大學院校,5,113Y12M
10016,澎湖縣,45-54歲,男,專科,2,113Y12M
10016,澎湖縣,45-54歲,男,小學,0,113Y12M
10016,澎湖縣,45-54歲,男,未詳,0,113Y12M
10016,澎湖縣,45-54歲,男,碩士,4,113Y12M
10016,澎湖縣,45-54歲,男,自修,0,113Y12M
10016,澎湖縣,45-54歲,男,高中職,9,113Y12M
10016,澎湖縣,55-64歲,女,不識字,0,113Y12M
10016,澎湖縣,55-64歲,女,博士,0,113Y12M
10016,澎湖縣,55-64歲,女,國中初職,17,113Y12M
10016,澎湖縣,55-64歲,女,大學院校,2,113Y12M
10016,澎湖縣,55-64歲,女,專科,3,113Y12M
10016,澎湖縣,55-64歲,女,小學,5,113Y12M
10016,澎湖縣,55-64歲,女,未詳,0,113Y12M
10016,澎湖縣,55-64歲,女,碩士,0,113Y12M
10016,澎湖縣,55-64歲,女,自修,0,113Y12M
10016,澎湖縣,55-64歲,女,高中職,10,113Y12M
10016,澎湖縣,55-64歲,男,不識字,0,113Y12M
10016,澎湖縣,55-64歲,男,博士,0,113Y12M
10016,澎湖縣,55-64歲,男,國中初職,9,113Y12M
10016,澎湖縣,55-64歲,男,大學院校,1,113Y12M
10016,澎湖縣,55-64歲,男,專科,4,113Y12M
10016,澎湖縣,55-64歲,男,小學,2,113Y12M
10016,澎湖縣,55-64歲,男,未詳,0,113Y12M
10016,澎湖縣,55-64歲,男,碩士,0,113Y12M
10016,澎湖縣,55-64歲,男,自修,0,113Y12M
10016,澎湖縣,55-64歲,男,高中職,9,113Y12M
10016,澎湖縣,65歲以上,女,不識字,2,113Y12M
10016,澎湖縣,65歲以上,女,博士,0,113Y12M
10016,澎湖縣,65歲以上,女,國中初職,7,113Y12M
10016,澎湖縣,65歲以上,女,大學院校,0,113Y12M
10016,澎湖縣,65歲以上,女,專科,0,113Y12M
10016,澎湖縣,65歲以上,女,小學,14,113Y12M
10016,澎湖縣,65歲以上,女,未詳,0,113Y12M
10016,澎湖縣,65歲以上,女,碩士,1,113Y12M
10016,澎湖縣,65歲以上,女,自修,1,113Y12M
10016,澎湖縣,65歲以上,女,高中職,6,113Y12M
10016,澎湖縣,65歲以上,男,不識字,0,113Y12M
10016,澎湖縣,65歲以上,男,博士,0,113Y12M
10016,澎湖縣,65歲以上,男,國中初職,0,113Y12M
10016,澎湖縣,65歲以上,男,大學院校,0,113Y12M
10016,澎湖縣,65歲以上,男,專科,0,113Y12M
10016,澎湖縣,65歲以上,男,小學,2,113Y12M
10016,澎湖縣,65歲以上,男,未詳,0,113Y12M
10016,澎湖縣,65歲以上,男,碩士,0,113Y12M
10016,澎湖縣,65歲以上,男,自修,0,113Y12M
10016,澎湖縣,65歲以上,男,高中職,2,113Y12M
10017,基隆市,15-24歲,女,不識字,0,113Y12M
10017,基隆市,15-24歲,女,博士,0,113Y12M
10017,基隆市,15-24歲,女,國中初職,34,113Y12M
10017,基隆市,15-24歲,女,大學院校,255,113Y12M
10017,基隆市,15-24歲,女,專科,103,113Y12M
10017,基隆市,15-24歲,女,小學,7,113Y12M
10017,基隆市,15-24歲,女,未詳,0,113Y12M
10017,基隆市,15-24歲,女,碩士,4,113Y12M
10017,基隆市,15-24歲,女,自修,0,113Y12M
10017,基隆市,15-24歲,女,高中職,290,113Y12M
10017,基隆市,15-24歲,男,不識字,0,113Y12M
10017,基隆市,15-24歲,男,博士,0,113Y12M
10017,基隆市,15-24歲,男,國中初職,45,113Y12M
10017,基隆市,15-24歲,男,大學院校,224,113Y12M
10017,基隆市,15-24歲,男,專科,35,113Y12M
10017,基隆市,15-24歲,男,小學,3,113Y12M
10017,基隆市,15-24歲,男,未詳,0,113Y12M
10017,基隆市,15-24歲,男,碩士,4,113Y12M
10017,基隆市,15-24歲,男,自修,0,113Y12M
10017,基隆市,15-24歲,男,高中職,393,113Y12M
10017,基隆市,25-34歲,女,不識字,0,113Y12M
10017,基隆市,25-34歲,女,博士,0,113Y12M
10017,基隆市,25-34歲,女,國中初職,38,113Y12M
10017,基隆市,25-34歲,女,大學院校,408,113Y12M
10017,基隆市,25-34歲,女,專科,100,113Y12M
10017,基隆市,25-34歲,女,小學,0,113Y12M
10017,基隆市,25-34歲,女,未詳,0,113Y12M
10017,基隆市,25-34歲,女,碩士,27,113Y12M
10017,基隆市,25-34歲,女,自修,0,113Y12M
10017,基隆市,25-34歲,女,高中職,274,113Y12M
10017,基隆市,25-34歲,男,不識字,0,113Y12M
10017,基隆市,25-34歲,男,博士,0,113Y12M
10017,基隆市,25-34歲,男,國中初職,75,113Y12M
10017,基隆市,25-34歲,男,大學院校,344,113Y12M
10017,基隆市,25-34歲,男,專科,66,113Y12M
10017,基隆市,25-34歲,男,小學,0,113Y12M
10017,基隆市,25-34歲,男,未詳,0,113Y12M
10017,基隆市,25-34歲,男,碩士,27,113Y12M
10017,基隆市,25-34歲,男,自修,0,113Y12M
10017,基隆市,25-34歲,男,高中職,363,113Y12M
10017,基隆市,35-44歲,女,不識字,0,113Y12M
10017,基隆市,35-44歲,女,博士,0,113Y12M
10017,基隆市,35-44歲,女,國中初職,118,113Y12M
10017,基隆市,35-44歲,女,大學院校,190,113Y12M
10017,基隆市,35-44歲,女,專科,123,113Y12M
10017,基隆市,35-44歲,女,小學,5,113Y12M
10017,基隆市,35-44歲,女,未詳,0,113Y12M
10017,基隆市,35-44歲,女,碩士,18,113Y12M
10017,基隆市,35-44歲,女,自修,0,113Y12M
10017,基隆市,35-44歲,女,高中職,309,113Y12M
10017,基隆市,35-44歲,男,不識字,0,113Y12M
10017,基隆市,35-44歲,男,博士,1,113Y12M
10017,基隆市,35-44歲,男,國中初職,140,113Y12M
10017,基隆市,35-44歲,男,大學院校,152,113Y12M
10017,基隆市,35-44歲,男,專科,59,113Y12M
10017,基隆市,35-44歲,男,小學,10,113Y12M
10017,基隆市,35-44歲,男,未詳,0,113Y12M
10017,基隆市,35-44歲,男,碩士,19,113Y12M
10017,基隆市,35-44歲,男,自修,0,113Y12M
10017,基隆市,35-44歲,男,高中職,364,113Y12M
10017,基隆市,45-54歲,女,不識字,0,113Y12M
10017,基隆市,45-54歲,女,博士,0,113Y12M
10017,基隆市,45-54歲,女,國中初職,186,113Y12M
10017,基隆市,45-54歲,女,大學院校,55,113Y12M
10017,基隆市,45-54歲,女,專科,85,113Y12M
10017,基隆市,45-54歲,女,小學,24,113Y12M
10017,基隆市,45-54歲,女,未詳,0,113Y12M
10017,基隆市,45-54歲,女,碩士,22,113Y12M
10017,基隆市,45-54歲,女,自修,0,113Y12M
10017,基隆市,45-54歲,女,高中職,327,113Y12M
10017,基隆市,45-54歲,男,不識字,0,113Y12M
10017,基隆市,45-54歲,男,博士,0,113Y12M
10017,基隆市,45-54歲,男,國中初職,171,113Y12M
10017,基隆市,45-54歲,男,大學院校,31,113Y12M
10017,基隆市,45-54歲,男,專科,77,113Y12M
10017,基隆市,45-54歲,男,小學,14,113Y12M
10017,基隆市,45-54歲,男,未詳,0,113Y12M
10017,基隆市,45-54歲,男,碩士,20,113Y12M
10017,基隆市,45-54歲,男,自修,0,113Y12M
10017,基隆市,45-54歲,男,高中職,271,113Y12M
10017,基隆市,55-64歲,女,不識字,2,113Y12M
10017,基隆市,55-64歲,女,博士,1,113Y12M
10017,基隆市,55-64歲,女,國中初職,291,113Y12M
10017,基隆市,55-64歲,女,大學院校,23,113Y12M
10017,基隆市,55-64歲,女,專科,26,113Y12M
10017,基隆市,55-64歲,女,小學,138,113Y12M
10017,基隆市,55-64歲,女,未詳,0,113Y12M
10017,基隆市,55-64歲,女,碩士,9,113Y12M
10017,基隆市,55-64歲,女,自修,1,113Y12M
10017,基隆市,55-64歲,女,高中職,200,113Y12M
10017,基隆市,55-64歲,男,不識字,1,113Y12M
10017,基隆市,55-64歲,男,博士,1,113Y12M
10017,基隆市,55-64歲,男,國中初職,229,113Y12M
10017,基隆市,55-64歲,男,大學院校,8,113Y12M
10017,基隆市,55-64歲,男,專科,36,113Y12M
10017,基隆市,55-64歲,男,小學,58,113Y12M
10017,基隆市,55-64歲,男,未詳,0,113Y12M
10017,基隆市,55-64歲,男,碩士,10,113Y12M
10017,基隆市,55-64歲,男,自修,1,113Y12M
10017,基隆市,55-64歲,男,高中職,179,113Y12M
10017,基隆市,65歲以上,女,不識字,2,113Y12M
10017,基隆市,65歲以上,女,博士,0,113Y12M
10017,基隆市,65歲以上,女,國中初職,150,113Y12M
10017,基隆市,65歲以上,女,大學院校,4,113Y12M
10017,基隆市,65歲以上,女,專科,4,113Y12M
10017,基隆市,65歲以上,女,小學,308,113Y12M
10017,基隆市,65歲以上,女,未詳,0,113Y12M
10017,基隆市,65歲以上,女,碩士,1,113Y12M
10017,基隆市,65歲以上,女,自修,0,113Y12M
10017,基隆市,65歲以上,女,高中職,65,113Y12M
10017,基隆市,65歲以上,男,不識字,2,113Y12M
10017,基隆市,65歲以上,男,博士,0,113Y12M
10017,基隆市,65歲以上,男,國中初職,106,113Y12M
10017,基隆市,65歲以上,男,大學院校,11,113Y12M
10017,基隆市,65歲以上,男,專科,7,113Y12M
10017,基隆市,65歲以上,男,小學,208,113Y12M
10017,基隆市,65歲以上,男,未詳,0,113Y12M
10017,基隆市,65歲以上,男,碩士,1,113Y12M
10017,基隆市,65歲以上,男,自修,2,113Y12M
10017,基隆市,65歲以上,男,高中職,72,113Y12M
10018,新竹市,15-24歲,女,不識字,0,113Y12M
10018,新竹市,15-24歲,女,博士,0,113Y12M
10018,新竹市,15-24歲,女,國中初職,32,113Y12M
10018,新竹市,15-24歲,女,大學院校,123,113Y12M
10018,新竹市,15-24歲,女,專科,48,113Y12M
10018,新竹市,15-24歲,女,小學,6,113Y12M
10018,新竹市,15-24歲,女,未詳,0,113Y12M
10018,新竹市,15-24歲,女,碩士,5,113Y12M
10018,新竹市,15-24歲,女,自修,0,113Y12M
10018,新竹市,15-24歲,女,高中職,184,113Y12M
10018,新竹市,15-24歲,男,不識字,0,113Y12M
10018,新竹市,15-24歲,男,博士,0,113Y12M
10018,新竹市,15-24歲,男,國中初職,20,113Y12M
10018,新竹市,15-24歲,男,大學院校,127,113Y12M
10018,新竹市,15-24歲,男,專科,18,113Y12M
10018,新竹市,15-24歲,男,小學,3,113Y12M
10018,新竹市,15-24歲,男,未詳,0,113Y12M
10018,新竹市,15-24歲,男,碩士,2,113Y12M
10018,新竹市,15-24歲,男,自修,0,113Y12M
10018,新竹市,15-24歲,男,高中職,225,113Y12M
10018,新竹市,25-34歲,女,不識字,0,113Y12M
10018,新竹市,25-34歲,女,博士,0,113Y12M
10018,新竹市,25-34歲,女,國中初職,14,113Y12M
10018,新竹市,25-34歲,女,大學院校,212,113Y12M
10018,新竹市,25-34歲,女,專科,40,113Y12M
10018,新竹市,25-34歲,女,小學,1,113Y12M
10018,新竹市,25-34歲,女,未詳,0,113Y12M
10018,新竹市,25-34歲,女,碩士,17,113Y12M
10018,新竹市,25-34歲,女,自修,0,113Y12M
10018,新竹市,25-34歲,女,高中職,140,113Y12M
10018,新竹市,25-34歲,男,不識字,0,113Y12M
10018,新竹市,25-34歲,男,博士,3,113Y12M
10018,新竹市,25-34歲,男,國中初職,31,113Y12M
10018,新竹市,25-34歲,男,大學院校,172,113Y12M
10018,新竹市,25-34歲,男,專科,20,113Y12M
10018,新竹市,25-34歲,男,小學,0,113Y12M
10018,新竹市,25-34歲,男,未詳,0,113Y12M
10018,新竹市,25-34歲,男,碩士,24,113Y12M
10018,新竹市,25-34歲,男,自修,0,113Y12M
10018,新竹市,25-34歲,男,高中職,129,113Y12M
10018,新竹市,35-44歲,女,不識字,0,113Y12M
10018,新竹市,35-44歲,女,博士,0,113Y12M
10018,新竹市,35-44歲,女,國中初職,49,113Y12M
10018,新竹市,35-44歲,女,大學院校,158,113Y12M
10018,新竹市,35-44歲,女,專科,58,113Y12M
10018,新竹市,35-44歲,女,小學,1,113Y12M
10018,新竹市,35-44歲,女,未詳,0,113Y12M
10018,新竹市,35-44歲,女,碩士,21,113Y12M
10018,新竹市,35-44歲,女,自修,0,113Y12M
10018,新竹市,35-44歲,女,高中職,180,113Y12M
10018,新竹市,35-44歲,男,不識字,0,113Y12M
10018,新竹市,35-44歲,男,博士,1,113Y12M
10018,新竹市,35-44歲,男,國中初職,42,113Y12M
10018,新竹市,35-44歲,男,大學院校,91,113Y12M
10018,新竹市,35-44歲,男,專科,21,113Y12M
10018,新竹市,35-44歲,男,小學,1,113Y12M
10018,新竹市,35-44歲,男,未詳,0,113Y12M
10018,新竹市,35-44歲,男,碩士,19,113Y12M
10018,新竹市,35-44歲,男,自修,0,113Y12M
10018,新竹市,35-44歲,男,高中職,145,113Y12M
10018,新竹市,45-54歲,女,不識字,0,113Y12M
10018,新竹市,45-54歲,女,博士,1,113Y12M
10018,新竹市,45-54歲,女,國中初職,73,113Y12M
10018,新竹市,45-54歲,女,大學院校,65,113Y12M
10018,新竹市,45-54歲,女,專科,43,113Y12M
10018,新竹市,45-54歲,女,小學,4,113Y12M
10018,新竹市,45-54歲,女,未詳,0,113Y12M
10018,新竹市,45-54歲,女,碩士,18,113Y12M
10018,新竹市,45-54歲,女,自修,0,113Y12M
10018,新竹市,45-54歲,女,高中職,163,113Y12M
10018,新竹市,45-54歲,男,不識字,0,113Y12M
10018,新竹市,45-54歲,男,博士,4,113Y12M
10018,新竹市,45-54歲,男,國中初職,56,113Y12M
10018,新竹市,45-54歲,男,大學院校,25,113Y12M
10018,新竹市,45-54歲,男,專科,28,113Y12M
10018,新竹市,45-54歲,男,小學,7,113Y12M
10018,新竹市,45-54歲,男,未詳,0,113Y12M
10018,新竹市,45-54歲,男,碩士,12,113Y12M
10018,新竹市,45-54歲,男,自修,0,113Y12M
10018,新竹市,45-54歲,男,高中職,91,113Y12M
10018,新竹市,55-64歲,女,不識字,0,113Y12M
10018,新竹市,55-64歲,女,博士,3,113Y12M
10018,新竹市,55-64歲,女,國中初職,118,113Y12M
10018,新竹市,55-64歲,女,大學院校,16,113Y12M
10018,新竹市,55-64歲,女,專科,19,113Y12M
10018,新竹市,55-64歲,女,小學,24,113Y12M
10018,新竹市,55-64歲,女,未詳,0,113Y12M
10018,新竹市,55-64歲,女,碩士,5,113Y12M
10018,新竹市,55-64歲,女,自修,0,113Y12M
10018,新竹市,55-64歲,女,高中職,104,113Y12M
10018,新竹市,55-64歲,男,不識字,0,113Y12M
10018,新竹市,55-64歲,男,博士,0,113Y12M
10018,新竹市,55-64歲,男,國中初職,54,113Y12M
10018,新竹市,55-64歲,男,大學院校,10,113Y12M
10018,新竹市,55-64歲,男,專科,7,113Y12M
10018,新竹市,55-64歲,男,小學,12,113Y12M
10018,新竹市,55-64歲,男,未詳,0,113Y12M
10018,新竹市,55-64歲,男,碩士,4,113Y12M
10018,新竹市,55-64歲,男,自修,0,113Y12M
10018,新竹市,55-64歲,男,高中職,40,113Y12M
10018,新竹市,65歲以上,女,不識字,4,113Y12M
10018,新竹市,65歲以上,女,博士,0,113Y12M
10018,新竹市,65歲以上,女,國中初職,44,113Y12M
10018,新竹市,65歲以上,女,大學院校,2,113Y12M
10018,新竹市,65歲以上,女,專科,4,113Y12M
10018,新竹市,65歲以上,女,小學,121,113Y12M
10018,新竹市,65歲以上,女,未詳,0,113Y12M
10018,新竹市,65歲以上,女,碩士,0,113Y12M
10018,新竹市,65歲以上,女,自修,1,113Y12M
10018,新竹市,65歲以上,女,高中職,21,113Y12M
10018,新竹市,65歲以上,男,不識字,0,113Y12M
10018,新竹市,65歲以上,男,博士,0,113Y12M
10018,新竹市,65歲以上,男,國中初職,11,113Y12M
10018,新竹市,65歲以上,男,大學院校,1,113Y12M
10018,新竹市,65歲以上,男,專科,5,113Y12M
10018,新竹市,65歲以上,男,小學,35,113Y12M
10018,新竹市,65歲以上,男,未詳,0,113Y12M
10018,新竹市,65歲以上,男,碩士,2,113Y12M
10018,新竹市,65歲以上,男,自修,0,113Y12M
10018,新竹市,65歲以上,男,高中職,19,113Y12M
10020,嘉義市,15-24歲,女,不識字,0,113Y12M
10020,嘉義市,15-24歲,女,博士,0,113Y12M
10020,嘉義市,15-24歲,女,國中初職,3,113Y12M
10020,嘉義市,15-24歲,女,大學院校,50,113Y12M
10020,嘉義市,15-24歲,女,專科,18,113Y12M
10020,嘉義市,15-24歲,女,小學,0,113Y12M
10020,嘉義市,15-24歲,女,未詳,0,113Y12M
10020,嘉義市,15-24歲,女,碩士,1,113Y12M
10020,嘉義市,15-24歲,女,自修,0,113Y12M
10020,嘉義市,15-24歲,女,高中職,34,113Y12M
10020,嘉義市,15-24歲,男,不識字,0,113Y12M
10020,嘉義市,15-24歲,男,博士,0,113Y12M
10020,嘉義市,15-24歲,男,國中初職,2,113Y12M
10020,嘉義市,15-24歲,男,大學院校,33,113Y12M
10020,嘉義市,15-24歲,男,專科,4,113Y12M
10020,嘉義市,15-24歲,男,小學,1,113Y12M
10020,嘉義市,15-24歲,男,未詳,0,113Y12M
10020,嘉義市,15-24歲,男,碩士,1,113Y12M
10020,嘉義市,15-24歲,男,自修,0,113Y12M
10020,嘉義市,15-24歲,男,高中職,46,113Y12M
10020,嘉義市,25-34歲,女,不識字,0,113Y12M
10020,嘉義市,25-34歲,女,博士,0,113Y12M
10020,嘉義市,25-34歲,女,國中初職,2,113Y12M
10020,嘉義市,25-34歲,女,大學院校,76,113Y12M
10020,嘉義市,25-34歲,女,專科,15,113Y12M
10020,嘉義市,25-34歲,女,小學,0,113Y12M
10020,嘉義市,25-34歲,女,未詳,0,113Y12M
10020,嘉義市,25-34歲,女,碩士,7,113Y12M
10020,嘉義市,25-34歲,女,自修,0,113Y12M
10020,嘉義市,25-34歲,女,高中職,43,113Y12M
10020,嘉義市,25-34歲,男,不識字,0,113Y12M
10020,嘉義市,25-34歲,男,博士,0,113Y12M
10020,嘉義市,25-34歲,男,國中初職,3,113Y12M
10020,嘉義市,25-34歲,男,大學院校,77,113Y12M
10020,嘉義市,25-34歲,男,專科,7,113Y12M
10020,嘉義市,25-34歲,男,小學,0,113Y12M
10020,嘉義市,25-34歲,男,未詳,0,113Y12M
10020,嘉義市,25-34歲,男,碩士,5,113Y12M
10020,嘉義市,25-34歲,男,自修,0,113Y12M
10020,嘉義市,25-34歲,男,高中職,26,113Y12M
10020,嘉義市,35-44歲,女,不識字,0,113Y12M
10020,嘉義市,35-44歲,女,博士,1,113Y12M
10020,嘉義市,35-44歲,女,國中初職,16,113Y12M
10020,嘉義市,35-44歲,女,大學院校,41,113Y12M
10020,嘉義市,35-44歲,女,專科,21,113Y12M
10020,嘉義市,35-44歲,女,小學,0,113Y12M
10020,嘉義市,35-44歲,女,未詳,0,113Y12M
10020,嘉義市,35-44歲,女,碩士,9,113Y12M
10020,嘉義市,35-44歲,女,自修,0,113Y12M
10020,嘉義市,35-44歲,女,高中職,34,113Y12M
10020,嘉義市,35-44歲,男,不識字,0,113Y12M
10020,嘉義市,35-44歲,男,博士,0,113Y12M
10020,嘉義市,35-44歲,男,國中初職,8,113Y12M
10020,嘉義市,35-44歲,男,大學院校,23,113Y12M
10020,嘉義市,35-44歲,男,專科,14,113Y12M
10020,嘉義市,35-44歲,男,小學,0,113Y12M
10020,嘉義市,35-44歲,男,未詳,0,113Y12M
10020,嘉義市,35-44歲,男,碩士,5,113Y12M
10020,嘉義市,35-44歲,男,自修,0,113Y12M
10020,嘉義市,35-44歲,男,高中職,26,113Y12M
10020,嘉義市,45-54歲,女,不識字,0,113Y12M
10020,嘉義市,45-54歲,女,博士,0,113Y12M
10020,嘉義市,45-54歲,女,國中初職,15,113Y12M
10020,嘉義市,45-54歲,女,大學院校,27,113Y12M
10020,嘉義市,45-54歲,女,專科,20,113Y12M
10020,嘉義市,45-54歲,女,小學,1,113Y12M
10020,嘉義市,45-54歲,女,未詳,0,113Y12M
10020,嘉義市,45-54歲,女,碩士,6,113Y12M
10020,嘉義市,45-54歲,女,自修,0,113Y12M
10020,嘉義市,45-54歲,女,高中職,36,113Y12M
10020,嘉義市,45-54歲,男,不識字,0,113Y12M
10020,嘉義市,45-54歲,男,博士,1,113Y12M
10020,嘉義市,45-54歲,男,國中初職,7,113Y12M
10020,嘉義市,45-54歲,男,大學院校,10,113Y12M
10020,嘉義市,45-54歲,男,專科,15,113Y12M
10020,嘉義市,45-54歲,男,小學,0,113Y12M
10020,嘉義市,45-54歲,男,未詳,0,113Y12M
10020,嘉義市,45-54歲,男,碩士,5,113Y12M
10020,嘉義市,45-54歲,男,自修,0,113Y12M
10020,嘉義市,45-54歲,男,高中職,24,113Y12M
10020,嘉義市,55-64歲,女,不識字,0,113Y12M
10020,嘉義市,55-64歲,女,博士,0,113Y12M
10020,嘉義市,55-64歲,女,國中初職,28,113Y12M
10020,嘉義市,55-64歲,女,大學院校,10,113Y12M
10020,嘉義市,55-64歲,女,專科,6,113Y12M
10020,嘉義市,55-64歲,女,小學,8,113Y12M
10020,嘉義市,55-64歲,女,未詳,0,113Y12M
10020,嘉義市,55-64歲,女,碩士,2,113Y12M
10020,嘉義市,55-64歲,女,自修,0,113Y12M
10020,嘉義市,55-64歲,女,高中職,25,113Y12M
10020,嘉義市,55-64歲,男,不識字,0,113Y12M
10020,嘉義市,55-64歲,男,博士,2,113Y12M
10020,嘉義市,55-64歲,男,國中初職,8,113Y12M
10020,嘉義市,55-64歲,男,大學院校,3,113Y12M
10020,嘉義市,55-64歲,男,專科,5,113Y12M
10020,嘉義市,55-64歲,男,小學,1,113Y12M
10020,嘉義市,55-64歲,男,未詳,0,113Y12M
10020,嘉義市,55-64歲,男,碩士,0,113Y12M
10020,嘉義市,55-64歲,男,自修,0,113Y12M
10020,嘉義市,55-64歲,男,高中職,11,113Y12M
10020,嘉義市,65歲以上,女,不識字,0,113Y12M
10020,嘉義市,65歲以上,女,博士,0,113Y12M
10020,嘉義市,65歲以上,女,國中初職,16,113Y12M
10020,嘉義市,65歲以上,女,大學院校,3,113Y12M
10020,嘉義市,65歲以上,女,專科,1,113Y12M
10020,嘉義市,65歲以上,女,小學,20,113Y12M
10020,嘉義市,65歲以上,女,未詳,0,113Y12M
10020,嘉義市,65歲以上,女,碩士,1,113Y12M
10020,嘉義市,65歲以上,女,自修,0,113Y12M
10020,嘉義市,65歲以上,女,高中職,11,113Y12M
10020,嘉義市,65歲以上,男,不識字,0,113Y12M
10020,嘉義市,65歲以上,男,博士,0,113Y12M
10020,嘉義市,65歲以上,男,國中初職,5,113Y12M
10020,嘉義市,65歲以上,男,大學院校,3,113Y12M
10020,嘉義市,65歲以上,男,專科,1,113Y12M
10020,嘉義市,65歲以上,男,小學,3,113Y12M
10020,嘉義市,65歲以上,男,未詳,0,113Y12M
10020,嘉義市,65歲以上,男,碩士,0,113Y12M
10020,嘉義市,65歲以上,男,自修,0,113Y12M
10020,嘉義市,65歲以上,男,高中職,6,113Y12M
63000,臺北市,15-24歲,女,不識字,0,113Y12M
63000,臺北市,15-24歲,女,博士,0,113Y12M
63000,臺北市,15-24歲,女,國中初職,54,113Y12M
63000,臺北市,15-24歲,女,大學院校,572,113Y12M
63000,臺北市,15-24歲,女,專科,101,113Y12M
63000,臺北市,15-24歲,女,小學,6,113Y12M
63000,臺北市,15-24歲,女,未詳,0,113Y12M
63000,臺北市,15-24歲,女,碩士,17,113Y12M
63000,臺北市,15-24歲,女,自修,0,113Y12M
63000,臺北市,15-24歲,女,高中職,464,113Y12M
63000,臺北市,15-24歲,男,不識字,0,113Y12M
63000,臺北市,15-24歲,男,博士,0,113Y12M
63000,臺北市,15-24歲,男,國中初職,59,113Y12M
63000,臺北市,15-24歲,男,大學院校,606,113Y12M
63000,臺北市,15-24歲,男,專科,58,113Y12M
63000,臺北市,15-24歲,男,小學,12,113Y12M
63000,臺北市,15-24歲,男,未詳,0,113Y12M
63000,臺北市,15-24歲,男,碩士,20,113Y12M
63000,臺北市,15-24歲,男,自修,0,113Y12M
63000,臺北市,15-24歲,男,高中職,599,113Y12M
63000,臺北市,25-34歲,女,不識字,0,113Y12M
63000,臺北市,25-34歲,女,博士,2,113Y12M
63000,臺北市,25-34歲,女,國中初職,25,113Y12M
63000,臺北市,25-34歲,女,大學院校,1118,113Y12M
63000,臺北市,25-34歲,女,專科,98,113Y12M
63000,臺北市,25-34歲,女,小學,0,113Y12M
63000,臺北市,25-34歲,女,未詳,0,113Y12M
63000,臺北市,25-34歲,女,碩士,128,113Y12M
63000,臺北市,25-34歲,女,自修,0,113Y12M
63000,臺北市,25-34歲,女,高中職,296,113Y12M
63000,臺北市,25-34歲,男,不識字,0,113Y12M
63000,臺北市,25-34歲,男,博士,1,113Y12M
63000,臺北市,25-34歲,男,國中初職,30,113Y12M
63000,臺北市,25-34歲,男,大學院校,851,113Y12M
63000,臺北市,25-34歲,男,專科,70,113Y12M
63000,臺北市,25-34歲,男,小學,0,113Y12M
63000,臺北市,25-34歲,男,未詳,0,113Y12M
63000,臺北市,25-34歲,男,碩士,108,113Y12M
63000,臺北市,25-34歲,男,自修,0,113Y12M
63000,臺北市,25-34歲,男,高中職,324,113Y12M
63000,臺北市,35-44歲,女,不識字,0,113Y12M
63000,臺北市,35-44歲,女,博士,10,113Y12M
63000,臺北市,35-44歲,女,國中初職,98,113Y12M
63000,臺北市,35-44歲,女,大學院校,749,113Y12M
63000,臺北市,35-44歲,女,專科,244,113Y12M
63000,臺北市,35-44歲,女,小學,1,113Y12M
63000,臺北市,35-44歲,女,未詳,0,113Y12M
63000,臺北市,35-44歲,女,碩士,145,113Y12M
63000,臺北市,35-44歲,女,自修,0,113Y12M
63000,臺北市,35-44歲,女,高中職,446,113Y12M
63000,臺北市,35-44歲,男,不識字,1,113Y12M
63000,臺北市,35-44歲,男,博士,19,113Y12M
63000,臺北市,35-44歲,男,國中初職,91,113Y12M
63000,臺北市,35-44歲,男,大學院校,508,113Y12M
63000,臺北市,35-44歲,男,專科,133,113Y12M
63000,臺北市,35-44歲,男,小學,5,113Y12M
63000,臺北市,35-44歲,男,未詳,0,113Y12M
63000,臺北市,35-44歲,男,碩士,123,113Y12M
63000,臺北市,35-44歲,男,自修,0,113Y12M
63000,臺北市,35-44歲,男,高中職,358,113Y12M
63000,臺北市,45-54歲,女,不識字,1,113Y12M
63000,臺北市,45-54歲,女,博士,11,113Y12M
63000,臺北市,45-54歲,女,國中初職,147,113Y12M
63000,臺北市,45-54歲,女,大學院校,319,113Y12M
63000,臺北市,45-54歲,女,專科,316,113Y12M
63000,臺北市,45-54歲,女,小學,23,113Y12M
63000,臺北市,45-54歲,女,未詳,0,113Y12M
63000,臺北市,45-54歲,女,碩士,96,113Y12M
63000,臺北市,45-54歲,女,自修,0,113Y12M
63000,臺北市,45-54歲,女,高中職,567,113Y12M
63000,臺北市,45-54歲,男,不識字,1,113Y12M
63000,臺北市,45-54歲,男,博士,18,113Y12M
63000,臺北市,45-54歲,男,國中初職,97,113Y12M
63000,臺北市,45-54歲,男,大學院校,182,113Y12M
63000,臺北市,45-54歲,男,專科,188,113Y12M
63000,臺北市,45-54歲,男,小學,11,113Y12M
63000,臺北市,45-54歲,男,未詳,0,113Y12M
63000,臺北市,45-54歲,男,碩士,69,113Y12M
63000,臺北市,45-54歲,男,自修,0,113Y12M
63000,臺北市,45-54歲,男,高中職,333,113Y12M
63000,臺北市,55-64歲,女,不識字,2,113Y12M
63000,臺北市,55-64歲,女,博士,6,113Y12M
63000,臺北市,55-64歲,女,國中初職,286,113Y12M
63000,臺北市,55-64歲,女,大學院校,153,113Y12M
63000,臺北市,55-64歲,女,專科,156,113Y12M
63000,臺北市,55-64歲,女,小學,100,113Y12M
63000,臺北市,55-64歲,女,未詳,0,113Y12M
63000,臺北市,55-64歲,女,碩士,48,113Y12M
63000,臺北市,55-64歲,女,自修,0,113Y12M
63000,臺北市,55-64歲,女,高中職,509,113Y12M
63000,臺北市,55-64歲,男,不識字,0,113Y12M
63000,臺北市,55-64歲,男,博士,8,113Y12M
63000,臺北市,55-64歲,男,國中初職,122,113Y12M
63000,臺北市,55-64歲,男,大學院校,72,113Y12M
63000,臺北市,55-64歲,男,專科,107,113Y12M
63000,臺北市,55-64歲,男,小學,29,113Y12M
63000,臺北市,55-64歲,男,未詳,0,113Y12M
63000,臺北市,55-64歲,男,碩士,53,113Y12M
63000,臺北市,55-64歲,男,自修,0,113Y12M
63000,臺北市,55-64歲,男,高中職,246,113Y12M
63000,臺北市,65歲以上,女,不識字,10,113Y12M
63000,臺北市,65歲以上,女,博士,0,113Y12M
63000,臺北市,65歲以上,女,國中初職,231,113Y12M
63000,臺北市,65歲以上,女,大學院校,55,113Y12M
63000,臺北市,65歲以上,女,專科,55,113Y12M
63000,臺北市,65歲以上,女,小學,422,113Y12M
63000,臺北市,65歲以上,女,未詳,0,113Y12M
63000,臺北市,65歲以上,女,碩士,14,113Y12M
63000,臺北市,65歲以上,女,自修,6,113Y12M
63000,臺北市,65歲以上,女,高中職,289,113Y12M
63000,臺北市,65歲以上,男,不識字,2,113Y12M
63000,臺北市,65歲以上,男,博士,4,113Y12M
63000,臺北市,65歲以上,男,國中初職,64,113Y12M
63000,臺北市,65歲以上,男,大學院校,55,113Y12M
63000,臺北市,65歲以上,男,專科,47,113Y12M
63000,臺北市,65歲以上,男,小學,99,113Y12M
63000,臺北市,65歲以上,男,未詳,0,113Y12M
63000,臺北市,65歲以上,男,碩士,8,113Y12M
63000,臺北市,65歲以上,男,自修,0,113Y12M
63000,臺北市,65歲以上,男,高中職,135,113Y12M
64000,高雄市,15-24歲,女,不識字,0,113Y12M
64000,高雄市,15-24歲,女,博士,0,113Y12M
64000,高雄市,15-24歲,女,國中初職,108,113Y12M
64000,高雄市,15-24歲,女,大學院校,1181,113Y12M
64000,高雄市,15-24歲,女,專科,472,113Y12M
64000,高雄市,15-24歲,女,小學,16,113Y12M
64000,高雄市,15-24歲,女,未詳,0,113Y12M
64000,高雄市,15-24歲,女,碩士,27,113Y12M
64000,高雄市,15-24歲,女,自修,0,113Y12M
64000,高雄市,15-24歲,女,高中職,1226,113Y12M
64000,高雄市,15-24歲,男,不識字,0,113Y12M
64000,高雄市,15-24歲,男,博士,0,113Y12M
64000,高雄市,15-24歲,男,國中初職,132,113Y12M
64000,高雄市,15-24歲,男,大學院校,1048,113Y12M
64000,高雄市,15-24歲,男,專科,173,113Y12M
64000,高雄市,15-24歲,男,小學,17,113Y12M
64000,高雄市,15-24歲,男,未詳,0,113Y12M
64000,高雄市,15-24歲,男,碩士,24,113Y12M
64000,高雄市,15-24歲,男,自修,0,113Y12M
64000,高雄市,15-24歲,男,高中職,1594,113Y12M
64000,高雄市,25-34歲,女,不識字,0,113Y12M
64000,高雄市,25-34歲,女,博士,4,113Y12M
64000,高雄市,25-34歲,女,國中初職,75,113Y12M
64000,高雄市,25-34歲,女,大學院校,1798,113Y12M
64000,高雄市,25-34歲,女,專科,329,113Y12M
64000,高雄市,25-34歲,女,小學,3,113Y12M
64000,高雄市,25-34歲,女,未詳,0,113Y12M
64000,高雄市,25-34歲,女,碩士,143,113Y12M
64000,高雄市,25-34歲,女,自修,0,113Y12M
64000,高雄市,25-34歲,女,高中職,846,113Y12M
64000,高雄市,25-34歲,男,不識字,0,113Y12M
64000,高雄市,25-34歲,男,博士,4,113Y12M
64000,高雄市,25-34歲,男,國中初職,103,113Y12M
64000,高雄市,25-34歲,男,大學院校,1517,113Y12M
64000,高雄市,25-34歲,男,專科,246,113Y12M
64000,高雄市,25-34歲,男,小學,2,113Y12M
64000,高雄市,25-34歲,男,未詳,0,113Y12M
64000,高雄市,25-34歲,男,碩士,122,113Y12M
64000,高雄市,25-34歲,男,自修,1,113Y12M
64000,高雄市,25-34歲,男,高中職,1239,113Y12M
64000,高雄市,35-44歲,女,不識字,0,113Y12M
64000,高雄市,35-44歲,女,博士,7,113Y12M
64000,高雄市,35-44歲,女,國中初職,300,113Y12M
64000,高雄市,35-44歲,女,大學院校,1068,113Y12M
64000,高雄市,35-44歲,女,專科,386,113Y12M
64000,高雄市,35-44歲,女,小學,24,113Y12M
64000,高雄市,35-44歲,女,未詳,0,113Y12M
64000,高雄市,35-44歲,女,碩士,168,113Y12M
64000,高雄市,35-44歲,女,自修,0,113Y12M
64000,高雄市,35-44歲,女,高中職,1130,113Y12M
64000,高雄市,35-44歲,男,不識字,2,113Y12M
64000,高雄市,35-44歲,男,博士,9,113Y12M
64000,高雄市,35-44歲,男,國中初職,335,113Y12M
64000,高雄市,35-44歲,男,大學院校,855,113Y12M
64000,高雄市,35-44歲,男,專科,226,113Y12M
64000,高雄市,35-44歲,男,小學,18,113Y12M
64000,高雄市,35-44歲,男,未詳,0,113Y12M
64000,高雄市,35-44歲,男,碩士,129,113Y12M
64000,高雄市,35-44歲,男,自修,0,113Y12M
64000,高雄市,35-44歲,男,高中職,1281,113Y12M
64000,高雄市,45-54歲,女,不識字,2,113Y12M
64000,高雄市,45-54歲,女,博士,7,113Y12M
64000,高雄市,45-54歲,女,國中初職,486,113Y12M
64000,高雄市,45-54歲,女,大學院校,474,113Y12M
64000,高雄市,45-54歲,女,專科,369,113Y12M
64000,高雄市,45-54歲,女,小學,130,113Y12M
64000,高雄市,45-54歲,女,未詳,0,113Y12M
64000,高雄市,45-54歲,女,碩士,143,113Y12M
64000,高雄市,45-54歲,女,自修,1,113Y12M
64000,高雄市,45-54歲,女,高中職,1243,113Y12M
64000,高雄市,45-54歲,男,不識字,3,113Y12M
64000,高雄市,45-54歲,男,博士,15,113Y12M
64000,高雄市,45-54歲,男,國中初職,523,113Y12M
64000,高雄市,45-54歲,男,大學院校,315,113Y12M
64000,高雄市,45-54歲,男,專科,275,113Y12M
64000,高雄市,45-54歲,男,小學,93,113Y12M
64000,高雄市,45-54歲,男,未詳,0,113Y12M
64000,高雄市,45-54歲,男,碩士,109,113Y12M
64000,高雄市,45-54歲,男,自修,0,113Y12M
64000,高雄市,45-54歲,男,高中職,1149,113Y12M
64000,高雄市,55-64歲,女,不識字,7,113Y12M
64000,高雄市,55-64歲,女,博士,9,113Y12M
64000,高雄市,55-64歲,女,國中初職,654,113Y12M
64000,高雄市,55-64歲,女,大學院校,156,113Y12M
64000,高雄市,55-64歲,女,專科,157,113Y12M
64000,高雄市,55-64歲,女,小學,459,113Y12M
64000,高雄市,55-64歲,女,未詳,0,113Y12M
64000,高雄市,55-64歲,女,碩士,44,113Y12M
64000,高雄市,55-64歲,女,自修,1,113Y12M
64000,高雄市,55-64歲,女,高中職,706,113Y12M
64000,高雄市,55-64歲,男,不識字,1,113Y12M
64000,高雄市,55-64歲,男,博士,9,113Y12M
64000,高雄市,55-64歲,男,國中初職,457,113Y12M
64000,高雄市,55-64歲,男,大學院校,109,113Y12M
64000,高雄市,55-64歲,男,專科,154,113Y12M
64000,高雄市,55-64歲,男,小學,202,113Y12M
64000,高雄市,55-64歲,男,未詳,0,113Y12M
64000,高雄市,55-64歲,男,碩士,47,113Y12M
64000,高雄市,55-64歲,男,自修,0,113Y12M
64000,高雄市,55-64歲,男,高中職,628,113Y12M
64000,高雄市,65歲以上,女,不識字,30,113Y12M
64000,高雄市,65歲以上,女,博士,0,113Y12M
64000,高雄市,65歲以上,女,國中初職,352,113Y12M
64000,高雄市,65歲以上,女,大學院校,34,113Y12M
64000,高雄市,65歲以上,女,專科,33,113Y12M
64000,高雄市,65歲以上,女,小學,1514,113Y12M
64000,高雄市,65歲以上,女,未詳,0,113Y12M
64000,高雄市,65歲以上,女,碩士,8,113Y12M
64000,高雄市,65歲以上,女,自修,7,113Y12M
64000,高雄市,65歲以上,女,高中職,226,113Y12M
64000,高雄市,65歲以上,男,不識字,5,113Y12M
64000,高雄市,65歲以上,男,博士,3,113Y12M
64000,高雄市,65歲以上,男,國中初職,180,113Y12M
64000,高雄市,65歲以上,男,大學院校,46,113Y12M
64000,高雄市,65歲以上,男,專科,92,113Y12M
64000,高雄市,65歲以上,男,小學,403,113Y12M
64000,高雄市,65歲以上,男,未詳,0,113Y12M
64000,高雄市,65歲以上,男,碩士,19,113Y12M
64000,高雄市,65歲以上,男,自修,1,113Y12M
64000,高雄市,65歲以上,男,高中職,262,113Y12M
65000,新北市,15-24歲,女,不識字,0,113Y12M
65000,新北市,15-24歲,女,博士,0,113Y12M
65000,新北市,15-24歲,女,國中初職,210,113Y12M
65000,新北市,15-24歲,女,大學院校,1687,113Y12M
65000,新北市,15-24歲,女,專科,522,113Y12M
65000,新北市,15-24歲,女,小學,21,113Y12M
65000,新北市,15-24歲,女,未詳,0,113Y12M
65000,新北市,15-24歲,女,碩士,34,113Y12M
65000,新北市,15-24歲,女,自修,0,113Y12M
65000,新北市,15-24歲,女,高中職,1896,113Y12M
65000,新北市,15-24歲,男,不識字,0,113Y12M
65000,新北市,15-24歲,男,博士,0,113Y12M
65000,新北市,15-24歲,男,國中初職,239,113Y12M
65000,新北市,15-24歲,男,大學院校,1648,113Y12M
65000,新北市,15-24歲,男,專科,194,113Y12M
65000,新北市,15-24歲,男,小學,17,113Y12M
65000,新北市,15-24歲,男,未詳,0,113Y12M
65000,新北市,15-24歲,男,碩士,34,113Y12M
65000,新北市,15-24歲,男,自修,0,113Y12M
65000,新北市,15-24歲,男,高中職,2407,113Y12M
65000,新北市,25-34歲,女,不識字,0,113Y12M
65000,新北市,25-34歲,女,博士,6,113Y12M
65000,新北市,25-34歲,女,國中初職,200,113Y12M
65000,新北市,25-34歲,女,大學院校,3107,113Y12M
65000,新北市,25-34歲,女,專科,471,113Y12M
65000,新北市,25-34歲,女,小學,1,113Y12M
65000,新北市,25-34歲,女,未詳,0,113Y12M
65000,新北市,25-34歲,女,碩士,196,113Y12M
65000,新北市,25-34歲,女,自修,0,113Y12M
65000,新北市,25-34歲,女,高中職,1589,113Y12M
65000,新北市,25-34歲,男,不識字,0,113Y12M
65000,新北市,25-34歲,男,博士,6,113Y12M
65000,新北市,25-34歲,男,國中初職,335,113Y12M
65000,新北市,25-34歲,男,大學院校,2534,113Y12M
65000,新北市,25-34歲,男,專科,307,113Y12M
65000,新北市,25-34歲,男,小學,1,113Y12M
65000,新北市,25-34歲,男,未詳,0,113Y12M
65000,新北市,25-34歲,男,碩士,191,113Y12M
65000,新北市,25-34歲,男,自修,0,113Y12M
65000,新北市,25-34歲,男,高中職,1973,113Y12M
65000,新北市,35-44歲,女,不識字,1,113Y12M
65000,新北市,35-44歲,女,博士,11,113Y12M
65000,新北市,35-44歲,女,國中初職,587,113Y12M
65000,新北市,35-44歲,女,大學院校,1580,113Y12M
65000,新北市,35-44歲,女,專科,761,113Y12M
65000,新北市,35-44歲,女,小學,25,113Y12M
65000,新北市,35-44歲,女,未詳,0,113Y12M
65000,新北市,35-44歲,女,碩士,164,113Y12M
65000,新北市,35-44歲,女,自修,0,113Y12M
65000,新北市,35-44歲,女,高中職,2054,113Y12M
65000,新北市,35-44歲,男,不識字,1,113Y12M
65000,新北市,35-44歲,男,博士,10,113Y12M
65000,新北市,35-44歲,男,國中初職,620,113Y12M
65000,新北市,35-44歲,男,大學院校,1153,113Y12M
65000,新北市,35-44歲,男,專科,467,113Y12M
65000,新北市,35-44歲,男,小學,36,113Y12M
65000,新北市,35-44歲,男,未詳,0,113Y12M
65000,新北市,35-44歲,男,碩士,200,113Y12M
65000,新北市,35-44歲,男,自修,0,113Y12M
65000,新北市,35-44歲,男,高中職,1968,113Y12M
65000,新北市,45-54歲,女,不識字,2,113Y12M
65000,新北市,45-54歲,女,博士,10,113Y12M
65000,新北市,45-54歲,女,國中初職,1037,113Y12M
65000,新北市,45-54歲,女,大學院校,553,113Y12M
65000,新北市,45-54歲,女,專科,678,113Y12M
65000,新北市,45-54歲,女,小學,96,113Y12M
65000,新北市,45-54歲,女,未詳,0,113Y12M
65000,新北市,45-54歲,女,碩士,142,113Y12M
65000,新北市,45-54歲,女,自修,0,113Y12M
65000,新北市,45-54歲,女,高中職,2199,113Y12M
65000,新北市,45-54歲,男,不識字,0,113Y12M
65000,新北市,45-54歲,男,博士,14,113Y12M
65000,新北市,45-54歲,男,國中初職,823,113Y12M
65000,新北市,45-54歲,男,大學院校,314,113Y12M
65000,新北市,45-54歲,男,專科,455,113Y12M
65000,新北市,45-54歲,男,小學,65,113Y12M
65000,新北市,45-54歲,男,未詳,0,113Y12M
65000,新北市,45-54歲,男,碩士,125,113Y12M
65000,新北市,45-54歲,男,自修,0,113Y12M
65000,新北市,45-54歲,男,高中職,1545,113Y12M
65000,新北市,55-64歲,女,不識字,6,113Y12M
65000,新北市,55-64歲,女,博士,4,113Y12M
65000,新北市,55-64歲,女,國中初職,1591,113Y12M
65000,新北市,55-64歲,女,大學院校,239,113Y12M
65000,新北市,55-64歲,女,專科,223,113Y12M
65000,新北市,55-64歲,女,小學,439,113Y12M
65000,新北市,55-64歲,女,未詳,0,113Y12M
65000,新北市,55-64歲,女,碩士,66,113Y12M
65000,新北市,55-64歲,女,自修,1,113Y12M
65000,新北市,55-64歲,女,高中職,1408,113Y12M
65000,新北市,55-64歲,男,不識字,2,113Y12M
65000,新北市,55-64歲,男,博士,16,113Y12M
65000,新北市,55-64歲,男,國中初職,914,113Y12M
65000,新北市,55-64歲,男,大學院校,133,113Y12M
65000,新北市,55-64歲,男,專科,229,113Y12M
65000,新北市,55-64歲,男,小學,153,113Y12M
65000,新北市,55-64歲,男,未詳,0,113Y12M
65000,新北市,55-64歲,男,碩士,45,113Y12M
65000,新北市,55-64歲,男,自修,2,113Y12M
65000,新北市,55-64歲,男,高中職,971,113Y12M
65000,新北市,65歲以上,女,不識字,30,113Y12M
65000,新北市,65歲以上,女,博士,0,113Y12M
65000,新北市,65歲以上,女,國中初職,766,113Y12M
65000,新北市,65歲以上,女,大學院校,61,113Y12M
65000,新北市,65歲以上,女,專科,69,113Y12M
65000,新北市,65歲以上,女,小學,1255,113Y12M
65000,新北市,65歲以上,女,未詳,0,113Y12M
65000,新北市,65歲以上,女,碩士,11,113Y12M
65000,新北市,65歲以上,女,自修,8,113Y12M
65000,新北市,65歲以上,女,高中職,439,113Y12M
65000,新北市,65歲以上,男,不識字,7,113Y12M
65000,新北市,65歲以上,男,博士,2,113Y12M
65000,新北市,65歲以上,男,國中初職,429,113Y12M
65000,新北市,65歲以上,男,大學院校,81,113Y12M
65000,新北市,65歲以上,男,專科,97,113Y12M
65000,新北市,65歲以上,男,小學,591,113Y12M
65000,新北市,65歲以上,男,未詳,0,113Y12M
65000,新北市,65歲以上,男,碩士,21,113Y12M
65000,新北市,65歲以上,男,自修,3,113Y12M
65000,新北市,65歲以上,男,高中職,452,113Y12M
66000,臺中市,15-24歲,女,不識字,0,113Y12M
66000,臺中市,15-24歲,女,博士,0,113Y12M
66000,臺中市,15-24歲,女,國中初職,137,113Y12M
66000,臺中市,15-24歲,女,大學院校,1165,113Y12M
66000,臺中市,15-24歲,女,專科,404,113Y12M
66000,臺中市,15-24歲,女,小學,25,113Y12M
66000,臺中市,15-24歲,女,未詳,0,113Y12M
66000,臺中市,15-24歲,女,碩士,17,113Y12M
66000,臺中市,15-24歲,女,自修,0,113Y12M
66000,臺中市,15-24歲,女,高中職,1376,113Y12M
66000,臺中市,15-24歲,男,不識字,0,113Y12M
66000,臺中市,15-24歲,男,博士,0,113Y12M
66000,臺中市,15-24歲,男,國中初職,172,113Y12M
66000,臺中市,15-24歲,男,大學院校,1012,113Y12M
66000,臺中市,15-24歲,男,專科,114,113Y12M
66000,臺中市,15-24歲,男,小學,20,113Y12M
66000,臺中市,15-24歲,男,未詳,0,113Y12M
66000,臺中市,15-24歲,男,碩士,24,113Y12M
66000,臺中市,15-24歲,男,自修,0,113Y12M
66000,臺中市,15-24歲,男,高中職,1792,113Y12M
66000,臺中市,25-34歲,女,不識字,0,113Y12M
66000,臺中市,25-34歲,女,博士,2,113Y12M
66000,臺中市,25-34歲,女,國中初職,136,113Y12M
66000,臺中市,25-34歲,女,大學院校,1952,113Y12M
66000,臺中市,25-34歲,女,專科,306,113Y12M
66000,臺中市,25-34歲,女,小學,0,113Y12M
66000,臺中市,25-34歲,女,未詳,0,113Y12M
66000,臺中市,25-34歲,女,碩士,159,113Y12M
66000,臺中市,25-34歲,女,自修,0,113Y12M
66000,臺中市,25-34歲,女,高中職,1110,113Y12M
66000,臺中市,25-34歲,男,不識字,0,113Y12M
66000,臺中市,25-34歲,男,博士,3,113Y12M
66000,臺中市,25-34歲,男,國中初職,172,113Y12M
66000,臺中市,25-34歲,男,大學院校,1561,113Y12M
66000,臺中市,25-34歲,男,專科,178,113Y12M
66000,臺中市,25-34歲,男,小學,3,113Y12M
66000,臺中市,25-34歲,男,未詳,0,113Y12M
66000,臺中市,25-34歲,男,碩士,147,113Y12M
66000,臺中市,25-34歲,男,自修,0,113Y12M
66000,臺中市,25-34歲,男,高中職,1513,113Y12M
66000,臺中市,35-44歲,女,不識字,2,113Y12M
66000,臺中市,35-44歲,女,博士,13,113Y12M
66000,臺中市,35-44歲,女,國中初職,388,113Y12M
66000,臺中市,35-44歲,女,大學院校,990,113Y12M
66000,臺中市,35-44歲,女,專科,425,113Y12M
66000,臺中市,35-44歲,女,小學,19,113Y12M
66000,臺中市,35-44歲,女,未詳,0,113Y12M
66000,臺中市,35-44歲,女,碩士,153,113Y12M
66000,臺中市,35-44歲,女,自修,0,113Y12M
66000,臺中市,35-44歲,女,高中職,1245,113Y12M
66000,臺中市,35-44歲,男,不識字,3,113Y12M
66000,臺中市,35-44歲,男,博士,7,113Y12M
66000,臺中市,35-44歲,男,國中初職,399,113Y12M
66000,臺中市,35-44歲,男,大學院校,692,113Y12M
66000,臺中市,35-44歲,男,專科,223,113Y12M
66000,臺中市,35-44歲,男,小學,19,113Y12M
66000,臺中市,35-44歲,男,未詳,0,113Y12M
66000,臺中市,35-44歲,男,碩士,123,113Y12M
66000,臺中市,35-44歲,男,自修,0,113Y12M
66000,臺中市,35-44歲,男,高中職,1256,113Y12M
66000,臺中市,45-54歲,女,不識字,1,113Y12M
66000,臺中市,45-54歲,女,博士,9,113Y12M
66000,臺中市,45-54歲,女,國中初職,639,113Y12M
66000,臺中市,45-54歲,女,大學院校,279,113Y12M
66000,臺中市,45-54歲,女,專科,324,113Y12M
66000,臺中市,45-54歲,女,小學,97,113Y12M
66000,臺中市,45-54歲,女,未詳,0,113Y12M
66000,臺中市,45-54歲,女,碩士,115,113Y12M
66000,臺中市,45-54歲,女,自修,1,113Y12M
66000,臺中市,45-54歲,女,高中職,1199,113Y12M
66000,臺中市,45-54歲,男,不識字,1,113Y12M
66000,臺中市,45-54歲,男,博士,12,113Y12M
66000,臺中市,45-54歲,男,國中初職,513,113Y12M
66000,臺中市,45-54歲,男,大學院校,168,113Y12M
66000,臺中市,45-54歲,男,專科,226,113Y12M
66000,臺中市,45-54歲,男,小學,43,113Y12M
66000,臺中市,45-54歲,男,未詳,0,113Y12M
66000,臺中市,45-54歲,男,碩士,70,113Y12M
66000,臺中市,45-54歲,男,自修,0,113Y12M
66000,臺中市,45-54歲,男,高中職,856,113Y12M
66000,臺中市,55-64歲,女,不識字,3,113Y12M
66000,臺中市,55-64歲,女,博士,4,113Y12M
66000,臺中市,55-64歲,女,國中初職,973,113Y12M
66000,臺中市,55-64歲,女,大學院校,140,113Y12M
66000,臺中市,55-64歲,女,專科,139,113Y12M
66000,臺中市,55-64歲,女,小學,325,113Y12M
66000,臺中市,55-64歲,女,未詳,0,113Y12M
66000,臺中市,55-64歲,女,碩士,54,113Y12M
66000,臺中市,55-64歲,女,自修,1,113Y12M
66000,臺中市,55-64歲,女,高中職,789,113Y12M
66000,臺中市,55-64歲,男,不識字,2,113Y12M
66000,臺中市,55-64歲,男,博士,6,113Y12M
66000,臺中市,55-64歲,男,國中初職,461,113Y12M
66000,臺中市,55-64歲,男,大學院校,76,113Y12M
66000,臺中市,55-64歲,男,專科,151,113Y12M
66000,臺中市,55-64歲,男,小學,146,113Y12M
66000,臺中市,55-64歲,男,未詳,0,113Y12M
66000,臺中市,55-64歲,男,碩士,51,113Y12M
66000,臺中市,55-64歲,男,自修,0,113Y12M
66000,臺中市,55-64歲,男,高中職,635,113Y12M
66000,臺中市,65歲以上,女,不識字,18,113Y12M
66000,臺中市,65歲以上,女,博士,1,113Y12M
66000,臺中市,65歲以上,女,國中初職,359,113Y12M
66000,臺中市,65歲以上,女,大學院校,42,113Y12M
66000,臺中市,65歲以上,女,專科,52,113Y12M
66000,臺中市,65歲以上,女,小學,858,113Y12M
66000,臺中市,65歲以上,女,未詳,0,113Y12M
66000,臺中市,65歲以上,女,碩士,9,113Y12M
66000,臺中市,65歲以上,女,自修,9,113Y12M
66000,臺中市,65歲以上,女,高中職,277,113Y12M
66000,臺中市,65歲以上,男,不識字,1,113Y12M
66000,臺中市,65歲以上,男,博士,6,113Y12M
66000,臺中市,65歲以上,男,國中初職,211,113Y12M
66000,臺中市,65歲以上,男,大學院校,57,113Y12M
66000,臺中市,65歲以上,男,專科,69,113Y12M
66000,臺中市,65歲以上,男,小學,268,113Y12M
66000,臺中市,65歲以上,男,未詳,0,113Y12M
66000,臺中市,65歲以上,男,碩士,7,113Y12M
66000,臺中市,65歲以上,男,自修,1,113Y12M
66000,臺中市,65歲以上,男,高中職,258,113Y12M
67000,臺南市,15-24歲,女,不識字,0,113Y12M
67000,臺南市,15-24歲,女,博士,0,113Y12M
67000,臺南市,15-24歲,女,國中初職,44,113Y12M
67000,臺南市,15-24歲,女,大學院校,297,113Y12M
67000,臺南市,15-24歲,女,專科,119,113Y12M
67000,臺南市,15-24歲,女,小學,5,113Y12M
67000,臺南市,15-24歲,女,未詳,0,113Y12M
67000,臺南市,15-24歲,女,碩士,11,113Y12M
67000,臺南市,15-24歲,女,自修,0,113Y12M
67000,臺南市,15-24歲,女,高中職,291,113Y12M
67000,臺南市,15-24歲,男,不識字,0,113Y12M
67000,臺南市,15-24歲,男,博士,0,113Y12M
67000,臺南市,15-24歲,男,國中初職,47,113Y12M
67000,臺南市,15-24歲,男,大學院校,309,113Y12M
67000,臺南市,15-24歲,男,專科,46,113Y12M
67000,臺南市,15-24歲,男,小學,3,113Y12M
67000,臺南市,15-24歲,男,未詳,0,113Y12M
67000,臺南市,15-24歲,男,碩士,12,113Y12M
67000,臺南市,15-24歲,男,自修,0,113Y12M
67000,臺南市,15-24歲,男,高中職,384,113Y12M
67000,臺南市,25-34歲,女,不識字,0,113Y12M
67000,臺南市,25-34歲,女,博士,3,113Y12M
67000,臺南市,25-34歲,女,國中初職,22,113Y12M
67000,臺南市,25-34歲,女,大學院校,601,113Y12M
67000,臺南市,25-34歲,女,專科,70,113Y12M
67000,臺南市,25-34歲,女,小學,0,113Y12M
67000,臺南市,25-34歲,女,未詳,0,113Y12M
67000,臺南市,25-34歲,女,碩士,47,113Y12M
67000,臺南市,25-34歲,女,自修,1,113Y12M
67000,臺南市,25-34歲,女,高中職,218,113Y12M
67000,臺南市,25-34歲,男,不識字,0,113Y12M
67000,臺南市,25-34歲,男,博士,0,113Y12M
67000,臺南市,25-34歲,男,國中初職,26,113Y12M
67000,臺南市,25-34歲,男,大學院校,420,113Y12M
67000,臺南市,25-34歲,男,專科,46,113Y12M
67000,臺南市,25-34歲,男,小學,1,113Y12M
67000,臺南市,25-34歲,男,未詳,0,113Y12M
67000,臺南市,25-34歲,男,碩士,51,113Y12M
67000,臺南市,25-34歲,男,自修,0,113Y12M
67000,臺南市,25-34歲,男,高中職,245,113Y12M
67000,臺南市,35-44歲,女,不識字,0,113Y12M
67000,臺南市,35-44歲,女,博士,2,113Y12M
67000,臺南市,35-44歲,女,國中初職,111,113Y12M
67000,臺南市,35-44歲,女,大學院校,360,113Y12M
67000,臺南市,35-44歲,女,專科,92,113Y12M
67000,臺南市,35-44歲,女,小學,2,113Y12M
67000,臺南市,35-44歲,女,未詳,0,113Y12M
67000,臺南市,35-44歲,女,碩士,63,113Y12M
67000,臺南市,35-44歲,女,自修,0,113Y12M
67000,臺南市,35-44歲,女,高中職,297,113Y12M
67000,臺南市,35-44歲,男,不識字,0,113Y12M
67000,臺南市,35-44歲,男,博士,2,113Y12M
67000,臺南市,35-44歲,男,國中初職,73,113Y12M
67000,臺南市,35-44歲,男,大學院校,241,113Y12M
67000,臺南市,35-44歲,男,專科,43,113Y12M
67000,臺南市,35-44歲,男,小學,3,113Y12M
67000,臺南市,35-44歲,男,未詳,0,113Y12M
67000,臺南市,35-44歲,男,碩士,48,113Y12M
67000,臺南市,35-44歲,男,自修,0,113Y12M
67000,臺南市,35-44歲,男,高中職,233,113Y12M
67000,臺南市,45-54歲,女,不識字,0,113Y12M
67000,臺南市,45-54歲,女,博士,4,113Y12M
67000,臺南市,45-54歲,女,國中初職,149,113Y12M
67000,臺南市,45-54歲,女,大學院校,134,113Y12M
67000,臺南市,45-54歲,女,專科,119,113Y12M
67000,臺南市,45-54歲,女,小學,23,113Y12M
67000,臺南市,45-54歲,女,未詳,0,113Y12M
67000,臺南市,45-54歲,女,碩士,41,113Y12M
67000,臺南市,45-54歲,女,自修,0,113Y12M
67000,臺南市,45-54歲,女,高中職,313,113Y12M
67000,臺南市,45-54歲,男,不識字,0,113Y12M
67000,臺南市,45-54歲,男,博士,5,113Y12M
67000,臺南市,45-54歲,男,國中初職,92,113Y12M
67000,臺南市,45-54歲,男,大學院校,59,113Y12M
67000,臺南市,45-54歲,男,專科,58,113Y12M
67000,臺南市,45-54歲,男,小學,15,113Y12M
67000,臺南市,45-54歲,男,未詳,0,113Y12M
67000,臺南市,45-54歲,男,碩士,29,113Y12M
67000,臺南市,45-54歲,男,自修,0,113Y12M
67000,臺南市,45-54歲,男,高中職,178,113Y12M
67000,臺南市,55-64歲,女,不識字,0,113Y12M
67000,臺南市,55-64歲,女,博士,3,113Y12M
67000,臺南市,55-64歲,女,國中初職,189,113Y12M
67000,臺南市,55-64歲,女,大學院校,52,113Y12M
67000,臺南市,55-64歲,女,專科,33,113Y12M
67000,臺南市,55-64歲,女,小學,110,113Y12M
67000,臺南市,55-64歲,女,未詳,0,113Y12M
67000,臺南市,55-64歲,女,碩士,14,113Y12M
67000,臺南市,55-64歲,女,自修,0,113Y12M
67000,臺南市,55-64歲,女,高中職,179,113Y12M
67000,臺南市,55-64歲,男,不識字,1,113Y12M
67000,臺南市,55-64歲,男,博士,1,113Y12M
67000,臺南市,55-64歲,男,國中初職,78,113Y12M
67000,臺南市,55-64歲,男,大學院校,27,113Y12M
67000,臺南市,55-64歲,男,專科,29,113Y12M
67000,臺南市,55-64歲,男,小學,22,113Y12M
67000,臺南市,55-64歲,男,未詳,0,113Y12M
67000,臺南市,55-64歲,男,碩士,8,113Y12M
67000,臺南市,55-64歲,男,自修,0,113Y12M
67000,臺南市,55-64歲,男,高中職,107,113Y12M
67000,臺南市,65歲以上,女,不識字,7,113Y12M
67000,臺南市,65歲以上,女,博士,1,113Y12M
67000,臺南市,65歲以上,女,國中初職,78,113Y12M
67000,臺南市,65歲以上,女,大學院校,19,113Y12M
67000,臺南市,65歲以上,女,專科,10,113Y12M
67000,臺南市,65歲以上,女,小學,298,113Y12M
67000,臺南市,65歲以上,女,未詳,0,113Y12M
67000,臺南市,65歲以上,女,碩士,5,113Y12M
67000,臺南市,65歲以上,女,自修,0,113Y12M
67000,臺南市,65歲以上,女,高中職,57,113Y12M
67000,臺南市,65歲以上,男,不識字,0,113Y12M
67000,臺南市,65歲以上,男,博士,0,113Y12M
67000,臺南市,65歲以上,男,國中初職,20,113Y12M
67000,臺南市,65歲以上,男,大學院校,19,113Y12M
67000,臺南市,65歲以上,男,專科,11,113Y12M
67000,臺南市,65歲以上,男,小學,39,113Y12M
67000,臺南市,65歲以上,男,未詳,0,113Y12M
67000,臺南市,65歲以上,男,碩士,4,113Y12M
67000,臺南市,65歲以上,男,自修,1,113Y12M
67000,臺南市,65歲以上,男,高中職,33,113Y12M
68000,桃園市,15-24歲,女,不識字,0,113Y12M
68000,桃園市,15-24歲,女,博士,1,113Y12M
68000,桃園市,15-24歲,女,國中初職,361,113Y12M
68000,桃園市,15-24歲,女,大學院校,2384,113Y12M
68000,桃園市,15-24歲,女,專科,818,113Y12M
68000,桃園市,15-24歲,女,小學,26,113Y12M
68000,桃園市,15-24歲,女,未詳,0,113Y12M
68000,桃園市,15-24歲,女,碩士,38,113Y12M
68000,桃園市,15-24歲,女,自修,0,113Y12M
68000,桃園市,15-24歲,女,高中職,2751,113Y12M
68000,桃園市,15-24歲,男,不識字,0,113Y12M
68000,桃園市,15-24歲,男,博士,0,113Y12M
68000,桃園市,15-24歲,男,國中初職,476,113Y12M
68000,桃園市,15-24歲,男,大學院校,2308,113Y12M
68000,桃園市,15-24歲,男,專科,210,113Y12M
68000,桃園市,15-24歲,男,小學,20,113Y12M
68000,桃園市,15-24歲,男,未詳,0,113Y12M
68000,桃園市,15-24歲,男,碩士,53,113Y12M
68000,桃園市,15-24歲,男,自修,0,113Y12M
68000,桃園市,15-24歲,男,高中職,3811,113Y12M
68000,桃園市,25-34歲,女,不識字,1,113Y12M
68000,桃園市,25-34歲,女,博士,1,113Y12M
68000,桃園市,25-34歲,女,國中初職,380,113Y12M
68000,桃園市,25-34歲,女,大學院校,3685,113Y12M
68000,桃園市,25-34歲,女,專科,772,113Y12M
68000,桃園市,25-34歲,女,小學,2,113Y12M
68000,桃園市,25-34歲,女,未詳,0,113Y12M
68000,桃園市,25-34歲,女,碩士,238,113Y12M
68000,桃園市,25-34歲,女,自修,0,113Y12M
68000,桃園市,25-34歲,女,高中職,2650,113Y12M
68000,桃園市,25-34歲,男,不識字,0,113Y12M
68000,桃園市,25-34歲,男,博士,5,113Y12M
68000,桃園市,25-34歲,男,國中初職,553,113Y12M
68000,桃園市,25-34歲,男,大學院校,3050,113Y12M
68000,桃園市,25-34歲,男,專科,321,113Y12M
68000,桃園市,25-34歲,男,小學,10,113Y12M
68000,桃園市,25-34歲,男,未詳,0,113Y12M
68000,桃園市,25-34歲,男,碩士,223,113Y12M
68000,桃園市,25-34歲,男,自修,0,113Y12M
68000,桃園市,25-34歲,男,高中職,3373,113Y12M
68000,桃園市,35-44歲,女,不識字,0,113Y12M
68000,桃園市,35-44歲,女,博士,7,113Y12M
68000,桃園市,35-44歲,女,國中初職,1078,113Y12M
68000,桃園市,35-44歲,女,大學院校,1836,113Y12M
68000,桃園市,35-44歲,女,專科,817,113Y12M
68000,桃園市,35-44歲,女,小學,70,113Y12M
68000,桃園市,35-44歲,女,未詳,0,113Y12M
68000,桃園市,35-44歲,女,碩士,191,113Y12M
68000,桃園市,35-44歲,女,自修,0,113Y12M
68000,桃園市,35-44歲,女,高中職,2985,113Y12M
68000,桃園市,35-44歲,男,不識字,0,113Y12M
68000,桃園市,35-44歲,男,博士,15,113Y12M
68000,桃園市,35-44歲,男,國中初職,1081,113Y12M
68000,桃園市,35-44歲,男,大學院校,1451,113Y12M
68000,桃園市,35-44歲,男,專科,418,113Y12M
68000,桃園市,35-44歲,男,小學,69,113Y12M
68000,桃園市,35-44歲,男,未詳,0,113Y12M
68000,桃園市,35-44歲,男,碩士,173,113Y12M
68000,桃園市,35-44歲,男,自修,2,113Y12M
68000,桃園市,35-44歲,男,高中職,2973,113Y12M
68000,桃園市,45-54歲,女,不識字,5,113Y12M
68000,桃園市,45-54歲,女,博士,5,113Y12M
68000,桃園市,45-54歲,女,國中初職,1631,113Y12M
68000,桃園市,45-54歲,女,大學院校,616,113Y12M
68000,桃園市,45-54歲,女,專科,664,113Y12M
68000,桃園市,45-54歲,女,小學,219,113Y12M
68000,桃園市,45-54歲,女,未詳,0,113Y12M
68000,桃園市,45-54歲,女,碩士,151,113Y12M
68000,桃園市,45-54歲,女,自修,0,113Y12M
68000,桃園市,45-54歲,女,高中職,2703,113Y12M
68000,桃園市,45-54歲,男,不識字,1,113Y12M
68000,桃園市,45-54歲,男,博士,18,113Y12M
68000,桃園市,45-54歲,男,國中初職,1332,113Y12M
68000,桃園市,45-54歲,男,大學院校,369,113Y12M
68000,桃園市,45-54歲,男,專科,570,113Y12M
68000,桃園市,45-54歲,男,小學,141,113Y12M
68000,桃園市,45-54歲,男,未詳,0,113Y12M
68000,桃園市,45-54歲,男,碩士,131,113Y12M
68000,桃園市,45-54歲,男,自修,0,113Y12M
68000,桃園市,45-54歲,男,高中職,2207,113Y12M
68000,桃園市,55-64歲,女,不識字,6,113Y12M
68000,桃園市,55-64歲,女,博士,1,113Y12M
68000,桃園市,55-64歲,女,國中初職,1910,113Y12M
68000,桃園市,55-64歲,女,大學院校,230,113Y12M
68000,桃園市,55-64歲,女,專科,191,113Y12M
68000,桃園市,55-64歲,女,小學,941,113Y12M
68000,桃園市,55-64歲,女,未詳,0,113Y12M
68000,桃園市,55-64歲,女,碩士,85,113Y12M
68000,桃園市,55-64歲,女,自修,3,113Y12M
68000,桃園市,55-64歲,女,高中職,1495,113Y12M
68000,桃園市,55-64歲,男,不識字,1,113Y12M
68000,桃園市,55-64歲,男,博士,6,113Y12M
68000,桃園市,55-64歲,男,國中初職,1411,113Y12M
68000,桃園市,55-64歲,男,大學院校,122,113Y12M
68000,桃園市,55-64歲,男,專科,308,113Y12M
68000,桃園市,55-64歲,男,小學,390,113Y12M
68000,桃園市,55-64歲,男,未詳,0,113Y12M
68000,桃園市,55-64歲,男,碩士,50,113Y12M
68000,桃園市,55-64歲,男,自修,1,113Y12M
68000,桃園市,55-64歲,男,高中職,1257,113Y12M
68000,桃園市,65歲以上,女,不識字,47,113Y12M
68000,桃園市,65歲以上,女,博士,1,113Y12M
68000,桃園市,65歲以上,女,國中初職,785,113Y12M
68000,桃園市,65歲以上,女,大學院校,57,113Y12M
68000,桃園市,65歲以上,女,專科,51,113Y12M
68000,桃園市,65歲以上,女,小學,2126,113Y12M
68000,桃園市,65歲以上,女,未詳,0,113Y12M
68000,桃園市,65歲以上,女,碩士,10,113Y12M
68000,桃園市,65歲以上,女,自修,12,113Y12M
68000,桃園市,65歲以上,女,高中職,389,113Y12M
68000,桃園市,65歲以上,男,不識字,9,113Y12M
68000,桃園市,65歲以上,男,博士,2,113Y12M
68000,桃園市,65歲以上,男,國中初職,531,113Y12M
68000,桃園市,65歲以上,男,大學院校,93,113Y12M
68000,桃園市,65歲以上,男,專科,113,113Y12M
68000,桃園市,65歲以上,男,小學,867,113Y12M
68000,桃園市,65歲以上,男,未詳,0,113Y12M
68000,桃園市,65歲以上,男,碩士,23,113Y12M
68000,桃園市,65歲以上,男,自修,3,113Y12M
68000,桃園市,65歲以上,男,高中職,533,113Y12M
