資料時間,縣市代碼,縣市,年齡組,人數,專科以上人數,專科以上占比,人數過少
113Y12M,9007,連江縣,15-24歲,35,23,65.71,是
113Y12M,9007,連江縣,25-34歲,99,56,56.57,是
113Y12M,9007,連江縣,35-44歲,51,21,41.18,是
113Y12M,9007,連江縣,45-54歲,39,10,25.64,是
113Y12M,9007,連江縣,55-64歲,28,6,21.43,是
113Y12M,9007,連江縣,65歲以上,4,1,25.0,是
113Y12M,9020,金門縣,15-24歲,244,149,61.07,是
113Y12M,9020,金門縣,25-34歲,367,264,71.93,是
113Y12M,9020,金門縣,35-44歲,198,111,56.06,是
113Y12M,9020,金門縣,45-54歲,170,59,34.71,是
113Y12M,9020,金門縣,55-64歲,140,31,22.14,是
113Y12M,9020,金門縣,65歲以上,63,9,14.29,是
113Y12M,10002,宜蘭縣,15-24歲,2913,1328,45.59,
113Y12M,10002,宜蘭縣,25-34歲,3056,1658,54.25,
113Y12M,10002,宜蘭縣,35-44歲,2615,1007,38.51,
113Y12M,10002,宜蘭縣,45-54歲,2309,541,23.43,
113Y12M,10002,宜蘭縣,55-64歲,2132,297,13.93,
113Y12M,10002,宜蘭縣,65歲以上,1610,138,8.57,
113Y12M,10004,新竹縣,15-24歲,3634,1503,41.36,
113Y12M,10004,新竹縣,25-34歲,3825,1949,50.95,
113Y12M,10004,新竹縣,35-44歲,3227,1138,35.26,
113Y12M,10004,新竹縣,45-54歲,3064,688,22.45,
113Y12M,10004,新竹縣,55-64歲,2294,329,14.34,
113Y12M,10004,新竹縣,65歲以上,1794,140,7.8,
113Y12M,10005,苗栗縣,15-24歲,1888,754,39.94,
113Y12M,10005,苗栗縣,25-34歲,1956,1010,51.64,
113Y12M,10005,苗栗縣,35-44歲,1672,626,37.44,
113Y12M,10005,苗栗縣,45-54歲,1548,331,21.38,
113Y12M,10005,苗栗縣,55-64歲,1400,200,14.29,
113Y12M,10005,苗栗縣,65歲以上,1093,101,9.24,
113Y12M,10007,彰化縣,15-24歲,1127,517,45.87,
113Y12M,10007,彰化縣,25-34歲,1186,666,56.16,
113Y12M,10007,彰化縣,35-44歲,1061,414,39.02,
113Y12M,10007,彰化縣,45-54歲,715,163,22.8,
113Y12M,10007,彰化縣,55-64歲,615,53,8.62,
113Y12M,10007,彰化縣,65歲以上,373,15,4.02,是
113Y12M,10008,南投縣,15-24歲,4359,1859,42.65,
113Y12M,10008,南投縣,25-34歲,5035,2762,54.86,
113Y12M,10008,南投縣,35-44歲,4225,1510,35.74,
113Y12M,10008,南投縣,45-54歲,3836,890,23.2,
113Y12M,10008,南投縣,55-64歲,3527,464,13.16,
113Y12M,10008,南投縣,65歲以上,2954,222,7.52,
113Y12M,10009,雲林縣,15-24歲,586,284,48.46,
113Y12M,10009,雲林縣,25-34歲,544,320,58.82,
113Y12M,10009,雲林縣,35-44歲,469,185,39.45,是
113Y12M,10009,雲林縣,45-54歲,399,78,19.55,是
113Y12M,10009,雲林縣,55-64歲,283,33,11.66,是
113Y12M,10009,雲林縣,65歲以上,129,4,3.1,是
113Y12M,10010,嘉義縣,15-24歲,839,328,39.09,
113Y12M,10010,嘉義縣,25-34歲,1093,633,57.91,
113Y12M,10010,嘉義縣,35-44歲,853,343,40.21,
113Y12M,10010,嘉義縣,45-54歲,800,199,24.88,
113Y12M,10010,嘉義縣,55-64歲,816,126,15.44,
113Y12M,10010,嘉義縣,65歲以上,730,67,9.18,
113Y12M,10013,屏東縣,15-24歲,7828,3626,46.32,
113Y12M,10013,屏東縣,25-34歲,9557,5560,58.18,
113Y12M,10013,屏東縣,35-44歲,9022,3812,42.25,
113Y12M,10013,屏東縣,45-54歲,8761,2540,28.99,
113Y12M,10013,屏東縣,55-64歲,8727,1249,14.31,
113Y12M,10013,屏東縣,65歲以上,8227,534,6.49,
113Y12M,10014,臺東縣,15-24歲,9456,4388,46.4,
113Y12M,10014,臺東縣,25-34歲,11639,6635,57.01,
113Y12M,10014,臺東縣,35-44歲,10526,4027,38.26,
113Y12M,10014,臺東縣,45-54歲,11407,2726,23.9,
113Y12M,10014,臺東縣,55-64歲,11707,1330,11.36,
113Y12M,10014,臺東縣,65歲以上,12763,661,5.18,
113Y12M,10015,花蓮縣,15-24歲,12012,5365,44.66,
113Y12M,10015,花蓮縣,25-34歲,15004,8601,57.32,
113Y12M,10015,花蓮縣,35-44歲,12483,5172,41.43,
113Y12M,10015,花蓮縣,45-54歲,13274,3715,27.99,
113Y12M,10015,花蓮縣,55-64歲,12813,1935,15.1,
113Y12M,10015,花蓮縣,65歲以上,13889,926,6.67,
113Y12M,10016,澎湖縣,15-24歲,105,59,56.19,是
113Y12M,10016,澎湖縣,25-34歲,200,133,66.5,是
113Y12M,10016,澎湖縣,35-44歲,127,65,51.18,是
113Y12M,10016,澎湖縣,45-54歲,76,24,31.58,是
113Y12M,10016,澎湖縣,55-64歲,62,10,16.13,是
113Y12M,10016,澎湖縣,65歲以上,35,1,2.86,是
113Y12M,10017,基隆市,15-24歲,1397,625,44.74,
113Y12M,10017,基隆市,25-34歲,1722,972,56.45,
113Y12M,10017,基隆市,35-44歲,1508,562,37.27,
113Y12M,10017,基隆市,45-54歲,1283,290,22.6,
113Y12M,10017,基隆市,55-64歲,1214,114,9.39,
113Y12M,10017,基隆市,65歲以上,943,28,2.97,
113Y12M,10018,新竹市,15-24歲,793,323,40.73,
113Y12M,10018,新竹市,25-34歲,803,488,60.77,
113Y12M,10018,新竹市,35-44歲,787,369,46.89,
113Y12M,10018,新竹市,45-54歲,590,196,33.22,
113Y12M,10018,新竹市,55-64歲,416,64,15.38,是
113Y12M,10018,新竹市,65歲以上,270,14,5.19,是
113Y12M,10020,嘉義市,15-24歲,193,107,55.44,是
113Y12M,10020,嘉義市,25-34歲,261,187,71.65,是
113Y12M,10020,嘉義市,35-44歲,198,114,57.58,是
113Y12M,10020,嘉義市,45-54歲,167,84,50.3,是
113Y12M,10020,嘉義市,55-64歲,109,28,25.69,是
113Y12M,10020,嘉義市,65歲以上,70,9,12.86,是
113Y12M,63000,臺北市,15-24歲,2568,1374,53.5,
113Y12M,63000,臺北市,25-34歲,3051,2376,77.88,
113Y12M,63000,臺北市,35-44歲,2931,1931,65.88,
113Y12M,63000,臺北市,45-54歲,2379,1199,50.4,
113Y12M,63000,臺北市,55-64歲,1897,603,31.79,
113Y12M,63000,臺北市,65歲以上,1496,238,15.91,
113Y12M,64000,高雄市,15-24歲,6018,2925,48.6,
113Y12M,64000,高雄市,25-34歲,6432,4163,64.72,
113Y12M,64000,高雄市,35-44歲,5938,2848,47.96,
113Y12M,64000,高雄市,45-54歲,5337,1707,31.98,
113Y12M,64000,高雄市,55-64歲,3800,685,18.03,
113Y12M,64000,高雄市,65歲以上,3215,235,7.31,
113Y12M,65000,新北市,15-24歲,8909,4119,46.23,
113Y12M,65000,新北市,25-34歲,10917,6818,62.45,
113Y12M,65000,新北市,35-44歲,9638,4346,45.09,
113Y12M,65000,新北市,45-54歲,8058,2291,28.43,
113Y12M,65000,新北市,55-64歲,6442,955,14.82,
113Y12M,65000,新北市,65歲以上,4322,342,7.91,
113Y12M,66000,臺中市,15-24歲,6258,2736,43.72,
113Y12M,66000,臺中市,25-34歲,7242,4308,59.49,
113Y12M,66000,臺中市,35-44歲,5957,2626,44.08,
113Y12M,66000,臺中市,45-54歲,4553,1203,26.42,
113Y12M,66000,臺中市,55-64歲,3956,621,15.7,
113Y12M,66000,臺中市,65歲以上,2503,243,9.71,
113Y12M,67000,臺南市,15-24歲,1568,794,50.64,
113Y12M,67000,臺南市,25-34歲,1751,1238,70.7,
113Y12M,67000,臺南市,35-44歲,1570,851,54.2,
113Y12M,67000,臺南市,45-54歲,1219,449,36.83,
113Y12M,67000,臺南市,55-64歲,853,167,19.58,
113Y12M,67000,臺南市,65歲以上,602,69,11.46,
113Y12M,68000,桃園市,15-24歲,13257,5812,43.84,
113Y12M,68000,桃園市,25-34歲,15264,8295,54.34,
113Y12M,68000,桃園市,35-44歲,13166,4908,37.28,
113Y12M,68000,桃園市,45-54歲,10763,2524,23.45,
113Y12M,68000,桃園市,55-64歲,8408,993,11.81,
113Y12M,68000,桃園市,65歲以上,5652,350,6.19,
