學年度,族籍別,性別,等級別,在學數
104,總計,男,總計,10771
104,總計,男,博士班,65
104,總計,男,碩士班,652
104,總計,男,學士班,8999
104,總計,男,二專,394
104,總計,男,五專,661
104,總計,女,總計,16672
104,總計,女,博士班,34
104,總計,女,碩士班,760
104,總計,女,學士班,11180
104,總計,女,二專,674
104,總計,女,五專,4024
104,阿美族,男,總計,4069
104,阿美族,男,博士班,18
104,阿美族,男,碩士班,204
104,阿美族,男,學士班,3495
104,阿美族,男,二專,149
104,阿美族,男,五專,203
104,阿美族,女,總計,5792
104,阿美族,女,博士班,5
104,阿美族,女,碩士班,212
104,阿美族,女,學士班,4124
104,阿美族,女,二專,278
104,阿美族,女,五專,1173
104,泰雅族,男,總計,1637
104,泰雅族,男,博士班,14
104,泰雅族,男,碩士班,109
104,泰雅族,男,學士班,1359
104,泰雅族,男,二專,44
104,泰雅族,男,五專,111
104,泰雅族,女,總計,2597
104,泰雅族,女,博士班,6
104,泰雅族,女,碩士班,133
104,泰雅族,女,學士班,1722
104,泰雅族,女,二專,61
104,泰雅族,女,五專,675
104,排灣族,男,總計,1860
104,排灣族,男,博士班,13
104,排灣族,男,碩士班,138
104,排灣族,男,學士班,1505
104,排灣族,男,二專,63
104,排灣族,男,五專,141
104,排灣族,女,總計,3189
104,排灣族,女,博士班,11
104,排灣族,女,碩士班,153
104,排灣族,女,學士班,2032
104,排灣族,女,二專,122
104,排灣族,女,五專,871
104,布農族,男,總計,1162
104,布農族,男,博士班,7
104,布農族,男,碩士班,78
104,布農族,男,學士班,933
104,布農族,男,二專,58
104,布農族,男,五專,86
104,布農族,女,總計,1875
104,布農族,女,博士班,5
104,布農族,女,碩士班,96
104,布農族,女,學士班,1125
104,布農族,女,二專,82
104,布農族,女,五專,567
104,卑南族,男,總計,331
104,卑南族,男,博士班,1
104,卑南族,男,碩士班,16
104,卑南族,男,學士班,278
104,卑南族,男,二專,9
104,卑南族,男,五專,27
104,卑南族,女,總計,455
104,卑南族,女,博士班,1
104,卑南族,女,碩士班,33
104,卑南族,女,學士班,311
104,卑南族,女,二專,20
104,卑南族,女,五專,90
104,鄒族,男,總計,173
104,鄒族,男,博士班,1
104,鄒族,男,碩士班,10
104,鄒族,男,學士班,149
104,鄒族,男,二專,6
104,鄒族,男,五專,7
104,鄒族,女,總計,228
104,鄒族,女,博士班,1
104,鄒族,女,碩士班,15
104,鄒族,女,學士班,180
104,鄒族,女,二專,6
104,鄒族,女,五專,26
104,魯凱族,男,總計,266
104,魯凱族,男,博士班,3
104,魯凱族,男,碩士班,16
104,魯凱族,男,學士班,204
104,魯凱族,男,二專,21
104,魯凱族,男,五專,22
104,魯凱族,女,總計,460
104,魯凱族,女,博士班,1
104,魯凱族,女,碩士班,25
104,魯凱族,女,學士班,296
104,魯凱族,女,二專,33
104,魯凱族,女,五專,105
104,賽夏族,男,總計,152
104,賽夏族,男,博士班,1
104,賽夏族,男,碩士班,10
104,賽夏族,男,學士班,125
104,賽夏族,男,二專,4
104,賽夏族,男,五專,12
104,賽夏族,女,總計,208
104,賽夏族,女,博士班,1
104,賽夏族,女,碩士班,12
104,賽夏族,女,學士班,151
104,賽夏族,女,二專,10
104,賽夏族,女,五專,34
104,雅美族,男,總計,86
104,雅美族,男,博士班,0
104,雅美族,男,碩士班,5
104,雅美族,男,學士班,75
104,雅美族,男,二專,2
104,雅美族,男,五專,4
104,雅美族,女,總計,133
104,雅美族,女,博士班,0
104,雅美族,女,碩士班,4
104,雅美族,女,學士班,110
104,雅美族,女,二專,4
104,雅美族,女,五專,15
104,邵族,男,總計,24
104,邵族,男,博士班,0
104,邵族,男,碩士班,1
104,邵族,男,學士班,21
104,邵族,男,二專,1
104,邵族,男,五專,1
104,邵族,女,總計,30
104,邵族,女,博士班,2
104,邵族,女,碩士班,0
104,邵族,女,學士班,21
104,邵族,女,二專,1
104,邵族,女,五專,6
104,噶瑪蘭族,男,總計,34
104,噶瑪蘭族,男,博士班,0
104,噶瑪蘭族,男,碩士班,1
104,噶瑪蘭族,男,學士班,33
104,噶瑪蘭族,男,二專,0
104,噶瑪蘭族,男,五專,0
104,噶瑪蘭族,女,總計,48
104,噶瑪蘭族,女,博士班,0
104,噶瑪蘭族,女,碩士班,5
104,噶瑪蘭族,女,學士班,33
104,噶瑪蘭族,女,二專,0
104,噶瑪蘭族,女,五專,10
104,太魯閣族,男,總計,652
104,太魯閣族,男,博士班,4
104,太魯閣族,男,碩士班,47
104,太魯閣族,男,學士班,538
104,太魯閣族,男,二專,25
104,太魯閣族,男,五專,38
104,太魯閣族,女,總計,1154
104,太魯閣族,女,博士班,0
104,太魯閣族,女,碩士班,53
104,太魯閣族,女,學士班,739
104,太魯閣族,女,二專,42
104,太魯閣族,女,五專,320
104,撒奇萊雅族,男,總計,42
104,撒奇萊雅族,男,博士班,0
104,撒奇萊雅族,男,碩士班,3
104,撒奇萊雅族,男,學士班,35
104,撒奇萊雅族,男,二專,1
104,撒奇萊雅族,男,五專,3
104,撒奇萊雅族,女,總計,57
104,撒奇萊雅族,女,博士班,0
104,撒奇萊雅族,女,碩士班,3
104,撒奇萊雅族,女,學士班,46
104,撒奇萊雅族,女,二專,2
104,撒奇萊雅族,女,五專,6
104,賽德克族,男,總計,242
104,賽德克族,男,博士班,2
104,賽德克族,男,碩士班,13
104,賽德克族,男,學士班,213
104,賽德克族,男,二專,9
104,賽德克族,男,五專,5
104,賽德克族,女,總計,391
104,賽德克族,女,博士班,1
104,賽德克族,女,碩士班,13
104,賽德克族,女,學士班,256
104,賽德克族,女,二專,9
104,賽德克族,女,五專,112
104,拉阿魯哇族,男,總計,5
104,拉阿魯哇族,男,博士班,0
104,拉阿魯哇族,男,碩士班,0
104,拉阿魯哇族,男,學士班,5
104,拉阿魯哇族,男,二專,0
104,拉阿魯哇族,男,五專,0
104,拉阿魯哇族,女,總計,7
104,拉阿魯哇族,女,博士班,0
104,拉阿魯哇族,女,碩士班,0
104,拉阿魯哇族,女,學士班,5
104,拉阿魯哇族,女,二專,0
104,拉阿魯哇族,女,五專,2
104,卡那卡那富族,男,總計,4
104,卡那卡那富族,男,博士班,1
104,卡那卡那富族,男,碩士班,0
104,卡那卡那富族,男,學士班,2
104,卡那卡那富族,男,二專,0
104,卡那卡那富族,男,五專,1
104,卡那卡那富族,女,總計,6
104,卡那卡那富族,女,博士班,0
104,卡那卡那富族,女,碩士班,0
104,卡那卡那富族,女,學士班,5
104,卡那卡那富族,女,二專,0
104,卡那卡那富族,女,五專,1
104,其他,男,總計,32
104,其他,男,博士班,0
104,其他,男,碩士班,1
104,其他,男,學士班,29
104,其他,男,二專,2
104,其他,男,五專,0
104,其他,女,總計,42
104,其他,女,博士班,0
104,其他,女,碩士班,3
104,其他,女,學士班,24
104,其他,女,二專,4
104,其他,女,五專,11
105,總計,男,總計,10547
105,總計,男,博士班,77
105,總計,男,碩士班,694
105,總計,男,學士班,8713
105,總計,男,二專,410
105,總計,男,五專,653
105,總計,女,總計,16474
105,總計,女,博士班,50
105,總計,女,碩士班,800
105,總計,女,學士班,11082
105,總計,女,二專,700
105,總計,女,五專,3842
105,阿美族,男,總計,3949
105,阿美族,男,博士班,18
105,阿美族,男,碩士班,221
105,阿美族,男,學士班,3355
105,阿美族,男,二專,143
105,阿美族,男,五專,212
105,阿美族,女,總計,5740
105,阿美族,女,博士班,9
105,阿美族,女,碩士班,222
105,阿美族,女,學士班,4092
105,阿美族,女,二專,272
105,阿美族,女,五專,1145
105,泰雅族,男,總計,1639
105,泰雅族,男,博士班,16
105,泰雅族,男,碩士班,120
105,泰雅族,男,學士班,1362
105,泰雅族,男,二專,46
105,泰雅族,男,五專,95
105,泰雅族,女,總計,2581
105,泰雅族,女,博士班,11
105,泰雅族,女,碩士班,143
105,泰雅族,女,學士班,1703
105,泰雅族,女,二專,89
105,泰雅族,女,五專,635
105,排灣族,男,總計,1873
105,排灣族,男,博士班,13
105,排灣族,男,碩士班,139
105,排灣族,男,學士班,1482
105,排灣族,男,二專,95
105,排灣族,男,五專,144
105,排灣族,女,總計,3288
105,排灣族,女,博士班,14
105,排灣族,女,碩士班,142
105,排灣族,女,學士班,2143
105,排灣族,女,二專,161
105,排灣族,女,五專,828
105,布農族,男,總計,1131
105,布農族,男,博士班,9
105,布農族,男,碩士班,81
105,布農族,男,學士班,903
105,布農族,男,二專,48
105,布農族,男,五專,90
105,布農族,女,總計,1782
105,布農族,女,博士班,6
105,布農族,女,碩士班,97
105,布農族,女,學士班,1072
105,布農族,女,二專,66
105,布農族,女,五專,541
105,卑南族,男,總計,318
105,卑南族,男,博士班,2
105,卑南族,男,碩士班,17
105,卑南族,男,學士班,270
105,卑南族,男,二專,10
105,卑南族,男,五專,19
105,卑南族,女,總計,437
105,卑南族,女,博士班,2
105,卑南族,女,碩士班,31
105,卑南族,女,學士班,310
105,卑南族,女,二專,14
105,卑南族,女,五專,80
105,鄒族,男,總計,159
105,鄒族,男,博士班,2
105,鄒族,男,碩士班,10
105,鄒族,男,學士班,140
105,鄒族,男,二專,2
105,鄒族,男,五專,5
105,鄒族,女,總計,219
105,鄒族,女,博士班,0
105,鄒族,女,碩士班,19
105,鄒族,女,學士班,174
105,鄒族,女,二專,2
105,鄒族,女,五專,24
105,魯凱族,男,總計,265
105,魯凱族,男,博士班,5
105,魯凱族,男,碩士班,19
105,魯凱族,男,學士班,208
105,魯凱族,男,二專,13
105,魯凱族,男,五專,20
105,魯凱族,女,總計,477
105,魯凱族,女,博士班,1
105,魯凱族,女,碩士班,32
105,魯凱族,女,學士班,309
105,魯凱族,女,二專,32
105,魯凱族,女,五專,103
105,賽夏族,男,總計,149
105,賽夏族,男,博士班,2
105,賽夏族,男,碩士班,10
105,賽夏族,男,學士班,127
105,賽夏族,男,二專,4
105,賽夏族,男,五專,6
105,賽夏族,女,總計,186
105,賽夏族,女,博士班,1
105,賽夏族,女,碩士班,13
105,賽夏族,女,學士班,134
105,賽夏族,女,二專,3
105,賽夏族,女,五專,35
105,雅美族,男,總計,90
105,雅美族,男,博士班,0
105,雅美族,男,碩士班,3
105,雅美族,男,學士班,79
105,雅美族,男,二專,4
105,雅美族,男,五專,4
105,雅美族,女,總計,138
105,雅美族,女,博士班,0
105,雅美族,女,碩士班,4
105,雅美族,女,學士班,115
105,雅美族,女,二專,3
105,雅美族,女,五專,16
105,邵族,男,總計,23
105,邵族,男,博士班,0
105,邵族,男,碩士班,1
105,邵族,男,學士班,21
105,邵族,男,二專,0
105,邵族,男,五專,1
105,邵族,女,總計,25
105,邵族,女,博士班,2
105,邵族,女,碩士班,1
105,邵族,女,學士班,19
105,邵族,女,二專,0
105,邵族,女,五專,3
105,噶瑪蘭族,男,總計,31
105,噶瑪蘭族,男,博士班,0
105,噶瑪蘭族,男,碩士班,0
105,噶瑪蘭族,男,學士班,30
105,噶瑪蘭族,男,二專,1
105,噶瑪蘭族,男,五專,0
105,噶瑪蘭族,女,總計,39
105,噶瑪蘭族,女,博士班,0
105,噶瑪蘭族,女,碩士班,1
105,噶瑪蘭族,女,學士班,32
105,噶瑪蘭族,女,二專,0
105,噶瑪蘭族,女,五專,6
105,太魯閣族,男,總計,644
105,太魯閣族,男,博士班,5
105,太魯閣族,男,碩士班,52
105,太魯閣族,男,學士班,506
105,太魯閣族,男,二專,32
105,太魯閣族,男,五專,49
105,太魯閣族,女,總計,1138
105,太魯閣族,女,博士班,3
105,太魯閣族,女,碩士班,71
105,太魯閣族,女,學士班,712
105,太魯閣族,女,二專,45
105,太魯閣族,女,五專,307
105,撒奇萊雅族,男,總計,34
105,撒奇萊雅族,男,博士班,1
105,撒奇萊雅族,男,碩士班,3
105,撒奇萊雅族,男,學士班,28
105,撒奇萊雅族,男,二專,0
105,撒奇萊雅族,男,五專,2
105,撒奇萊雅族,女,總計,27
105,撒奇萊雅族,女,博士班,0
105,撒奇萊雅族,女,碩士班,2
105,撒奇萊雅族,女,學士班,18
105,撒奇萊雅族,女,二專,1
105,撒奇萊雅族,女,五專,6
105,賽德克族,男,總計,228
105,賽德克族,男,博士班,2
105,賽德克族,男,碩士班,17
105,賽德克族,男,學士班,194
105,賽德克族,男,二專,10
105,賽德克族,男,五專,5
105,賽德克族,女,總計,383
105,賽德克族,女,博士班,1
105,賽德克族,女,碩士班,20
105,賽德克族,女,學士班,239
105,賽德克族,女,二專,12
105,賽德克族,女,五專,111
105,拉阿魯哇族,男,總計,8
105,拉阿魯哇族,男,博士班,1
105,拉阿魯哇族,男,碩士班,0
105,拉阿魯哇族,男,學士班,6
105,拉阿魯哇族,男,二專,1
105,拉阿魯哇族,男,五專,0
105,拉阿魯哇族,女,總計,7
105,拉阿魯哇族,女,博士班,0
105,拉阿魯哇族,女,碩士班,1
105,拉阿魯哇族,女,學士班,5
105,拉阿魯哇族,女,二專,0
105,拉阿魯哇族,女,五專,1
105,卡那卡那富族,男,總計,6
105,卡那卡那富族,男,博士班,1
105,卡那卡那富族,男,碩士班,1
105,卡那卡那富族,男,學士班,2
105,卡那卡那富族,男,二專,1
105,卡那卡那富族,男,五專,1
105,卡那卡那富族,女,總計,7
105,卡那卡那富族,女,博士班,0
105,卡那卡那富族,女,碩士班,1
105,卡那卡那富族,女,學士班,5
105,卡那卡那富族,女,二專,0
105,卡那卡那富族,女,五專,1
106,總計,男,總計,10553
106,總計,男,博士班,85
106,總計,男,碩士班,762
106,總計,男,學士班,8719
106,總計,男,二專,382
106,總計,男,五專,605
106,總計,女,總計,16538
106,總計,女,博士班,53
106,總計,女,碩士班,932
106,總計,女,學士班,11166
106,總計,女,二專,726
106,總計,女,五專,3661
106,阿美族,男,總計,3892
106,阿美族,男,博士班,19
106,阿美族,男,碩士班,247
106,阿美族,男,學士班,3319
106,阿美族,男,二專,106
106,阿美族,男,五專,201
106,阿美族,女,總計,5678
106,阿美族,女,博士班,11
106,阿美族,女,碩士班,254
106,阿美族,女,學士班,4092
106,阿美族,女,二專,229
106,阿美族,女,五專,1092
106,泰雅族,男,總計,1670
106,泰雅族,男,博士班,15
106,泰雅族,男,碩士班,121
106,泰雅族,男,學士班,1389
106,泰雅族,男,二專,57
106,泰雅族,男,五專,88
106,泰雅族,女,總計,2536
106,泰雅族,女,博士班,7
106,泰雅族,女,碩士班,165
106,泰雅族,女,學士班,1664
106,泰雅族,女,二專,97
106,泰雅族,女,五專,603
106,排灣族,男,總計,1844
106,排灣族,男,博士班,17
106,排灣族,男,碩士班,151
106,排灣族,男,學士班,1448
106,排灣族,男,二專,106
106,排灣族,男,五專,122
106,排灣族,女,總計,3310
106,排灣族,女,博士班,18
106,排灣族,女,碩士班,182
106,排灣族,女,學士班,2130
106,排灣族,女,二專,180
106,排灣族,女,五專,800
106,布農族,男,總計,1134
106,布農族,男,博士班,10
106,布農族,男,碩士班,92
106,布農族,男,學士班,909
106,布農族,男,二專,35
106,布農族,男,五專,88
106,布農族,女,總計,1748
106,布農族,女,博士班,9
106,布農族,女,碩士班,110
106,布農族,女,學士班,1053
106,布農族,女,二專,75
106,布農族,女,五專,501
106,卑南族,男,總計,302
106,卑南族,男,博士班,1
106,卑南族,男,碩士班,20
106,卑南族,男,學士班,262
106,卑南族,男,二專,9
106,卑南族,男,五專,10
106,卑南族,女,總計,435
106,卑南族,女,博士班,1
106,卑南族,女,碩士班,39
106,卑南族,女,學士班,292
106,卑南族,女,二專,15
106,卑南族,女,五專,88
106,鄒族,男,總計,151
106,鄒族,男,博士班,2
106,鄒族,男,碩士班,13
106,鄒族,男,學士班,131
106,鄒族,男,二專,2
106,鄒族,男,五專,3
106,鄒族,女,總計,223
106,鄒族,女,博士班,1
106,鄒族,女,碩士班,16
106,鄒族,女,學士班,184
106,鄒族,女,二專,3
106,鄒族,女,五專,19
106,魯凱族,男,總計,283
106,魯凱族,男,博士班,6
106,魯凱族,男,碩士班,19
106,魯凱族,男,學士班,219
106,魯凱族,男,二專,16
106,魯凱族,男,五專,23
106,魯凱族,女,總計,504
106,魯凱族,女,博士班,1
106,魯凱族,女,碩士班,44
106,魯凱族,女,學士班,334
106,魯凱族,女,二專,27
106,魯凱族,女,五專,98
106,賽夏族,男,總計,157
106,賽夏族,男,博士班,2
106,賽夏族,男,碩士班,14
106,賽夏族,男,學士班,131
106,賽夏族,男,二專,3
106,賽夏族,男,五專,7
106,賽夏族,女,總計,210
106,賽夏族,女,博士班,1
106,賽夏族,女,碩士班,9
106,賽夏族,女,學士班,164
106,賽夏族,女,二專,4
106,賽夏族,女,五專,32
106,雅美族,男,總計,101
106,雅美族,男,博士班,0
106,雅美族,男,碩士班,4
106,雅美族,男,學士班,84
106,雅美族,男,二專,10
106,雅美族,男,五專,3
106,雅美族,女,總計,169
106,雅美族,女,博士班,0
106,雅美族,女,碩士班,5
106,雅美族,女,學士班,124
106,雅美族,女,二專,27
106,雅美族,女,五專,13
106,邵族,男,總計,27
106,邵族,男,博士班,0
106,邵族,男,碩士班,3
106,邵族,男,學士班,23
106,邵族,男,二專,0
106,邵族,男,五專,1
106,邵族,女,總計,28
106,邵族,女,博士班,1
106,邵族,女,碩士班,1
106,邵族,女,學士班,23
106,邵族,女,二專,2
106,邵族,女,五專,1
106,噶瑪蘭族,男,總計,28
106,噶瑪蘭族,男,博士班,0
106,噶瑪蘭族,男,碩士班,1
106,噶瑪蘭族,男,學士班,26
106,噶瑪蘭族,男,二專,1
106,噶瑪蘭族,男,五專,0
106,噶瑪蘭族,女,總計,43
106,噶瑪蘭族,女,博士班,0
106,噶瑪蘭族,女,碩士班,2
106,噶瑪蘭族,女,學士班,33
106,噶瑪蘭族,女,二專,3
106,噶瑪蘭族,女,五專,5
106,太魯閣族,男,總計,653
106,太魯閣族,男,博士班,7
106,太魯閣族,男,碩士班,52
106,太魯閣族,男,學士班,516
106,太魯閣族,男,二專,26
106,太魯閣族,男,五專,52
106,太魯閣族,女,總計,1168
106,太魯閣族,女,博士班,2
106,太魯閣族,女,碩士班,72
106,太魯閣族,女,學士班,752
106,太魯閣族,女,二專,50
106,太魯閣族,女,五專,292
106,撒奇萊雅族,男,總計,50
106,撒奇萊雅族,男,博士班,1
106,撒奇萊雅族,男,碩士班,3
106,撒奇萊雅族,男,學士班,44
106,撒奇萊雅族,男,二專,0
106,撒奇萊雅族,男,五專,2
106,撒奇萊雅族,女,總計,60
106,撒奇萊雅族,女,博士班,0
106,撒奇萊雅族,女,碩士班,3
106,撒奇萊雅族,女,學士班,51
106,撒奇萊雅族,女,二專,2
106,撒奇萊雅族,女,五專,4
106,賽德克族,男,總計,246
106,賽德克族,男,博士班,3
106,賽德克族,男,碩士班,22
106,賽德克族,男,學士班,208
106,賽德克族,男,二專,9
106,賽德克族,男,五專,4
106,賽德克族,女,總計,402
106,賽德克族,女,博士班,1
106,賽德克族,女,碩士班,29
106,賽德克族,女,學士班,254
106,賽德克族,女,二專,10
106,賽德克族,女,五專,108
106,拉阿魯哇族,男,總計,9
106,拉阿魯哇族,男,博士班,1
106,拉阿魯哇族,男,碩士班,0
106,拉阿魯哇族,男,學士班,8
106,拉阿魯哇族,男,二專,0
106,拉阿魯哇族,男,五專,0
106,拉阿魯哇族,女,總計,12
106,拉阿魯哇族,女,博士班,0
106,拉阿魯哇族,女,碩士班,1
106,拉阿魯哇族,女,學士班,7
106,拉阿魯哇族,女,二專,1
106,拉阿魯哇族,女,五專,3
106,卡那卡那富族,男,總計,6
106,卡那卡那富族,男,博士班,1
106,卡那卡那富族,男,碩士班,0
106,卡那卡那富族,男,學士班,2
106,卡那卡那富族,男,二專,2
106,卡那卡那富族,男,五專,1
106,卡那卡那富族,女,總計,12
106,卡那卡那富族,女,博士班,0
106,卡那卡那富族,女,碩士班,0
106,卡那卡那富族,女,學士班,9
106,卡那卡那富族,女,二專,1
106,卡那卡那富族,女,五專,2
107,總計,男,總計,10746
107,總計,男,博士班,87
107,總計,男,碩士班,796
107,總計,男,學士班,8923
107,總計,男,二專,353
107,總計,男,五專,587
107,總計,女,總計,16801
107,總計,女,博士班,60
107,總計,女,碩士班,1073
107,總計,女,學士班,11465
107,總計,女,二專,618
107,總計,女,五專,3585
107,阿美族,男,總計,3957
107,阿美族,男,博士班,21
107,阿美族,男,碩士班,242
107,阿美族,男,學士班,3401
107,阿美族,男,二專,106
107,阿美族,男,五專,187
107,阿美族,女,總計,5768
107,阿美族,女,博士班,11
107,阿美族,女,碩士班,310
107,阿美族,女,學士班,4156
107,阿美族,女,二專,216
107,阿美族,女,五專,1075
107,泰雅族,男,總計,1740
107,泰雅族,男,博士班,18
107,泰雅族,男,碩士班,138
107,泰雅族,男,學士班,1443
107,泰雅族,男,二專,52
107,泰雅族,男,五專,89
107,泰雅族,女,總計,2707
107,泰雅族,女,博士班,9
107,泰雅族,女,碩士班,180
107,泰雅族,女,學士班,1819
107,泰雅族,女,二專,80
107,泰雅族,女,五專,619
107,排灣族,男,總計,1898
107,排灣族,男,博士班,20
107,排灣族,男,碩士班,144
107,排灣族,男,學士班,1513
107,排灣族,男,二專,92
107,排灣族,男,五專,129
107,排灣族,女,總計,3347
107,排灣族,女,博士班,20
107,排灣族,女,碩士班,218
107,排灣族,女,學士班,2216
107,排灣族,女,二專,136
107,排灣族,女,五專,757
107,布農族,男,總計,1187
107,布農族,男,博士班,8
107,布農族,男,碩士班,107
107,布農族,男,學士班,953
107,布農族,男,二專,38
107,布農族,男,五專,81
107,布農族,女,總計,1800
107,布農族,女,博士班,10
107,布農族,女,碩士班,131
107,布農族,女,學士班,1100
107,布農族,女,二專,78
107,布農族,女,五專,481
107,卑南族,男,總計,281
107,卑南族,男,博士班,1
107,卑南族,男,碩士班,24
107,卑南族,男,學士班,238
107,卑南族,男,二專,9
107,卑南族,男,五專,9
107,卑南族,女,總計,449
107,卑南族,女,博士班,2
107,卑南族,女,碩士班,42
107,卑南族,女,學士班,294
107,卑南族,女,二專,15
107,卑南族,女,五專,96
107,鄒族,男,總計,140
107,鄒族,男,博士班,4
107,鄒族,男,碩士班,16
107,鄒族,男,學士班,114
107,鄒族,男,二專,2
107,鄒族,男,五專,4
107,鄒族,女,總計,212
107,鄒族,女,博士班,0
107,鄒族,女,碩士班,18
107,鄒族,女,學士班,176
107,鄒族,女,二專,3
107,鄒族,女,五專,15
107,魯凱族,男,總計,289
107,魯凱族,男,博士班,4
107,魯凱族,男,碩士班,21
107,魯凱族,男,學士班,225
107,魯凱族,男,二專,14
107,魯凱族,男,五專,25
107,魯凱族,女,總計,498
107,魯凱族,女,博士班,1
107,魯凱族,女,碩士班,51
107,魯凱族,女,學士班,338
107,魯凱族,女,二專,16
107,魯凱族,女,五專,92
107,賽夏族,男,總計,147
107,賽夏族,男,博士班,2
107,賽夏族,男,碩士班,9
107,賽夏族,男,學士班,127
107,賽夏族,男,二專,3
107,賽夏族,男,五專,6
107,賽夏族,女,總計,187
107,賽夏族,女,博士班,1
107,賽夏族,女,碩士班,8
107,賽夏族,女,學士班,139
107,賽夏族,女,二專,5
107,賽夏族,女,五專,34
107,雅美族,男,總計,90
107,雅美族,男,博士班,0
107,雅美族,男,碩士班,3
107,雅美族,男,學士班,85
107,雅美族,男,二專,0
107,雅美族,男,五專,2
107,雅美族,女,總計,154
107,雅美族,女,博士班,0
107,雅美族,女,碩士班,5
107,雅美族,女,學士班,135
107,雅美族,女,二專,3
107,雅美族,女,五專,11
107,邵族,男,總計,28
107,邵族,男,博士班,0
107,邵族,男,碩士班,2
107,邵族,男,學士班,25
107,邵族,男,二專,1
107,邵族,男,五專,0
107,邵族,女,總計,31
107,邵族,女,博士班,1
107,邵族,女,碩士班,4
107,邵族,女,學士班,21
107,邵族,女,二專,3
107,邵族,女,五專,2
107,噶瑪蘭族,男,總計,38
107,噶瑪蘭族,男,博士班,0
107,噶瑪蘭族,男,碩士班,0
107,噶瑪蘭族,男,學士班,34
107,噶瑪蘭族,男,二專,3
107,噶瑪蘭族,男,五專,1
107,噶瑪蘭族,女,總計,44
107,噶瑪蘭族,女,博士班,0
107,噶瑪蘭族,女,碩士班,2
107,噶瑪蘭族,女,學士班,31
107,噶瑪蘭族,女,二專,4
107,噶瑪蘭族,女,五專,7
107,太魯閣族,男,總計,663
107,太魯閣族,男,博士班,6
107,太魯閣族,男,碩士班,56
107,太魯閣族,男,學士班,536
107,太魯閣族,男,二專,23
107,太魯閣族,男,五專,42
107,太魯閣族,女,總計,1154
107,太魯閣族,女,博士班,3
107,太魯閣族,女,碩士班,61
107,太魯閣族,女,學士班,758
107,太魯閣族,女,二專,46
107,太魯閣族,女,五專,286
107,撒奇萊雅族,男,總計,28
107,撒奇萊雅族,男,博士班,1
107,撒奇萊雅族,男,碩士班,2
107,撒奇萊雅族,男,學士班,23
107,撒奇萊雅族,男,二專,0
107,撒奇萊雅族,男,五專,2
107,撒奇萊雅族,女,總計,28
107,撒奇萊雅族,女,博士班,0
107,撒奇萊雅族,女,碩士班,3
107,撒奇萊雅族,女,學士班,18
107,撒奇萊雅族,女,二專,2
107,撒奇萊雅族,女,五專,5
107,賽德克族,男,總計,228
107,賽德克族,男,博士班,1
107,賽德克族,男,碩士班,24
107,賽德克族,男,學士班,186
107,賽德克族,男,二專,10
107,賽德克族,男,五專,7
107,賽德克族,女,總計,369
107,賽德克族,女,博士班,2
107,賽德克族,女,碩士班,37
107,賽德克族,女,學士班,221
107,賽德克族,女,二專,9
107,賽德克族,女,五專,100
107,拉阿魯哇族,男,總計,12
107,拉阿魯哇族,男,博士班,1
107,拉阿魯哇族,男,碩士班,3
107,拉阿魯哇族,男,學士班,7
107,拉阿魯哇族,男,二專,0
107,拉阿魯哇族,男,五專,1
107,拉阿魯哇族,女,總計,22
107,拉阿魯哇族,女,博士班,0
107,拉阿魯哇族,女,碩士班,2
107,拉阿魯哇族,女,學士班,16
107,拉阿魯哇族,女,二專,1
107,拉阿魯哇族,女,五專,3
107,卡那卡那富族,男,總計,9
107,卡那卡那富族,男,博士班,0
107,卡那卡那富族,男,碩士班,0
107,卡那卡那富族,男,學士班,7
107,卡那卡那富族,男,二專,0
107,卡那卡那富族,男,五專,2
107,卡那卡那富族,女,總計,13
107,卡那卡那富族,女,博士班,0
107,卡那卡那富族,女,碩士班,0
107,卡那卡那富族,女,學士班,12
107,卡那卡那富族,女,二專,0
107,卡那卡那富族,女,五專,1
107,尚未申報族籍,男,總計,11
107,尚未申報族籍,男,博士班,0
107,尚未申報族籍,男,碩士班,5
107,尚未申報族籍,男,學士班,6
107,尚未申報族籍,男,二專,0
107,尚未申報族籍,男,五專,0
107,尚未申報族籍,女,總計,18
107,尚未申報族籍,女,博士班,0
107,尚未申報族籍,女,碩士班,1
107,尚未申報族籍,女,學士班,15
107,尚未申報族籍,女,二專,1
107,尚未申報族籍,女,五專,1
108,總計,男,總計,10890
108,總計,男,博士班,93
108,總計,男,碩士班,875
108,總計,男,學士班,8979
108,總計,男,二專,347
108,總計,男,五專,596
108,總計,女,總計,16693
108,總計,女,博士班,62
108,總計,女,碩士班,1158
108,總計,女,學士班,11337
108,總計,女,二專,614
108,總計,女,五專,3522
108,阿美族,男,總計,4057
108,阿美族,男,博士班,22
108,阿美族,男,碩士班,275
108,阿美族,男,學士班,3463
108,阿美族,男,二專,113
108,阿美族,男,五專,184
108,阿美族,女,總計,5690
108,阿美族,女,博士班,10
108,阿美族,女,碩士班,334
108,阿美族,女,學士班,4081
108,阿美族,女,二專,237
108,阿美族,女,五專,1028
108,泰雅族,男,總計,1761
108,泰雅族,男,博士班,15
108,泰雅族,男,碩士班,155
108,泰雅族,男,學士班,1435
108,泰雅族,男,二專,51
108,泰雅族,男,五專,105
108,泰雅族,女,總計,2700
108,泰雅族,女,博士班,13
108,泰雅族,女,碩士班,196
108,泰雅族,女,學士班,1781
108,泰雅族,女,二專,95
108,泰雅族,女,五專,615
108,排灣族,男,總計,1979
108,排灣族,男,博士班,27
108,排灣族,男,碩士班,166
108,排灣族,男,學士班,1581
108,排灣族,男,二專,77
108,排灣族,男,五專,128
108,排灣族,女,總計,3318
108,排灣族,女,博士班,17
108,排灣族,女,碩士班,234
108,排灣族,女,學士班,2210
108,排灣族,女,二專,107
108,排灣族,女,五專,750
108,布農族,男,總計,1204
108,布農族,男,博士班,12
108,布農族,男,碩士班,110
108,布農族,男,學士班,970
108,布農族,男,二專,35
108,布農族,男,五專,77
108,布農族,女,總計,1830
108,布農族,女,博士班,7
108,布農族,女,碩士班,149
108,布農族,女,學士班,1126
108,布農族,女,二專,60
108,布農族,女,五專,488
108,卑南族,男,總計,254
108,卑南族,男,博士班,2
108,卑南族,男,碩士班,22
108,卑南族,男,學士班,214
108,卑南族,男,二專,6
108,卑南族,男,五專,10
108,卑南族,女,總計,463
108,卑南族,女,博士班,5
108,卑南族,女,碩士班,35
108,卑南族,女,學士班,311
108,卑南族,女,二專,19
108,卑南族,女,五專,93
108,鄒族,男,總計,111
108,鄒族,男,博士班,2
108,鄒族,男,碩士班,9
108,鄒族,男,學士班,93
108,鄒族,男,二專,2
108,鄒族,男,五專,5
108,鄒族,女,總計,196
108,鄒族,女,博士班,0
108,鄒族,女,碩士班,18
108,鄒族,女,學士班,157
108,鄒族,女,二專,3
108,鄒族,女,五專,18
108,魯凱族,男,總計,277
108,魯凱族,男,博士班,3
108,魯凱族,男,碩士班,20
108,魯凱族,男,學士班,218
108,魯凱族,男,二專,8
108,魯凱族,男,五專,28
108,魯凱族,女,總計,496
108,魯凱族,女,博士班,2
108,魯凱族,女,碩士班,59
108,魯凱族,女,學士班,340
108,魯凱族,女,二專,16
108,魯凱族,女,五專,79
108,賽夏族,男,總計,133
108,賽夏族,男,博士班,1
108,賽夏族,男,碩士班,9
108,賽夏族,男,學士班,115
108,賽夏族,男,二專,1
108,賽夏族,男,五專,7
108,賽夏族,女,總計,180
108,賽夏族,女,博士班,2
108,賽夏族,女,碩士班,6
108,賽夏族,女,學士班,140
108,賽夏族,女,二專,2
108,賽夏族,女,五專,30
108,雅美族,男,總計,83
108,雅美族,男,博士班,0
108,雅美族,男,碩士班,2
108,雅美族,男,學士班,79
108,雅美族,男,二專,1
108,雅美族,男,五專,1
108,雅美族,女,總計,140
108,雅美族,女,博士班,0
108,雅美族,女,碩士班,5
108,雅美族,女,學士班,115
108,雅美族,女,二專,7
108,雅美族,女,五專,13
108,邵族,男,總計,22
108,邵族,男,博士班,0
108,邵族,男,碩士班,2
108,邵族,男,學士班,18
108,邵族,男,二專,2
108,邵族,男,五專,0
108,邵族,女,總計,33
108,邵族,女,博士班,0
108,邵族,女,碩士班,4
108,邵族,女,學士班,25
108,邵族,女,二專,2
108,邵族,女,五專,2
108,噶瑪蘭族,男,總計,37
108,噶瑪蘭族,男,博士班,0
108,噶瑪蘭族,男,碩士班,1
108,噶瑪蘭族,男,學士班,32
108,噶瑪蘭族,男,二專,3
108,噶瑪蘭族,男,五專,1
108,噶瑪蘭族,女,總計,45
108,噶瑪蘭族,女,博士班,0
108,噶瑪蘭族,女,碩士班,0
108,噶瑪蘭族,女,學士班,35
108,噶瑪蘭族,女,二專,1
108,噶瑪蘭族,女,五專,9
108,太魯閣族,男,總計,680
108,太魯閣族,男,博士班,6
108,太魯閣族,男,碩士班,57
108,太魯閣族,男,學士班,542
108,太魯閣族,男,二專,38
108,太魯閣族,男,五專,37
108,太魯閣族,女,總計,1154
108,太魯閣族,女,博士班,3
108,太魯閣族,女,碩士班,69
108,太魯閣族,女,學士班,754
108,太魯閣族,女,二專,51
108,太魯閣族,女,五專,277
108,撒奇萊雅族,男,總計,33
108,撒奇萊雅族,男,博士班,0
108,撒奇萊雅族,男,碩士班,4
108,撒奇萊雅族,男,學士班,26
108,撒奇萊雅族,男,二專,0
108,撒奇萊雅族,男,五專,3
108,撒奇萊雅族,女,總計,26
108,撒奇萊雅族,女,博士班,0
108,撒奇萊雅族,女,碩士班,5
108,撒奇萊雅族,女,學士班,15
108,撒奇萊雅族,女,二專,1
108,撒奇萊雅族,女,五專,5
108,賽德克族,男,總計,221
108,賽德克族,男,博士班,1
108,賽德克族,男,碩士班,36
108,賽德克族,男,學士班,167
108,賽德克族,男,二專,9
108,賽德克族,男,五專,8
108,賽德克族,女,總計,382
108,賽德克族,女,博士班,3
108,賽德克族,女,碩士班,41
108,賽德克族,女,學士班,214
108,賽德克族,女,二專,13
108,賽德克族,女,五專,111
108,拉阿魯哇族,男,總計,10
108,拉阿魯哇族,男,博士班,1
108,拉阿魯哇族,男,碩士班,3
108,拉阿魯哇族,男,學士班,5
108,拉阿魯哇族,男,二專,0
108,拉阿魯哇族,男,五專,1
108,拉阿魯哇族,女,總計,15
108,拉阿魯哇族,女,博士班,0
108,拉阿魯哇族,女,碩士班,1
108,拉阿魯哇族,女,學士班,11
108,拉阿魯哇族,女,二專,0
108,拉阿魯哇族,女,五專,3
108,卡那卡那富族,男,總計,8
108,卡那卡那富族,男,博士班,1
108,卡那卡那富族,男,碩士班,0
108,卡那卡那富族,男,學士班,7
108,卡那卡那富族,男,二專,0
108,卡那卡那富族,男,五專,0
108,卡那卡那富族,女,總計,13
108,卡那卡那富族,女,博士班,0
108,卡那卡那富族,女,碩士班,0
108,卡那卡那富族,女,學士班,12
108,卡那卡那富族,女,二專,0
108,卡那卡那富族,女,五專,1
108,尚未申報族籍,男,總計,20
108,尚未申報族籍,男,博士班,0
108,尚未申報族籍,男,碩士班,4
108,尚未申報族籍,男,學士班,14
108,尚未申報族籍,男,二專,1
108,尚未申報族籍,男,五專,1
108,尚未申報族籍,女,總計,12
108,尚未申報族籍,女,博士班,0
108,尚未申報族籍,女,碩士班,2
108,尚未申報族籍,女,學士班,10
108,尚未申報族籍,女,二專,0
108,尚未申報族籍,女,五專,0
109,總計,男,總計,11194
109,總計,男,博士班,108
109,總計,男,碩士班,933
109,總計,男,學士班,9236
109,總計,男,二專,332
109,總計,男,五專,585
109,總計,女,總計,16809
109,總計,女,博士班,72
109,總計,女,碩士班,1282
109,總計,女,學士班,11435
109,總計,女,二專,603
109,總計,女,五專,3417
109,阿美族,男,總計,4062
109,阿美族,男,博士班,25
109,阿美族,男,碩士班,277
109,阿美族,男,學士班,3470
109,阿美族,男,二專,110
109,阿美族,男,五專,180
109,阿美族,女,總計,5700
109,阿美族,女,博士班,10
109,阿美族,女,碩士班,351
109,阿美族,女,學士班,4101
109,阿美族,女,二專,226
109,阿美族,女,五專,1012
109,泰雅族,男,總計,1864
109,泰雅族,男,博士班,18
109,泰雅族,男,碩士班,165
109,泰雅族,男,學士班,1520
109,泰雅族,男,二專,50
109,泰雅族,男,五專,111
109,泰雅族,女,總計,2766
109,泰雅族,女,博士班,15
109,泰雅族,女,碩士班,207
109,泰雅族,女,學士班,1847
109,泰雅族,女,二專,93
109,泰雅族,女,五專,604
109,排灣族,男,總計,2045
109,排灣族,男,博士班,27
109,排灣族,男,碩士班,187
109,排灣族,男,學士班,1652
109,排灣族,男,二專,64
109,排灣族,男,五專,115
109,排灣族,女,總計,3333
109,排灣族,女,博士班,22
109,排灣族,女,碩士班,273
109,排灣族,女,學士班,2202
109,排灣族,女,二專,106
109,排灣族,女,五專,730
109,布農族,男,總計,1254
109,布農族,男,博士班,17
109,布農族,男,碩士班,121
109,布農族,男,學士班,1003
109,布農族,男,二專,45
109,布農族,男,五專,68
109,布農族,女,總計,1854
109,布農族,女,博士班,9
109,布農族,女,碩士班,154
109,布農族,女,學士班,1138
109,布農族,女,二專,77
109,布農族,女,五專,476
109,卑南族,男,總計,262
109,卑南族,男,博士班,2
109,卑南族,男,碩士班,26
109,卑南族,男,學士班,212
109,卑南族,男,二專,12
109,卑南族,男,五專,10
109,卑南族,女,總計,458
109,卑南族,女,博士班,5
109,卑南族,女,碩士班,45
109,卑南族,女,學士班,314
109,卑南族,女,二專,15
109,卑南族,女,五專,79
109,鄒族,男,總計,113
109,鄒族,男,博士班,5
109,鄒族,男,碩士班,13
109,鄒族,男,學士班,84
109,鄒族,男,二專,3
109,鄒族,男,五專,8
109,鄒族,女,總計,198
109,鄒族,女,博士班,0
109,鄒族,女,碩士班,25
109,鄒族,女,學士班,152
109,鄒族,女,二專,4
109,鄒族,女,五專,17
109,魯凱族,男,總計,296
109,魯凱族,男,博士班,2
109,魯凱族,男,碩士班,28
109,魯凱族,男,學士班,226
109,魯凱族,男,二專,11
109,魯凱族,男,五專,29
109,魯凱族,女,總計,493
109,魯凱族,女,博士班,1
109,魯凱族,女,碩士班,63
109,魯凱族,女,學士班,342
109,魯凱族,女,二專,11
109,魯凱族,女,五專,76
109,賽夏族,男,總計,140
109,賽夏族,男,博士班,1
109,賽夏族,男,碩士班,14
109,賽夏族,男,學士班,118
109,賽夏族,男,二專,1
109,賽夏族,男,五專,6
109,賽夏族,女,總計,196
109,賽夏族,女,博士班,1
109,賽夏族,女,碩士班,7
109,賽夏族,女,學士班,151
109,賽夏族,女,二專,2
109,賽夏族,女,五專,35
109,雅美族,男,總計,87
109,雅美族,男,博士班,0
109,雅美族,男,碩士班,2
109,雅美族,男,學士班,84
109,雅美族,男,二專,1
109,雅美族,男,五專,0
109,雅美族,女,總計,136
109,雅美族,女,博士班,0
109,雅美族,女,碩士班,6
109,雅美族,女,學士班,113
109,雅美族,女,二專,7
109,雅美族,女,五專,10
109,邵族,男,總計,24
109,邵族,男,博士班,1
109,邵族,男,碩士班,1
109,邵族,男,學士班,21
109,邵族,男,二專,1
109,邵族,男,五專,0
109,邵族,女,總計,29
109,邵族,女,博士班,0
109,邵族,女,碩士班,2
109,邵族,女,學士班,23
109,邵族,女,二專,1
109,邵族,女,五專,3
109,噶瑪蘭族,男,總計,36
109,噶瑪蘭族,男,博士班,0
109,噶瑪蘭族,男,碩士班,2
109,噶瑪蘭族,男,學士班,32
109,噶瑪蘭族,男,二專,0
109,噶瑪蘭族,男,五專,2
109,噶瑪蘭族,女,總計,48
109,噶瑪蘭族,女,博士班,0
109,噶瑪蘭族,女,碩士班,8
109,噶瑪蘭族,女,學士班,28
109,噶瑪蘭族,女,二專,2
109,噶瑪蘭族,女,五專,10
109,太魯閣族,男,總計,695
109,太魯閣族,男,博士班,7
109,太魯閣族,男,碩士班,44
109,太魯閣族,男,學士班,574
109,太魯閣族,男,二專,28
109,太魯閣族,男,五專,42
109,太魯閣族,女,總計,1147
109,太魯閣族,女,博士班,4
109,太魯閣族,女,碩士班,83
109,太魯閣族,女,學士班,762
109,太魯閣族,女,二專,44
109,太魯閣族,女,五專,254
109,撒奇萊雅族,男,總計,24
109,撒奇萊雅族,男,博士班,0
109,撒奇萊雅族,男,碩士班,4
109,撒奇萊雅族,男,學士班,18
109,撒奇萊雅族,男,二專,0
109,撒奇萊雅族,男,五專,2
109,撒奇萊雅族,女,總計,31
109,撒奇萊雅族,女,博士班,1
109,撒奇萊雅族,女,碩士班,6
109,撒奇萊雅族,女,學士班,19
109,撒奇萊雅族,女,二專,0
109,撒奇萊雅族,女,五專,5
109,賽德克族,男,總計,246
109,賽德克族,男,博士班,1
109,賽德克族,男,碩士班,40
109,賽德克族,男,學士班,192
109,賽德克族,男,二專,5
109,賽德克族,男,五專,8
109,賽德克族,女,總計,372
109,賽德克族,女,博士班,4
109,賽德克族,女,碩士班,45
109,賽德克族,女,學士班,208
109,賽德克族,女,二專,14
109,賽德克族,女,五專,101
109,拉阿魯哇族,男,總計,13
109,拉阿魯哇族,男,博士班,0
109,拉阿魯哇族,男,碩士班,5
109,拉阿魯哇族,男,學士班,7
109,拉阿魯哇族,男,二專,0
109,拉阿魯哇族,男,五專,1
109,拉阿魯哇族,女,總計,18
109,拉阿魯哇族,女,博士班,0
109,拉阿魯哇族,女,碩士班,2
109,拉阿魯哇族,女,學士班,13
109,拉阿魯哇族,女,二專,0
109,拉阿魯哇族,女,五專,3
109,卡那卡那富族,男,總計,10
109,卡那卡那富族,男,博士班,1
109,卡那卡那富族,男,碩士班,1
109,卡那卡那富族,男,學士班,6
109,卡那卡那富族,男,二專,0
109,卡那卡那富族,男,五專,2
109,卡那卡那富族,女,總計,18
109,卡那卡那富族,女,博士班,0
109,卡那卡那富族,女,碩士班,1
109,卡那卡那富族,女,學士班,15
109,卡那卡那富族,女,二專,0
109,卡那卡那富族,女,五專,2
109,尚未申報族籍,男,總計,23
109,尚未申報族籍,男,博士班,1
109,尚未申報族籍,男,碩士班,3
109,尚未申報族籍,男,學士班,17
109,尚未申報族籍,男,二專,1
109,尚未申報族籍,男,五專,1
109,尚未申報族籍,女,總計,12
109,尚未申報族籍,女,博士班,0
109,尚未申報族籍,女,碩士班,4
109,尚未申報族籍,女,學士班,7
109,尚未申報族籍,女,二專,1
109,尚未申報族籍,女,五專,0
110,總計,男,總計,11235
110,總計,男,博士班,116
110,總計,男,碩士班,949
110,總計,男,學士班,9258
110,總計,男,二專,354
110,總計,男,五專,558
110,總計,女,總計,17205
110,總計,女,博士班,86
110,總計,女,碩士班,1405
110,總計,女,學士班,11737
110,總計,女,二專,656
110,總計,女,五專,3321
110,阿美族,男,總計,4102
110,阿美族,男,博士班,27
110,阿美族,男,碩士班,274
110,阿美族,男,學士班,3484
110,阿美族,男,二專,134
110,阿美族,男,五專,183
110,阿美族,女,總計,5689
110,阿美族,女,博士班,10
110,阿美族,女,碩士班,378
110,阿美族,女,學士班,4096
110,阿美族,女,二專,239
110,阿美族,女,五專,966
110,泰雅族,男,總計,1885
110,泰雅族,男,博士班,15
110,泰雅族,男,碩士班,172
110,泰雅族,男,學士班,1549
110,泰雅族,男,二專,49
110,泰雅族,男,五專,100
110,泰雅族,女,總計,2933
110,泰雅族,女,博士班,17
110,泰雅族,女,碩士班,224
110,泰雅族,女,學士班,1970
110,泰雅族,女,二專,94
110,泰雅族,女,五專,628
110,排灣族,男,總計,2039
110,排灣族,男,博士班,33
110,排灣族,男,碩士班,182
110,排灣族,男,學士班,1650
110,排灣族,男,二專,56
110,排灣族,男,五專,118
110,排灣族,女,總計,3387
110,排灣族,女,博士班,28
110,排灣族,女,碩士班,319
110,排灣族,女,學士班,2228
110,排灣族,女,二專,120
110,排灣族,女,五專,692
110,布農族,男,總計,1231
110,布農族,男,博士班,15
110,布農族,男,碩士班,127
110,布農族,男,學士班,978
110,布農族,男,二專,52
110,布農族,男,五專,59
110,布農族,女,總計,2004
110,布農族,女,博士班,8
110,布農族,女,碩士班,184
110,布農族,女,學士班,1259
110,布農族,女,二專,90
110,布農族,女,五專,463
110,卑南族,男,總計,250
110,卑南族,男,博士班,3
110,卑南族,男,碩士班,21
110,卑南族,男,學士班,200
110,卑南族,男,二專,15
110,卑南族,男,五專,11
110,卑南族,女,總計,471
110,卑南族,女,博士班,5
110,卑南族,女,碩士班,40
110,卑南族,女,學士班,333
110,卑南族,女,二專,15
110,卑南族,女,五專,78
110,鄒族,男,總計,113
110,鄒族,男,博士班,4
110,鄒族,男,碩士班,16
110,鄒族,男,學士班,78
110,鄒族,男,二專,6
110,鄒族,男,五專,9
110,鄒族,女,總計,186
110,鄒族,女,博士班,0
110,鄒族,女,碩士班,24
110,鄒族,女,學士班,139
110,鄒族,女,二專,7
110,鄒族,女,五專,16
110,魯凱族,男,總計,303
110,魯凱族,男,博士班,3
110,魯凱族,男,碩士班,28
110,魯凱族,男,學士班,235
110,魯凱族,男,二專,10
110,魯凱族,男,五專,27
110,魯凱族,女,總計,481
110,魯凱族,女,博士班,2
110,魯凱族,女,碩士班,60
110,魯凱族,女,學士班,328
110,魯凱族,女,二專,14
110,魯凱族,女,五專,77
110,賽夏族,男,總計,136
110,賽夏族,男,博士班,0
110,賽夏族,男,碩士班,11
110,賽夏族,男,學士班,120
110,賽夏族,男,二專,1
110,賽夏族,男,五專,4
110,賽夏族,女,總計,198
110,賽夏族,女,博士班,1
110,賽夏族,女,碩士班,10
110,賽夏族,女,學士班,153
110,賽夏族,女,二專,1
110,賽夏族,女,五專,33
110,雅美族,男,總計,91
110,雅美族,男,博士班,0
110,雅美族,男,碩士班,4
110,雅美族,男,學士班,86
110,雅美族,男,二專,1
110,雅美族,男,五專,0
110,雅美族,女,總計,147
110,雅美族,女,博士班,0
110,雅美族,女,碩士班,6
110,雅美族,女,學士班,124
110,雅美族,女,二專,6
110,雅美族,女,五專,11
110,邵族,男,總計,25
110,邵族,男,博士班,1
110,邵族,男,碩士班,0
110,邵族,男,學士班,24
110,邵族,男,二專,0
110,邵族,男,五專,0
110,邵族,女,總計,28
110,邵族,女,博士班,0
110,邵族,女,碩士班,3
110,邵族,女,學士班,22
110,邵族,女,二專,0
110,邵族,女,五專,3
110,噶瑪蘭族,男,總計,35
110,噶瑪蘭族,男,博士班,0
110,噶瑪蘭族,男,碩士班,4
110,噶瑪蘭族,男,學士班,29
110,噶瑪蘭族,男,二專,0
110,噶瑪蘭族,男,五專,2
110,噶瑪蘭族,女,總計,44
110,噶瑪蘭族,女,博士班,1
110,噶瑪蘭族,女,碩士班,10
110,噶瑪蘭族,女,學士班,22
110,噶瑪蘭族,女,二專,2
110,噶瑪蘭族,女,五專,9
110,太魯閣族,男,總計,727
110,太魯閣族,男,博士班,10
110,太魯閣族,男,碩士班,57
110,太魯閣族,男,學士班,604
110,太魯閣族,男,二專,26
110,太魯閣族,男,五專,30
110,太魯閣族,女,總計,1148
110,太魯閣族,女,博士班,7
110,太魯閣族,女,碩士班,83
110,太魯閣族,女,學士班,761
110,太魯閣族,女,二專,57
110,太魯閣族,女,五專,240
110,撒奇萊雅族,男,總計,26
110,撒奇萊雅族,男,博士班,1
110,撒奇萊雅族,男,碩士班,5
110,撒奇萊雅族,男,學士班,18
110,撒奇萊雅族,男,二專,0
110,撒奇萊雅族,男,五專,2
110,撒奇萊雅族,女,總計,34
110,撒奇萊雅族,女,博士班,1
110,撒奇萊雅族,女,碩士班,8
110,撒奇萊雅族,女,學士班,20
110,撒奇萊雅族,女,二專,1
110,撒奇萊雅族,女,五專,4
110,賽德克族,男,總計,234
110,賽德克族,男,博士班,2
110,賽德克族,男,碩士班,40
110,賽德克族,男,學士班,178
110,賽德克族,男,二專,3
110,賽德克族,男,五專,11
110,賽德克族,女,總計,407
110,賽德克族,女,博士班,6
110,賽德克族,女,碩士班,50
110,賽德克族,女,學士班,244
110,賽德克族,女,二專,9
110,賽德克族,女,五專,98
110,拉阿魯哇族,男,總計,13
110,拉阿魯哇族,男,博士班,1
110,拉阿魯哇族,男,碩士班,5
110,拉阿魯哇族,男,學士班,6
110,拉阿魯哇族,男,二專,0
110,拉阿魯哇族,男,五專,1
110,拉阿魯哇族,女,總計,16
110,拉阿魯哇族,女,博士班,0
110,拉阿魯哇族,女,碩士班,1
110,拉阿魯哇族,女,學士班,14
110,拉阿魯哇族,女,二專,0
110,拉阿魯哇族,女,五專,1
110,卡那卡那富族,男,總計,9
110,卡那卡那富族,男,博士班,1
110,卡那卡那富族,男,碩士班,1
110,卡那卡那富族,男,學士班,7
110,卡那卡那富族,男,二專,0
110,卡那卡那富族,男,五專,0
110,卡那卡那富族,女,總計,21
110,卡那卡那富族,女,博士班,0
110,卡那卡那富族,女,碩士班,2
110,卡那卡那富族,女,學士班,17
110,卡那卡那富族,女,二專,0
110,卡那卡那富族,女,五專,2
110,尚未申報族籍,男,總計,16
110,尚未申報族籍,男,博士班,0
110,尚未申報族籍,男,碩士班,2
110,尚未申報族籍,男,學士班,12
110,尚未申報族籍,男,二專,1
110,尚未申報族籍,男,五專,1
110,尚未申報族籍,女,總計,11
110,尚未申報族籍,女,博士班,0
110,尚未申報族籍,女,碩士班,3
110,尚未申報族籍,女,學士班,7
110,尚未申報族籍,女,二專,1
110,尚未申報族籍,女,五專,0
111,總計,男,總計,11024
111,總計,男,博士班,129
111,總計,男,碩士班,1000
111,總計,男,學士班,9104
111,總計,男,二專,253
111,總計,男,五專,538
111,總計,女,總計,16829
111,總計,女,博士班,100
111,總計,女,碩士班,1527
111,總計,女,學士班,11449
111,總計,女,二專,525
111,總計,女,五專,3228
111,阿美族,男,總計,3937
111,阿美族,男,博士班,26
111,阿美族,男,碩士班,280
111,阿美族,男,學士班,3375
111,阿美族,男,二專,90
111,阿美族,男,五專,166
111,阿美族,女,總計,5491
111,阿美族,女,博士班,8
111,阿美族,女,碩士班,417
111,阿美族,女,學士班,3950
111,阿美族,女,二專,191
111,阿美族,女,五專,925
111,泰雅族,男,總計,1860
111,泰雅族,男,博士班,15
111,泰雅族,男,碩士班,177
111,泰雅族,男,學士班,1532
111,泰雅族,男,二專,34
111,泰雅族,男,五專,102
111,泰雅族,女,總計,2822
111,泰雅族,女,博士班,19
111,泰雅族,女,碩士班,254
111,泰雅族,女,學士班,1885
111,泰雅族,女,二專,62
111,泰雅族,女,五專,602
111,排灣族,男,總計,1975
111,排灣族,男,博士班,35
111,排灣族,男,碩士班,194
111,排灣族,男,學士班,1587
111,排灣族,男,二專,55
111,排灣族,男,五專,104
111,排灣族,女,總計,3332
111,排灣族,女,博士班,33
111,排灣族,女,碩士班,332
111,排灣族,女,學士班,2186
111,排灣族,女,二專,103
111,排灣族,女,五專,678
111,布農族,男,總計,1253
111,布農族,男,博士班,20
111,布農族,男,碩士班,145
111,布農族,男,學士班,987
111,布農族,男,二專,35
111,布農族,男,五專,66
111,布農族,女,總計,2034
111,布農族,女,博士班,15
111,布農族,女,碩士班,198
111,布農族,女,學士班,1298
111,布農族,女,二專,71
111,布農族,女,五專,452
111,卑南族,男,總計,256
111,卑南族,男,博士班,5
111,卑南族,男,碩士班,30
111,卑南族,男,學士班,204
111,卑南族,男,二專,6
111,卑南族,男,五專,11
111,卑南族,女,總計,459
111,卑南族,女,博士班,3
111,卑南族,女,碩士班,47
111,卑南族,女,學士班,323
111,卑南族,女,二專,13
111,卑南族,女,五專,73
111,鄒族,男,總計,118
111,鄒族,男,博士班,6
111,鄒族,男,碩士班,11
111,鄒族,男,學士班,89
111,鄒族,男,二專,4
111,鄒族,男,五專,8
111,鄒族,女,總計,167
111,鄒族,女,博士班,0
111,鄒族,女,碩士班,25
111,鄒族,女,學士班,112
111,鄒族,女,二專,5
111,鄒族,女,五專,25
111,魯凱族,男,總計,308
111,魯凱族,男,博士班,4
111,魯凱族,男,碩士班,34
111,魯凱族,男,學士班,242
111,魯凱族,男,二專,3
111,魯凱族,男,五專,25
111,魯凱族,女,總計,499
111,魯凱族,女,博士班,4
111,魯凱族,女,碩士班,64
111,魯凱族,女,學士班,348
111,魯凱族,女,二專,13
111,魯凱族,女,五專,70
111,賽夏族,男,總計,122
111,賽夏族,男,博士班,2
111,賽夏族,男,碩士班,9
111,賽夏族,男,學士班,104
111,賽夏族,男,二專,2
111,賽夏族,男,五專,5
111,賽夏族,女,總計,200
111,賽夏族,女,博士班,4
111,賽夏族,女,碩士班,12
111,賽夏族,女,學士班,148
111,賽夏族,女,二專,2
111,賽夏族,女,五專,34
111,雅美族,男,總計,84
111,雅美族,男,博士班,0
111,雅美族,男,碩士班,4
111,雅美族,男,學士班,78
111,雅美族,男,二專,1
111,雅美族,男,五專,1
111,雅美族,女,總計,144
111,雅美族,女,博士班,0
111,雅美族,女,碩士班,6
111,雅美族,女,學士班,116
111,雅美族,女,二專,7
111,雅美族,女,五專,15
111,邵族,男,總計,17
111,邵族,男,博士班,1
111,邵族,男,碩士班,1
111,邵族,男,學士班,14
111,邵族,男,二專,1
111,邵族,男,五專,0
111,邵族,女,總計,37
111,邵族,女,博士班,0
111,邵族,女,碩士班,7
111,邵族,女,學士班,26
111,邵族,女,二專,0
111,邵族,女,五專,4
111,噶瑪蘭族,男,總計,30
111,噶瑪蘭族,男,博士班,0
111,噶瑪蘭族,男,碩士班,2
111,噶瑪蘭族,男,學士班,26
111,噶瑪蘭族,男,二專,0
111,噶瑪蘭族,男,五專,2
111,噶瑪蘭族,女,總計,39
111,噶瑪蘭族,女,博士班,0
111,噶瑪蘭族,女,碩士班,6
111,噶瑪蘭族,女,學士班,24
111,噶瑪蘭族,女,二專,2
111,噶瑪蘭族,女,五專,7
111,太魯閣族,男,總計,724
111,太魯閣族,男,博士班,11
111,太魯閣族,男,碩士班,56
111,太魯閣族,男,學士班,608
111,太魯閣族,男,二專,19
111,太魯閣族,男,五專,30
111,太魯閣族,女,總計,1086
111,太魯閣族,女,博士班,6
111,太魯閣族,女,碩士班,85
111,太魯閣族,女,學士班,701
111,太魯閣族,女,二專,50
111,太魯閣族,女,五專,244
111,撒奇萊雅族,男,總計,25
111,撒奇萊雅族,男,博士班,1
111,撒奇萊雅族,男,碩士班,5
111,撒奇萊雅族,男,學士班,17
111,撒奇萊雅族,男,二專,0
111,撒奇萊雅族,男,五專,2
111,撒奇萊雅族,女,總計,32
111,撒奇萊雅族,女,博士班,1
111,撒奇萊雅族,女,碩士班,8
111,撒奇萊雅族,女,學士班,19
111,撒奇萊雅族,女,二專,0
111,撒奇萊雅族,女,五專,4
111,賽德克族,男,總計,260
111,賽德克族,男,博士班,2
111,賽德克族,男,碩士班,43
111,賽德克族,男,學士班,199
111,賽德克族,男,二專,3
111,賽德克族,男,五專,13
111,賽德克族,女,總計,429
111,賽德克族,女,博士班,7
111,賽德克族,女,碩士班,54
111,賽德克族,女,學士班,271
111,賽德克族,女,二專,6
111,賽德克族,女,五專,91
111,拉阿魯哇族,男,總計,20
111,拉阿魯哇族,男,博士班,1
111,拉阿魯哇族,男,碩士班,5
111,拉阿魯哇族,男,學士班,12
111,拉阿魯哇族,男,二專,0
111,拉阿魯哇族,男,五專,2
111,拉阿魯哇族,女,總計,12
111,拉阿魯哇族,女,博士班,0
111,拉阿魯哇族,女,碩士班,2
111,拉阿魯哇族,女,學士班,9
111,拉阿魯哇族,女,二專,0
111,拉阿魯哇族,女,五專,1
111,卡那卡那富族,男,總計,10
111,卡那卡那富族,男,博士班,0
111,卡那卡那富族,男,碩士班,1
111,卡那卡那富族,男,學士班,9
111,卡那卡那富族,男,二專,0
111,卡那卡那富族,男,五專,0
111,卡那卡那富族,女,總計,22
111,卡那卡那富族,女,博士班,0
111,卡那卡那富族,女,碩士班,2
111,卡那卡那富族,女,學士班,17
111,卡那卡那富族,女,二專,0
111,卡那卡那富族,女,五專,3
111,尚未申報族籍,男,總計,25
111,尚未申報族籍,男,博士班,0
111,尚未申報族籍,男,碩士班,3
111,尚未申報族籍,男,學士班,21
111,尚未申報族籍,男,二專,0
111,尚未申報族籍,男,五專,1
111,尚未申報族籍,女,總計,24
111,尚未申報族籍,女,博士班,0
111,尚未申報族籍,女,碩士班,8
111,尚未申報族籍,女,學士班,16
111,尚未申報族籍,女,二專,0
111,尚未申報族籍,女,五專,0
112,總計,男,總計,10705
112,總計,男,博士班,123
112,總計,男,碩士班,918
112,總計,男,學士班,8929
112,總計,男,二專,216
112,總計,男,五專,519
112,總計,女,總計,16125
112,總計,女,博士班,107
112,總計,女,碩士班,1555
112,總計,女,學士班,10862
112,總計,女,二專,464
112,總計,女,五專,3137
112,阿美族,男,總計,3837
112,阿美族,男,博士班,26
112,阿美族,男,碩士班,266
112,阿美族,男,學士班,3312
112,阿美族,男,二專,66
112,阿美族,男,五專,167
112,阿美族,女,總計,5313
112,阿美族,女,博士班,12
112,阿美族,女,碩士班,442
112,阿美族,女,學士班,3771
112,阿美族,女,二專,185
112,阿美族,女,五專,903
112,泰雅族,男,總計,1792
112,泰雅族,男,博士班,20
112,泰雅族,男,碩士班,182
112,泰雅族,男,學士班,1471
112,泰雅族,男,二專,29
112,泰雅族,男,五專,90
112,泰雅族,女,總計,2747
112,泰雅族,女,博士班,19
112,泰雅族,女,碩士班,254
112,泰雅族,女,學士班,1831
112,泰雅族,女,二專,50
112,泰雅族,女,五專,593
112,排灣族,男,總計,1956
112,排灣族,男,博士班,31
112,排灣族,男,碩士班,162
112,排灣族,男,學士班,1617
112,排灣族,男,二專,53
112,排灣族,男,五專,93
112,排灣族,女,總計,3125
112,排灣族,女,博士班,30
112,排灣族,女,碩士班,317
112,排灣族,女,學士班,2048
112,排灣族,女,二專,64
112,排灣族,女,五專,666
112,布農族,男,總計,1221
112,布農族,男,博士班,19
112,布農族,男,碩士班,119
112,布農族,男,學士班,977
112,布農族,男,二專,36
112,布農族,男,五專,70
112,布農族,女,總計,1939
112,布農族,女,博士班,14
112,布農族,女,碩士班,202
112,布農族,女,學士班,1221
112,布農族,女,二專,64
112,布農族,女,五專,438
112,卑南族,男,總計,251
112,卑南族,男,博士班,4
112,卑南族,男,碩士班,21
112,卑南族,男,學士班,203
112,卑南族,男,二專,11
112,卑南族,男,五專,12
112,卑南族,女,總計,412
112,卑南族,女,博士班,7
112,卑南族,女,碩士班,41
112,卑南族,女,學士班,288
112,卑南族,女,二專,15
112,卑南族,女,五專,61
112,鄒族,男,總計,117
112,鄒族,男,博士班,5
112,鄒族,男,碩士班,12
112,鄒族,男,學士班,93
112,鄒族,男,二專,1
112,鄒族,男,五專,6
112,鄒族,女,總計,179
112,鄒族,女,博士班,2
112,鄒族,女,碩士班,26
112,鄒族,女,學士班,117
112,鄒族,女,二專,7
112,鄒族,女,五專,27
112,魯凱族,男,總計,299
112,魯凱族,男,博士班,3
112,魯凱族,男,碩士班,26
112,魯凱族,男,學士班,242
112,魯凱族,男,二專,4
112,魯凱族,男,五專,24
112,魯凱族,女,總計,481
112,魯凱族,女,博士班,4
112,魯凱族,女,碩士班,61
112,魯凱族,女,學士班,339
112,魯凱族,女,二專,9
112,魯凱族,女,五專,68
112,賽夏族,男,總計,124
112,賽夏族,男,博士班,1
112,賽夏族,男,碩士班,9
112,賽夏族,男,學士班,109
112,賽夏族,男,二專,1
112,賽夏族,男,五專,4
112,賽夏族,女,總計,209
112,賽夏族,女,博士班,3
112,賽夏族,女,碩士班,16
112,賽夏族,女,學士班,154
112,賽夏族,女,二專,3
112,賽夏族,女,五專,33
112,雅美族,男,總計,92
112,雅美族,男,博士班,0
112,雅美族,男,碩士班,7
112,雅美族,男,學士班,83
112,雅美族,男,二專,0
112,雅美族,男,五專,2
112,雅美族,女,總計,144
112,雅美族,女,博士班,0
112,雅美族,女,碩士班,8
112,雅美族,女,學士班,113
112,雅美族,女,二專,9
112,雅美族,女,五專,14
112,邵族,男,總計,17
112,邵族,男,博士班,0
112,邵族,男,碩士班,2
112,邵族,男,學士班,15
112,邵族,男,二專,0
112,邵族,男,五專,0
112,邵族,女,總計,32
112,邵族,女,博士班,0
112,邵族,女,碩士班,5
112,邵族,女,學士班,23
112,邵族,女,二專,0
112,邵族,女,五專,4
112,噶瑪蘭族,男,總計,27
112,噶瑪蘭族,男,博士班,1
112,噶瑪蘭族,男,碩士班,3
112,噶瑪蘭族,男,學士班,20
112,噶瑪蘭族,男,二專,0
112,噶瑪蘭族,男,五專,3
112,噶瑪蘭族,女,總計,47
112,噶瑪蘭族,女,博士班,0
112,噶瑪蘭族,女,碩士班,7
112,噶瑪蘭族,女,學士班,30
112,噶瑪蘭族,女,二專,1
112,噶瑪蘭族,女,五專,9
112,太魯閣族,男,總計,668
112,太魯閣族,男,博士班,11
112,太魯閣族,男,碩士班,61
112,太魯閣族,男,學士班,557
112,太魯閣族,男,二專,13
112,太魯閣族,男,五專,26
112,太魯閣族,女,總計,1003
112,太魯閣族,女,博士班,6
112,太魯閣族,女,碩士班,109
112,太魯閣族,女,學士班,620
112,太魯閣族,女,二專,47
112,太魯閣族,女,五專,221
112,撒奇萊雅族,男,總計,31
112,撒奇萊雅族,男,博士班,0
112,撒奇萊雅族,男,碩士班,3
112,撒奇萊雅族,男,學士班,25
112,撒奇萊雅族,男,二專,0
112,撒奇萊雅族,男,五專,3
112,撒奇萊雅族,女,總計,34
112,撒奇萊雅族,女,博士班,1
112,撒奇萊雅族,女,碩士班,8
112,撒奇萊雅族,女,學士班,20
112,撒奇萊雅族,女,二專,1
112,撒奇萊雅族,女,五專,4
112,賽德克族,男,總計,231
112,賽德克族,男,博士班,1
112,賽德克族,男,碩士班,37
112,賽德克族,男,學士班,177
112,賽德克族,男,二專,2
112,賽德克族,男,五專,14
112,賽德克族,女,總計,412
112,賽德克族,女,博士班,9
112,賽德克族,女,碩士班,51
112,賽德克族,女,學士班,252
112,賽德克族,女,二專,9
112,賽德克族,女,五專,91
112,拉阿魯哇族,男,總計,19
112,拉阿魯哇族,男,博士班,1
112,拉阿魯哇族,男,碩士班,5
112,拉阿魯哇族,男,學士班,10
112,拉阿魯哇族,男,二專,0
112,拉阿魯哇族,男,五專,3
112,拉阿魯哇族,女,總計,16
112,拉阿魯哇族,女,博士班,0
112,拉阿魯哇族,女,碩士班,4
112,拉阿魯哇族,女,學士班,10
112,拉阿魯哇族,女,二專,0
112,拉阿魯哇族,女,五專,2
112,卡那卡那富族,男,總計,10
112,卡那卡那富族,男,博士班,0
112,卡那卡那富族,男,碩士班,1
112,卡那卡那富族,男,學士班,9
112,卡那卡那富族,男,二專,0
112,卡那卡那富族,男,五專,0
112,卡那卡那富族,女,總計,21
112,卡那卡那富族,女,博士班,0
112,卡那卡那富族,女,碩士班,3
112,卡那卡那富族,女,學士班,16
112,卡那卡那富族,女,二專,0
112,卡那卡那富族,女,五專,2
112,尚未申報族籍,男,總計,13
112,尚未申報族籍,男,博士班,0
112,尚未申報族籍,男,碩士班,2
112,尚未申報族籍,男,學士班,9
112,尚未申報族籍,男,二專,0
112,尚未申報族籍,男,五專,2
112,尚未申報族籍,女,總計,11
112,尚未申報族籍,女,博士班,0
112,尚未申報族籍,女,碩士班,1
112,尚未申報族籍,女,學士班,9
112,尚未申報族籍,女,二專,0
112,尚未申報族籍,女,五專,1
113,總計,男,總計,11013
113,總計,男,博士班,128
113,總計,男,碩士班,970
113,總計,男,學士班,9132
113,總計,男,二專,250
113,總計,男,五專,533
113,總計,女,總計,15909
113,總計,女,博士班,98
113,總計,女,碩士班,1527
113,總計,女,學士班,10709
113,總計,女,二專,547
113,總計,女,五專,3028
113,阿美族,男,總計,3959
113,阿美族,男,博士班,31
113,阿美族,男,碩士班,276
113,阿美族,男,學士班,3368
113,阿美族,男,二專,98
113,阿美族,男,五專,186
113,阿美族,女,總計,5330
113,阿美族,女,博士班,13
113,阿美族,女,碩士班,435
113,阿美族,女,學士班,3748
113,阿美族,女,二專,214
113,阿美族,女,五專,920
113,泰雅族,男,總計,1788
113,泰雅族,男,博士班,18
113,泰雅族,男,碩士班,172
113,泰雅族,男,學士班,1494
113,泰雅族,男,二專,18
113,泰雅族,男,五專,86
113,泰雅族,女,總計,2703
113,泰雅族,女,博士班,20
113,泰雅族,女,碩士班,255
113,泰雅族,女,學士班,1792
113,泰雅族,女,二專,51
113,泰雅族,女,五專,585
113,排灣族,男,總計,1956
113,排灣族,男,博士班,32
113,排灣族,男,碩士班,165
113,排灣族,男,學士班,1605
113,排灣族,男,二專,61
113,排灣族,男,五專,93
113,排灣族,女,總計,3085
113,排灣族,女,博士班,26
113,排灣族,女,碩士班,300
113,排灣族,女,學士班,2033
113,排灣族,女,二專,110
113,排灣族,女,五專,616
113,布農族,男,總計,1261
113,布農族,男,博士班,16
113,布農族,男,碩士班,123
113,布農族,男,學士班,1021
113,布農族,男,二專,29
113,布農族,男,五專,72
113,布農族,女,總計,1880
113,布農族,女,博士班,14
113,布農族,女,碩士班,193
113,布農族,女,學士班,1200
113,布農族,女,二專,63
113,布農族,女,五專,410
113,卑南族,男,總計,288
113,卑南族,男,博士班,5
113,卑南族,男,碩士班,27
113,卑南族,男,學士班,230
113,卑南族,男,二專,16
113,卑南族,男,五專,10
113,卑南族,女,總計,385
113,卑南族,女,博士班,5
113,卑南族,女,碩士班,38
113,卑南族,女,學士班,273
113,卑南族,女,二專,9
113,卑南族,女,五專,60
113,鄒族,男,總計,128
113,鄒族,男,博士班,4
113,鄒族,男,碩士班,13
113,鄒族,男,學士班,105
113,鄒族,男,二專,0
113,鄒族,男,五專,6
113,鄒族,女,總計,162
113,鄒族,女,博士班,2
113,鄒族,女,碩士班,26
113,鄒族,女,學士班,110
113,鄒族,女,二專,1
113,鄒族,女,五專,23
113,魯凱族,男,總計,303
113,魯凱族,男,博士班,4
113,魯凱族,男,碩士班,35
113,魯凱族,男,學士班,241
113,魯凱族,男,二專,4
113,魯凱族,男,五專,19
113,魯凱族,女,總計,459
113,魯凱族,女,博士班,4
113,魯凱族,女,碩士班,63
113,魯凱族,女,學士班,310
113,魯凱族,女,二專,14
113,魯凱族,女,五專,68
113,賽夏族,男,總計,139
113,賽夏族,男,博士班,2
113,賽夏族,男,碩士班,15
113,賽夏族,男,學士班,117
113,賽夏族,男,二專,1
113,賽夏族,男,五專,4
113,賽夏族,女,總計,194
113,賽夏族,女,博士班,2
113,賽夏族,女,碩士班,14
113,賽夏族,女,學士班,143
113,賽夏族,女,二專,2
113,賽夏族,女,五專,33
113,雅美族,男,總計,106
113,雅美族,男,博士班,0
113,雅美族,男,碩士班,12
113,雅美族,男,學士班,87
113,雅美族,男,二專,3
113,雅美族,男,五專,4
113,雅美族,女,總計,134
113,雅美族,女,博士班,0
113,雅美族,女,碩士班,7
113,雅美族,女,學士班,108
113,雅美族,女,二專,7
113,雅美族,女,五專,12
113,邵族,男,總計,19
113,邵族,男,博士班,0
113,邵族,男,碩士班,4
113,邵族,男,學士班,15
113,邵族,男,二專,0
113,邵族,男,五專,0
113,邵族,女,總計,29
113,邵族,女,博士班,0
113,邵族,女,碩士班,4
113,邵族,女,學士班,21
113,邵族,女,二專,1
113,邵族,女,五專,3
113,噶瑪蘭族,男,總計,29
113,噶瑪蘭族,男,博士班,1
113,噶瑪蘭族,男,碩士班,3
113,噶瑪蘭族,男,學士班,23
113,噶瑪蘭族,男,二專,0
113,噶瑪蘭族,男,五專,2
113,噶瑪蘭族,女,總計,51
113,噶瑪蘭族,女,博士班,0
113,噶瑪蘭族,女,碩士班,7
113,噶瑪蘭族,女,學士班,35
113,噶瑪蘭族,女,二專,2
113,噶瑪蘭族,女,五專,7
113,太魯閣族,男,總計,708
113,太魯閣族,男,博士班,9
113,太魯閣族,男,碩士班,74
113,太魯閣族,男,學士班,577
113,太魯閣族,男,二專,17
113,太魯閣族,男,五專,31
113,太魯閣族,女,總計,988
113,太魯閣族,女,博士班,4
113,太魯閣族,女,碩士班,113
113,太魯閣族,女,學士班,617
113,太魯閣族,女,二專,61
113,太魯閣族,女,五專,193
113,撒奇萊雅族,男,總計,33
113,撒奇萊雅族,男,博士班,0
113,撒奇萊雅族,男,碩士班,4
113,撒奇萊雅族,男,學士班,28
113,撒奇萊雅族,男,二專,0
113,撒奇萊雅族,男,五專,1
113,撒奇萊雅族,女,總計,32
113,撒奇萊雅族,女,博士班,1
113,撒奇萊雅族,女,碩士班,5
113,撒奇萊雅族,女,學士班,22
113,撒奇萊雅族,女,二專,1
113,撒奇萊雅族,女,五專,3
113,賽德克族,男,總計,250
113,賽德克族,男,博士班,5
113,賽德克族,男,碩士班,41
113,賽德克族,男,學士班,186
113,賽德克族,男,二專,3
113,賽德克族,男,五專,15
113,賽德克族,女,總計,414
113,賽德克族,女,博士班,7
113,賽德克族,女,碩士班,58
113,賽德克族,女,學士班,247
113,賽德克族,女,二專,11
113,賽德克族,女,五專,91
113,拉阿魯哇族,男,總計,16
113,拉阿魯哇族,男,博士班,1
113,拉阿魯哇族,男,碩士班,4
113,拉阿魯哇族,男,學士班,8
113,拉阿魯哇族,男,二專,0
113,拉阿魯哇族,男,五專,3
113,拉阿魯哇族,女,總計,13
113,拉阿魯哇族,女,博士班,0
113,拉阿魯哇族,女,碩士班,3
113,拉阿魯哇族,女,學士班,9
113,拉阿魯哇族,女,二專,0
113,拉阿魯哇族,女,五專,1
113,卡那卡那富族,男,總計,8
113,卡那卡那富族,男,博士班,0
113,卡那卡那富族,男,碩士班,0
113,卡那卡那富族,男,學士班,8
113,卡那卡那富族,男,二專,0
113,卡那卡那富族,男,五專,0
113,卡那卡那富族,女,總計,21
113,卡那卡那富族,女,博士班,0
113,卡那卡那富族,女,碩士班,3
113,卡那卡那富族,女,學士班,17
113,卡那卡那富族,女,二專,0
113,卡那卡那富族,女,五專,1
113,尚未申報族籍,男,總計,22
113,尚未申報族籍,男,博士班,0
113,尚未申報族籍,男,碩士班,2
113,尚未申報族籍,男,學士班,19
113,尚未申報族籍,男,二專,0
113,尚未申報族籍,男,五專,1
113,尚未申報族籍,女,總計,29
113,尚未申報族籍,女,博士班,0
113,尚未申報族籍,女,碩士班,3
113,尚未申報族籍,女,學士班,24
113,尚未申報族籍,女,二專,0
113,尚未申報族籍,女,五專,2
114,總計,男,總計,11231
114,總計,男,博士班,140
114,總計,男,碩士班,1005
114,總計,男,學士班,9283
114,總計,男,二專,251
114,總計,男,五專,552
114,總計,女,總計,16116
114,總計,女,博士班,115
114,總計,女,碩士班,1614
114,總計,女,學士班,10923
114,總計,女,二專,549
114,總計,女,五專,2915
114,阿美族,男,總計,4035
114,阿美族,男,博士班,36
114,阿美族,男,碩士班,290
114,阿美族,男,學士班,3426
114,阿美族,男,二專,88
114,阿美族,男,五專,195
114,阿美族,女,總計,5333
114,阿美族,女,博士班,17
114,阿美族,女,碩士班,456
114,阿美族,女,學士班,3750
114,阿美族,女,二專,206
114,阿美族,女,五專,904
114,泰雅族,男,總計,1821
114,泰雅族,男,博士班,20
114,泰雅族,男,碩士班,202
114,泰雅族,男,學士班,1495
114,泰雅族,男,二專,20
114,泰雅族,男,五專,84
114,泰雅族,女,總計,2742
114,泰雅族,女,博士班,20
114,泰雅族,女,碩士班,264
114,泰雅族,女,學士班,1787
114,泰雅族,女,二專,82
114,泰雅族,女,五專,589
114,排灣族,男,總計,1985
114,排灣族,男,博士班,39
114,排灣族,男,碩士班,175
114,排灣族,男,學士班,1612
114,排灣族,男,二專,54
114,排灣族,男,五專,105
114,排灣族,女,總計,3227
114,排灣族,女,博士班,27
114,排灣族,女,碩士班,335
114,排灣族,女,學士班,2167
114,排灣族,女,二專,109
114,排灣族,女,五專,589
114,布農族,男,總計,1306
114,布農族,男,博士班,15
114,布農族,男,碩士班,126
114,布農族,男,學士班,1051
114,布農族,男,二專,37
114,布農族,男,五專,77
114,布農族,女,總計,1874
114,布農族,女,博士班,16
114,布農族,女,碩士班,206
114,布農族,女,學士班,1220
114,布農族,女,二專,61
114,布農族,女,五專,371
114,卑南族,男,總計,286
114,卑南族,男,博士班,5
114,卑南族,男,碩士班,23
114,卑南族,男,學士班,235
114,卑南族,男,二專,14
114,卑南族,男,五專,9
114,卑南族,女,總計,386
114,卑南族,女,博士班,8
114,卑南族,女,碩士班,42
114,卑南族,女,學士班,269
114,卑南族,女,二專,3
114,卑南族,女,五專,64
114,鄒族,男,總計,130
114,鄒族,男,博士班,4
114,鄒族,男,碩士班,13
114,鄒族,男,學士班,107
114,鄒族,男,二專,1
114,鄒族,男,五專,5
114,鄒族,女,總計,162
114,鄒族,女,博士班,2
114,鄒族,女,碩士班,23
114,鄒族,女,學士班,114
114,鄒族,女,二專,2
114,鄒族,女,五專,21
114,魯凱族,男,總計,300
114,魯凱族,男,博士班,5
114,魯凱族,男,碩士班,27
114,魯凱族,男,學士班,242
114,魯凱族,男,二專,9
114,魯凱族,男,五專,17
114,魯凱族,女,總計,455
114,魯凱族,女,博士班,4
114,魯凱族,女,碩士班,64
114,魯凱族,女,學士班,303
114,魯凱族,女,二專,11
114,魯凱族,女,五專,73
114,賽夏族,男,總計,136
114,賽夏族,男,博士班,3
114,賽夏族,男,碩士班,15
114,賽夏族,男,學士班,114
114,賽夏族,男,二專,1
114,賽夏族,男,五專,3
114,賽夏族,女,總計,185
114,賽夏族,女,博士班,3
114,賽夏族,女,碩士班,14
114,賽夏族,女,學士班,143
114,賽夏族,女,二專,1
114,賽夏族,女,五專,24
114,雅美族,男,總計,114
114,雅美族,男,博士班,0
114,雅美族,男,碩士班,8
114,雅美族,男,學士班,97
114,雅美族,男,二專,5
114,雅美族,男,五專,4
114,雅美族,女,總計,142
114,雅美族,女,博士班,0
114,雅美族,女,碩士班,10
114,雅美族,女,學士班,117
114,雅美族,女,二專,4
114,雅美族,女,五專,11
114,邵族,男,總計,17
114,邵族,男,博士班,0
114,邵族,男,碩士班,3
114,邵族,男,學士班,14
114,邵族,男,二專,0
114,邵族,男,五專,0
114,邵族,女,總計,31
114,邵族,女,博士班,0
114,邵族,女,碩士班,5
114,邵族,女,學士班,21
114,邵族,女,二專,1
114,邵族,女,五專,4
114,噶瑪蘭族,男,總計,37
114,噶瑪蘭族,男,博士班,0
114,噶瑪蘭族,男,碩士班,5
114,噶瑪蘭族,男,學士班,31
114,噶瑪蘭族,男,二專,0
114,噶瑪蘭族,男,五專,1
114,噶瑪蘭族,女,總計,51
114,噶瑪蘭族,女,博士班,1
114,噶瑪蘭族,女,碩士班,6
114,噶瑪蘭族,女,學士班,35
114,噶瑪蘭族,女,二專,4
114,噶瑪蘭族,女,五專,5
114,太魯閣族,男,總計,730
114,太魯閣族,男,博士班,10
114,太魯閣族,男,碩士班,75
114,太魯閣族,男,學士班,598
114,太魯閣族,男,二專,18
114,太魯閣族,男,五專,29
114,太魯閣族,女,總計,998
114,太魯閣族,女,博士班,7
114,太魯閣族,女,碩士班,120
114,太魯閣族,女,學士班,650
114,太魯閣族,女,二專,55
114,太魯閣族,女,五專,166
114,撒奇萊雅族,男,總計,25
114,撒奇萊雅族,男,博士班,0
114,撒奇萊雅族,男,碩士班,1
114,撒奇萊雅族,男,學士班,23
114,撒奇萊雅族,男,二專,0
114,撒奇萊雅族,男,五專,1
114,撒奇萊雅族,女,總計,34
114,撒奇萊雅族,女,博士班,1
114,撒奇萊雅族,女,碩士班,7
114,撒奇萊雅族,女,學士班,24
114,撒奇萊雅族,女,二專,1
114,撒奇萊雅族,女,五專,1
114,賽德克族,男,總計,250
114,賽德克族,男,博士班,3
114,賽德克族,男,碩士班,33
114,賽德克族,男,學士班,191
114,賽德克族,男,二專,4
114,賽德克族,男,五專,19
114,賽德克族,女,總計,417
114,賽德克族,女,博士班,9
114,賽德克族,女,碩士班,50
114,賽德克族,女,學士班,259
114,賽德克族,女,二專,9
114,賽德克族,女,五專,90
114,拉阿魯哇族,男,總計,18
114,拉阿魯哇族,男,博士班,0
114,拉阿魯哇族,男,碩士班,5
114,拉阿魯哇族,男,學士班,11
114,拉阿魯哇族,男,二專,0
114,拉阿魯哇族,男,五專,2
114,拉阿魯哇族,女,總計,15
114,拉阿魯哇族,女,博士班,0
114,拉阿魯哇族,女,碩士班,3
114,拉阿魯哇族,女,學士班,12
114,拉阿魯哇族,女,二專,0
114,拉阿魯哇族,女,五專,0
114,卡那卡那富族,男,總計,10
114,卡那卡那富族,男,博士班,0
114,卡那卡那富族,男,碩士班,2
114,卡那卡那富族,男,學士班,8
114,卡那卡那富族,男,二專,0
114,卡那卡那富族,男,五專,0
114,卡那卡那富族,女,總計,21
114,卡那卡那富族,女,博士班,0
114,卡那卡那富族,女,碩士班,5
114,卡那卡那富族,女,學士班,15
114,卡那卡那富族,女,二專,0
114,卡那卡那富族,女,五專,1
114,尚未申報族籍,男,總計,31
114,尚未申報族籍,男,博士班,0
114,尚未申報族籍,男,碩士班,2
114,尚未申報族籍,男,學士班,28
114,尚未申報族籍,男,二專,0
114,尚未申報族籍,男,五專,1
114,尚未申報族籍,女,總計,43
114,尚未申報族籍,女,博士班,0
114,尚未申報族籍,女,碩士班,4
114,尚未申報族籍,女,學士班,37
114,尚未申報族籍,女,二專,0
114,尚未申報族籍,女,五專,2
