學年度,縣市,等級別,出生戶籍地在學數,學校所在地在學數,學校所在地在學數_不含空大宗教,淨流動,就學戶籍比,出生戶籍地畢業數,學校所在地畢業數
104,新北市,總計,2191,2856,2386,665,130.35,369,456
104,新北市,博士班,3,2,2,-1,66.67,2,0
104,新北市,碩士班,77,71,71,-6,92.21,17,6
104,新北市,學士班,1793,2314,1971,521,129.06,308,391
104,新北市,二專,44,172,45,128,390.91,21,35
104,新北市,五專,274,297,297,23,108.39,21,24
104,臺北市,總計,904,4722,4501,3818,522.35,183,856
104,臺北市,博士班,2,29,29,27,1450.0,0,2
104,臺北市,碩士班,49,249,246,200,508.16,13,54
104,臺北市,學士班,757,3610,3522,2853,476.88,148,662
104,臺北市,二專,24,158,28,134,658.33,10,86
104,臺北市,五專,72,676,676,604,938.89,12,52
104,桃園市,總計,2011,2218,2195,207,110.29,304,365
104,桃園市,博士班,6,4,4,-2,66.67,0,0
104,桃園市,碩士班,83,47,47,-36,56.63,18,11
104,桃園市,學士班,1581,1635,1622,54,103.42,241,280
104,桃園市,二專,40,16,6,-24,40.0,14,9
104,桃園市,五專,301,516,516,215,171.43,31,65
104,臺中市,總計,1242,2447,2344,1205,197.02,173,411
104,臺中市,博士班,3,3,3,0,100.0,0,0
104,臺中市,碩士班,53,108,108,55,203.77,9,14
104,臺中市,學士班,990,2167,2129,1177,218.89,141,373
104,臺中市,二專,27,72,7,45,266.67,4,16
104,臺中市,五專,169,97,97,-72,57.4,19,8
104,臺南市,總計,390,1873,1869,1483,480.26,66,354
104,臺南市,博士班,1,6,6,5,600.0,0,0
104,臺南市,碩士班,17,64,64,47,376.47,4,9
104,臺南市,學士班,312,1596,1594,1284,511.54,55,307
104,臺南市,二專,9,17,15,8,188.89,3,11
104,臺南市,五專,51,190,190,139,372.55,4,27
104,高雄市,總計,1607,3113,2894,1506,193.71,286,426
104,高雄市,博士班,10,11,11,1,110.0,0,1
104,高雄市,碩士班,90,89,89,-1,98.89,24,9
104,高雄市,學士班,1159,2324,2227,1165,200.52,217,322
104,高雄市,二專,85,196,74,111,230.59,23,47
104,高雄市,五專,263,493,493,230,187.45,22,47
104,宜蘭縣,總計,799,667,651,-132,83.48,148,93
104,宜蘭縣,博士班,2,0,0,-2,0.0,0,0
104,宜蘭縣,碩士班,45,25,25,-20,55.56,5,7
104,宜蘭縣,學士班,500,238,235,-262,47.6,103,44
104,宜蘭縣,二專,34,13,0,-21,38.24,16,3
104,宜蘭縣,五專,218,391,391,173,179.36,24,39
104,新竹縣,總計,945,368,351,-577,38.94,142,76
104,新竹縣,博士班,4,0,0,-4,0.0,0,0
104,新竹縣,碩士班,44,5,5,-39,11.36,7,2
104,新竹縣,學士班,690,298,293,-392,43.19,109,61
104,新竹縣,二專,29,17,5,-12,58.62,9,10
104,新竹縣,五專,178,48,48,-130,26.97,17,3
104,苗栗縣,總計,566,532,510,-34,93.99,106,113
104,苗栗縣,博士班,4,0,0,-4,0.0,0,0
104,苗栗縣,碩士班,46,12,12,-34,26.09,3,0
104,苗栗縣,學士班,426,258,249,-168,60.56,94,68
104,苗栗縣,二專,12,24,11,12,200.0,5,16
104,苗栗縣,五專,78,238,238,160,305.13,4,29
104,彰化縣,總計,273,445,438,172,163.0,54,112
104,彰化縣,博士班,0,1,1,1,,0,0
104,彰化縣,碩士班,14,36,36,22,257.14,0,8
104,彰化縣,學士班,219,400,400,181,182.65,50,101
104,彰化縣,二專,6,8,1,2,133.33,1,3
104,彰化縣,五專,34,0,0,-34,0.0,3,0
104,南投縣,總計,1649,238,232,-1411,14.43,275,18
104,南投縣,博士班,12,7,7,-5,58.33,0,0
104,南投縣,碩士班,73,30,30,-43,41.1,13,3
104,南投縣,學士班,1140,187,182,-953,16.4,209,12
104,南投縣,二專,46,1,0,-45,2.17,11,1
104,南投縣,五專,378,13,13,-365,3.44,42,2
104,雲林縣,總計,124,597,579,473,481.45,29,64
104,雲林縣,博士班,0,2,2,2,,0,0
104,雲林縣,碩士班,2,20,20,18,1000.0,4,2
104,雲林縣,學士班,104,537,531,433,516.35,23,53
104,雲林縣,二專,2,38,26,36,1900.0,1,9
104,雲林縣,五專,16,0,0,-16,0.0,1,0
104,嘉義縣,總計,377,407,395,30,107.96,54,84
104,嘉義縣,博士班,2,1,1,-1,50.0,0,0
104,嘉義縣,碩士班,14,42,42,28,300.0,5,14
104,嘉義縣,學士班,314,358,352,44,114.01,45,67
104,嘉義縣,二專,10,6,0,-4,60.0,2,3
104,嘉義縣,五專,37,0,0,-37,0.0,2,0
104,屏東縣,總計,3213,2510,2368,-703,78.12,540,498
104,屏東縣,博士班,17,5,5,-12,29.41,0,0
104,屏東縣,碩士班,204,145,145,-59,71.08,24,18
104,屏東縣,學士班,2236,1407,1325,-829,62.92,384,334
104,屏東縣,二專,130,118,58,-12,90.77,57,36
104,屏東縣,五專,626,835,835,209,133.39,75,110
104,臺東縣,總計,4901,548,548,-4353,11.18,884,83
104,臺東縣,博士班,10,0,0,-10,0.0,1,0
104,臺東縣,碩士班,268,137,137,-131,51.12,51,34
104,臺東縣,學士班,3399,228,228,-3171,6.71,652,24
104,臺東縣,二專,277,53,53,-224,19.13,91,19
104,臺東縣,五專,947,130,130,-817,13.73,89,6
104,花蓮縣,總計,5670,2406,2400,-3264,42.43,930,392
104,花蓮縣,博士班,21,11,11,-10,52.38,3,1
104,花蓮縣,碩士班,304,234,234,-70,76.97,34,24
104,花蓮縣,學士班,4106,1433,1427,-2673,34.9,700,269
104,花蓮縣,二專,280,91,91,-189,32.5,93,40
104,花蓮縣,五專,959,637,637,-322,66.42,100,58
104,澎湖縣,總計,20,38,38,18,190.0,3,5
104,澎湖縣,博士班,1,0,0,-1,0.0,0,0
104,澎湖縣,碩士班,0,0,0,0,,1,1
104,澎湖縣,學士班,16,38,38,22,237.5,2,4
104,澎湖縣,二專,0,0,0,0,,0,0
104,澎湖縣,五專,3,0,0,-3,0.0,0,0
104,基隆市,總計,359,477,304,118,132.87,67,73
104,基隆市,博士班,0,0,0,0,,0,0
104,基隆市,碩士班,20,11,11,-9,55.0,1,1
104,基隆市,學士班,267,334,219,67,125.09,53,48
104,基隆市,二專,11,58,0,47,527.27,4,17
104,基隆市,五專,61,74,74,13,121.31,9,7
104,新竹市,總計,138,581,575,443,421.01,21,108
104,新竹市,博士班,1,16,16,15,1600.0,0,2
104,新竹市,碩士班,8,77,77,69,962.5,0,12
104,新竹市,學士班,113,482,482,369,426.55,15,94
104,新竹市,二專,1,6,0,5,600.0,0,0
104,新竹市,五專,15,0,0,-15,0.0,6,0
104,嘉義市,總計,59,340,336,281,576.27,10,52
104,嘉義市,博士班,0,1,1,1,,0,0
104,嘉義市,碩士班,1,10,10,9,1000.0,0,4
104,嘉義市,學士班,54,275,275,221,509.26,9,39
104,嘉義市,二專,1,4,0,3,400.0,0,4
104,嘉義市,五專,3,50,50,47,1666.67,1,5
104,金門縣,總計,3,60,60,57,2000.0,2,7
104,金門縣,博士班,0,0,0,0,,0,0
104,金門縣,碩士班,0,0,0,0,,0,0
104,金門縣,學士班,2,60,60,58,3000.0,2,7
104,金門縣,二專,0,0,0,0,,0,0
104,金門縣,五專,1,0,0,-1,0.0,0,0
104,連江縣,總計,2,0,0,-2,0.0,0,0
104,連江縣,博士班,0,0,0,0,,0,0
104,連江縣,碩士班,0,0,0,0,,0,0
104,連江縣,學士班,1,0,0,-1,0.0,0,0
104,連江縣,二專,0,0,0,0,,0,0
104,連江縣,五專,1,0,0,-1,0.0,0,0
105,新北市,總計,2138,2860,2364,722,133.77,418,487
105,新北市,博士班,2,3,3,1,150.0,0,0
105,新北市,碩士班,76,83,83,7,109.21,17,9
105,新北市,學士班,1742,2333,1959,591,133.93,355,408
105,新北市,二專,49,156,34,107,318.37,10,39
105,新北市,五專,269,285,285,16,105.95,36,31
105,臺北市,總計,922,4663,4428,3741,505.75,178,853
105,臺北市,博士班,2,41,41,39,2050.0,1,1
105,臺北市,碩士班,55,271,263,216,492.73,12,50
105,臺北市,學士班,761,3546,3476,2785,465.97,148,658
105,臺北市,二專,24,172,15,148,716.67,12,47
105,臺北市,五專,80,633,633,553,791.25,5,97
105,桃園市,總計,2086,2128,2097,42,102.01,343,421
105,桃園市,博士班,10,2,2,-8,20.0,0,1
105,桃園市,碩士班,94,60,60,-34,63.83,15,15
105,桃園市,學士班,1610,1547,1532,-63,96.09,275,311
105,桃園市,二專,59,19,3,-40,32.2,12,11
105,桃園市,五專,313,500,500,187,159.74,41,83
105,臺中市,總計,1217,2291,2197,1074,188.25,219,472
105,臺中市,博士班,6,6,6,0,100.0,0,0
105,臺中市,碩士班,52,103,103,51,198.08,8,24
105,臺中市,學士班,965,2037,2001,1072,211.09,180,408
105,臺中市,二專,23,65,7,42,282.61,7,17
105,臺中市,五專,171,80,80,-91,46.78,24,23
105,臺南市,總計,409,1638,1633,1229,400.49,78,322
105,臺南市,博士班,1,6,6,5,600.0,0,0
105,臺南市,碩士班,22,57,57,35,259.09,4,17
105,臺南市,學士班,332,1389,1387,1057,418.37,61,272
105,臺南市,二專,8,13,10,5,162.5,2,5
105,臺南市,五專,46,173,173,127,376.09,11,28
105,高雄市,總計,1624,3004,2818,1380,184.98,260,497
105,高雄市,博士班,12,10,10,-2,83.33,0,1
105,高雄市,碩士班,93,90,90,-3,96.77,16,11
105,高雄市,學士班,1190,2276,2157,1086,191.26,190,356
105,高雄市,二專,68,140,73,72,205.88,22,64
105,高雄市,五專,261,488,488,227,186.97,32,65
105,宜蘭縣,總計,838,733,657,-105,87.47,144,74
105,宜蘭縣,博士班,3,1,1,-2,33.33,0,0
105,宜蘭縣,碩士班,49,27,27,-22,55.1,12,8
105,宜蘭縣,學士班,543,311,267,-232,57.27,101,43
105,宜蘭縣,二專,46,32,0,-14,69.57,16,3
105,宜蘭縣,五專,197,362,362,165,183.76,15,20
105,新竹縣,總計,896,300,288,-596,33.48,168,69
105,新竹縣,博士班,5,0,0,-5,0.0,0,0
105,新竹縣,碩士班,51,5,5,-46,9.8,10,2
105,新竹縣,學士班,652,255,250,-397,39.11,124,51
105,新竹縣,二專,28,16,9,-12,57.14,12,15
105,新竹縣,五專,160,24,24,-136,15.0,22,1
105,苗栗縣,總計,556,497,475,-59,89.39,88,95
105,苗栗縣,博士班,3,0,0,-3,0.0,0,0
105,苗栗縣,碩士班,43,12,12,-31,27.91,5,1
105,苗栗縣,學士班,418,230,221,-188,55.02,74,67
105,苗栗縣,二專,13,26,13,13,200.0,1,4
105,苗栗縣,五專,79,229,229,150,289.87,8,23
105,彰化縣,總計,256,505,501,249,197.27,53,88
105,彰化縣,博士班,0,1,1,1,,0,0
105,彰化縣,碩士班,15,20,20,5,133.33,1,9
105,彰化縣,學士班,204,480,480,276,235.29,45,75
105,彰化縣,二專,7,4,0,-3,57.14,1,4
105,彰化縣,五專,30,0,0,-30,0.0,6,0
105,南投縣,總計,1599,296,291,-1303,18.51,293,28
105,南投縣,博士班,16,8,8,-8,50.0,0,0
105,南投縣,碩士班,101,40,40,-61,39.6,12,4
105,南投縣,學士班,1095,233,230,-862,21.28,220,23
105,南投縣,二專,61,2,0,-59,3.28,12,1
105,南投縣,五專,326,13,13,-313,3.99,49,0
105,雲林縣,總計,127,680,667,553,535.43,27,84
105,雲林縣,博士班,0,4,4,4,,0,0
105,雲林縣,碩士班,4,38,38,34,950.0,0,3
105,雲林縣,學士班,101,581,573,480,575.25,26,75
105,雲林縣,二專,3,57,52,54,1900.0,0,6
105,雲林縣,五專,19,0,0,-19,0.0,1,0
105,嘉義縣,總計,365,394,383,29,107.95,69,109
105,嘉義縣,博士班,2,2,2,0,100.0,1,0
105,嘉義縣,碩士班,23,41,41,18,178.26,2,10
105,嘉義縣,學士班,300,345,340,45,115.0,57,97
105,嘉義縣,二專,8,6,0,-2,75.0,3,2
105,嘉義縣,五專,32,0,0,-32,0.0,6,0
105,屏東縣,總計,3192,2525,2357,-667,79.1,586,504
105,屏東縣,博士班,18,5,5,-13,27.78,1,0
105,屏東縣,碩士班,201,167,167,-34,83.08,34,21
105,屏東縣,學士班,2223,1404,1338,-819,63.16,428,353
105,屏東縣,二專,163,153,51,-10,93.87,52,31
105,屏東縣,五專,587,796,796,209,135.6,71,99
105,臺東縣,總計,4763,566,566,-4197,11.88,862,76
105,臺東縣,博士班,20,2,2,-18,10.0,0,0
105,臺東縣,碩士班,260,129,129,-131,49.62,55,33
105,臺東縣,學士班,3303,252,252,-3051,7.63,622,26
105,臺東縣,二專,273,54,54,-219,19.78,72,11
105,臺東縣,五專,907,129,129,-778,14.22,113,6
105,花蓮縣,總計,5461,2433,2424,-3028,44.55,1043,421
105,花蓮縣,博士班,25,17,17,-8,68.0,0,0
105,花蓮縣,碩士班,327,238,238,-89,72.78,55,26
105,花蓮縣,學士班,3912,1403,1394,-2509,35.86,777,278
105,花蓮縣,二專,259,118,118,-141,45.56,93,36
105,花蓮縣,五專,938,657,657,-281,70.04,118,81
105,澎湖縣,總計,20,38,38,18,190.0,1,6
105,澎湖縣,博士班,1,0,0,-1,0.0,0,0
105,澎湖縣,碩士班,0,0,0,0,,0,0
105,澎湖縣,學士班,16,38,38,22,237.5,1,6
105,澎湖縣,二專,0,0,0,0,,0,0
105,澎湖縣,五專,3,0,0,-3,0.0,0,0
105,基隆市,總計,356,521,353,165,146.35,60,121
105,基隆市,博士班,0,0,0,0,,0,0
105,基隆市,碩士班,18,11,11,-7,61.11,5,5
105,基隆市,學士班,265,370,266,105,139.62,46,81
105,基隆市,二專,13,64,0,51,492.31,3,31
105,基隆市,五專,60,76,76,16,126.67,6,4
105,新竹市,總計,126,533,527,407,423.02,23,134
105,新竹市,博士班,1,18,18,17,1800.0,0,0
105,新竹市,碩士班,8,84,84,76,1050.0,2,18
105,新竹市,學士班,103,425,425,322,412.62,19,113
105,新竹市,二專,4,6,0,2,150.0,0,3
105,新竹市,五專,10,0,0,-10,0.0,2,0
105,嘉義市,總計,59,364,357,305,616.95,17,56
105,嘉義市,博士班,0,1,1,1,,0,0
105,嘉義市,碩士班,2,18,18,16,900.0,1,0
105,嘉義市,學士班,53,288,288,235,543.4,13,48
105,嘉義市,二專,1,7,0,6,700.0,0,0
105,嘉義市,五專,3,50,50,47,1666.67,3,8
105,金門縣,總計,8,52,52,44,650.0,1,14
105,金門縣,博士班,0,0,0,0,,0,0
105,金門縣,碩士班,0,0,0,0,,0,0
105,金門縣,學士班,6,52,52,46,866.67,1,14
105,金門縣,二專,0,0,0,0,,0,0
105,金門縣,五專,2,0,0,-2,0.0,0,0
105,連江縣,總計,3,0,0,-3,0.0,0,0
105,連江縣,博士班,0,0,0,0,,0,0
105,連江縣,碩士班,0,0,0,0,,0,0
105,連江縣,學士班,1,0,0,-1,0.0,0,0
105,連江縣,二專,0,0,0,0,,0,0
105,連江縣,五專,2,0,0,-2,0.0,0,0
106,新北市,總計,2131,3106,2534,975,145.75,403,467
106,新北市,博士班,5,2,2,-3,40.0,0,0
106,新北市,碩士班,89,113,113,24,126.97,16,17
106,新北市,學士班,1755,2483,2105,728,141.48,328,384
106,新北市,二專,34,213,19,179,626.47,16,32
106,新北市,五專,248,295,295,47,118.95,43,34
106,臺北市,總計,952,4673,4465,3721,490.86,171,932
106,臺北市,博士班,2,41,41,39,2050.0,0,2
106,臺北市,碩士班,48,337,325,289,702.08,16,59
106,臺北市,學士班,800,3617,3547,2817,452.12,134,706
106,臺北市,二專,16,141,15,125,881.25,12,53
106,臺北市,五專,86,537,537,451,624.42,9,112
106,桃園市,總計,2193,2162,2115,-31,98.59,369,363
106,桃園市,博士班,8,6,6,-2,75.0,1,0
106,桃園市,碩士班,110,79,79,-31,71.82,17,10
106,桃園市,學士班,1691,1552,1525,-139,91.78,299,289
106,桃園市,二專,67,29,9,-38,43.28,19,2
106,桃園市,五專,317,496,496,179,156.47,33,62
106,臺中市,總計,1279,2340,2245,1061,182.96,237,506
106,臺中市,博士班,8,14,14,6,175.0,0,0
106,臺中市,碩士班,70,145,145,75,207.14,11,34
106,臺中市,學士班,1021,2043,2006,1022,200.1,185,437
106,臺中市,二專,21,64,6,43,304.76,11,20
106,臺中市,五專,159,74,74,-85,46.54,30,15
106,臺南市,總計,422,1640,1618,1218,388.63,77,351
106,臺南市,博士班,1,5,5,4,500.0,0,1
106,臺南市,碩士班,21,67,67,46,319.05,5,12
106,臺南市,學士班,361,1379,1377,1018,381.99,56,305
106,臺南市,二專,4,24,4,20,600.0,4,7
106,臺南市,五專,35,165,165,130,471.43,12,26
106,高雄市,總計,1731,3210,3038,1479,185.44,341,630
106,高雄市,博士班,14,11,11,-3,78.57,0,0
106,高雄市,碩士班,97,121,121,24,124.74,23,20
106,高雄市,學士班,1279,2423,2311,1144,189.44,247,468
106,高雄市,二專,62,133,73,71,214.52,37,90
106,高雄市,五專,279,522,522,243,187.1,34,52
106,宜蘭縣,總計,790,685,623,-105,86.71,149,105
106,宜蘭縣,博士班,2,1,1,-1,50.0,0,0
106,宜蘭縣,碩士班,46,29,29,-17,63.04,4,3
106,宜蘭縣,學士班,526,283,252,-243,53.8,103,49
106,宜蘭縣,二專,38,31,0,-7,81.58,12,6
106,宜蘭縣,五專,178,341,341,163,191.57,30,47
106,新竹縣,總計,907,257,245,-650,28.34,157,56
106,新竹縣,博士班,4,0,0,-4,0.0,0,0
106,新竹縣,碩士班,66,5,5,-61,7.58,7,0
106,新竹縣,學士班,652,233,225,-419,35.74,125,49
106,新竹縣,二專,34,8,4,-26,23.53,11,5
106,新竹縣,五專,151,11,11,-140,7.28,14,2
106,苗栗縣,總計,531,453,446,-78,85.31,103,105
106,苗栗縣,博士班,3,0,0,-3,0.0,0,0
106,苗栗縣,碩士班,36,8,8,-28,22.22,14,5
106,苗栗縣,學士班,395,209,206,-186,52.91,81,46
106,苗栗縣,二專,11,12,8,1,109.09,3,15
106,苗栗縣,五專,86,224,224,138,260.47,5,39
106,彰化縣,總計,255,417,414,162,163.53,59,72
106,彰化縣,博士班,0,0,0,0,,0,0
106,彰化縣,碩士班,13,16,16,3,123.08,6,12
106,彰化縣,學士班,208,398,398,190,191.35,43,59
106,彰化縣,二專,3,3,0,0,100.0,2,1
106,彰化縣,五專,31,0,0,-31,0.0,8,0
106,南投縣,總計,1562,342,336,-1220,21.9,315,26
106,南投縣,博士班,16,8,8,-8,50.0,0,0
106,南投縣,碩士班,123,48,48,-75,39.02,19,3
106,南投縣,學士班,1067,272,270,-795,25.49,228,20
106,南投縣,二專,53,4,0,-49,7.55,15,0
106,南投縣,五專,303,10,10,-293,3.3,53,3
106,雲林縣,總計,140,550,512,410,392.86,18,137
106,雲林縣,博士班,0,1,1,1,,0,0
106,雲林縣,碩士班,6,38,38,32,633.33,2,9
106,雲林縣,學士班,111,458,432,347,412.61,13,107
106,雲林縣,二專,4,53,41,49,1325.0,0,21
106,雲林縣,五專,19,0,0,-19,0.0,3,0
106,嘉義縣,總計,376,373,361,-3,99.2,69,63
106,嘉義縣,博士班,2,2,2,0,100.0,0,0
106,嘉義縣,碩士班,36,39,39,3,108.33,4,7
106,嘉義縣,學士班,300,329,320,29,109.67,60,53
106,嘉義縣,二專,10,3,0,-7,30.0,4,3
106,嘉義縣,五專,28,0,0,-28,0.0,1,0
106,屏東縣,總計,3266,2606,2395,-660,79.79,622,519
106,屏東縣,博士班,21,5,5,-16,23.81,0,0
106,屏東縣,碩士班,250,172,172,-78,68.8,39,40
106,屏東縣,學士班,2255,1549,1445,-706,68.69,455,332
106,屏東縣,二專,193,155,48,-38,80.31,44,41
106,屏東縣,五專,547,725,725,178,132.54,84,106
106,臺東縣,總計,4692,613,613,-4079,13.06,963,82
106,臺東縣,博士班,22,3,3,-19,13.64,2,0
106,臺東縣,碩士班,315,135,135,-180,42.86,61,29
106,臺東縣,學士班,3218,282,282,-2936,8.76,702,30
106,臺東縣,二專,286,61,61,-225,21.33,83,15
106,臺東縣,五專,851,132,132,-719,15.51,115,8
106,花蓮縣,總計,5305,2291,2282,-3014,43.19,1108,492
106,花蓮縣,博士班,28,22,22,-6,78.57,1,0
106,花蓮縣,碩士班,342,219,219,-123,64.04,67,36
106,花蓮縣,學士班,3812,1308,1299,-2504,34.31,812,319
106,花蓮縣,二專,255,98,98,-157,38.43,101,45
106,花蓮縣,五專,868,644,644,-224,74.19,127,92
106,澎湖縣,總計,17,39,39,22,229.41,5,5
106,澎湖縣,博士班,1,0,0,-1,0.0,0,0
106,澎湖縣,碩士班,1,1,1,0,100.0,0,0
106,澎湖縣,學士班,13,38,38,25,292.31,4,5
106,澎湖縣,二專,1,0,0,-1,0.0,0,0
106,澎湖縣,五專,1,0,0,-1,0.0,1,0
106,基隆市,總計,359,494,352,135,137.6,62,135
106,基隆市,博士班,0,0,0,0,,0,0
106,基隆市,碩士班,16,11,11,-5,68.75,6,5
106,基隆市,學士班,270,360,284,90,133.33,41,100
106,基隆市,二專,11,66,0,55,600.0,8,20
106,基隆市,五專,62,57,57,-5,91.94,7,10
106,新竹市,總計,122,453,449,331,371.31,31,127
106,新竹市,博士班,1,15,15,14,1500.0,0,1
106,新竹市,碩士班,9,83,83,74,922.22,3,14
106,新竹市,學士班,99,351,351,252,354.55,24,107
106,新竹市,二專,5,4,0,-1,80.0,2,5
106,新竹市,五專,8,0,0,-8,0.0,2,0
106,嘉義市,總計,49,342,336,293,697.96,12,82
106,嘉義市,博士班,0,2,2,2,,0,0
106,嘉義市,碩士班,0,24,24,24,,1,6
106,嘉義市,學士班,42,277,277,235,659.52,10,68
106,嘉義市,二專,0,6,0,6,,1,4
106,嘉義市,五專,7,33,33,26,471.43,0,4
106,金門縣,總計,10,45,45,35,450.0,0,17
106,金門縣,博士班,0,0,0,0,,0,0
106,金門縣,碩士班,0,4,4,4,,0,0
106,金門縣,學士班,9,41,41,32,455.56,0,17
106,金門縣,二專,0,0,0,0,,0,0
106,金門縣,五專,1,0,0,-1,0.0,0,0
106,連江縣,總計,2,0,0,-2,0.0,1,0
106,連江縣,博士班,0,0,0,0,,0,0
106,連江縣,碩士班,0,0,0,0,,0,0
106,連江縣,學士班,1,0,0,-1,0.0,0,0
106,連江縣,二專,0,0,0,0,,0,0
106,連江縣,五專,1,0,0,-1,0.0,1,0
107,新北市,總計,2169,3305,2666,1136,152.37,353,560
107,新北市,博士班,6,3,3,-3,50.0,0,0
107,新北市,碩士班,92,142,142,50,154.35,10,16
107,新北市,學士班,1799,2701,2229,902,150.14,303,448
107,新北市,二專,33,182,15,149,551.52,10,63
107,新北市,五專,239,277,277,38,115.9,30,33
107,臺北市,總計,973,4412,4212,3439,453.44,189,872
107,臺北市,博士班,7,41,41,34,585.71,0,4
107,臺北市,碩士班,63,307,292,244,487.3,13,64
107,臺北市,學士班,801,3481,3408,2680,434.58,160,665
107,臺北市,二專,16,120,8,104,750.0,8,45
107,臺北市,五專,86,463,463,377,538.37,8,94
107,桃園市,總計,2313,2397,2340,84,103.63,393,407
107,桃園市,博士班,6,6,6,0,100.0,1,2
107,桃園市,碩士班,119,102,102,-17,85.71,21,23
107,桃園市,學士班,1799,1723,1683,-76,95.78,318,315
107,桃園市,二專,62,28,11,-34,45.16,18,9
107,桃園市,五專,327,538,538,211,164.53,35,58
107,臺中市,總計,1334,2467,2358,1133,184.93,249,461
107,臺中市,博士班,9,13,13,4,144.44,0,0
107,臺中市,碩士班,71,183,183,112,257.75,12,32
107,臺中市,學士班,1087,2127,2077,1040,195.68,210,399
107,臺中市,二專,27,64,5,37,237.04,5,17
107,臺中市,五專,140,80,80,-60,57.14,22,13
107,臺南市,總計,409,1486,1463,1077,363.33,83,318
107,臺南市,博士班,1,6,6,5,600.0,0,0
107,臺南市,碩士班,18,86,78,68,477.78,7,14
107,臺南市,學士班,339,1225,1224,886,361.36,73,275
107,臺南市,二專,10,20,6,10,200.0,0,3
107,臺南市,五專,41,149,149,108,363.41,3,26
107,高雄市,總計,1788,3250,3057,1462,181.77,294,538
107,高雄市,博士班,12,12,12,0,100.0,3,2
107,高雄市,碩士班,103,130,130,27,126.21,17,10
107,高雄市,學士班,1324,2513,2373,1189,189.8,234,437
107,高雄市,二專,60,109,56,49,181.67,12,42
107,高雄市,五專,289,486,486,197,168.17,28,47
107,宜蘭縣,總計,841,648,604,-193,77.05,178,127
107,宜蘭縣,博士班,3,1,1,-2,33.33,0,0
107,宜蘭縣,碩士班,55,27,27,-28,49.09,12,7
107,宜蘭縣,學士班,576,294,258,-282,51.04,119,52
107,宜蘭縣,二專,27,8,0,-19,29.63,28,27
107,宜蘭縣,五專,180,318,318,138,176.67,19,41
107,新竹縣,總計,950,268,256,-682,28.21,160,67
107,新竹縣,博士班,4,0,0,-4,0.0,1,0
107,新竹縣,碩士班,63,7,7,-56,11.11,9,1
107,新竹縣,學士班,695,235,227,-460,33.81,117,59
107,新竹縣,二專,32,7,3,-25,21.88,13,3
107,新竹縣,五專,156,19,19,-137,12.18,20,4
107,苗栗縣,總計,556,447,447,-109,80.4,98,62
107,苗栗縣,博士班,5,0,0,-5,0.0,0,0
107,苗栗縣,碩士班,42,11,11,-31,26.19,4,2
107,苗栗縣,學士班,407,199,199,-208,48.89,82,31
107,苗栗縣,二專,7,5,5,-2,71.43,4,6
107,苗栗縣,五專,95,232,232,137,244.21,8,23
107,彰化縣,總計,262,408,404,146,155.73,45,92
107,彰化縣,博士班,1,1,1,0,100.0,0,0
107,彰化縣,碩士班,13,30,30,17,230.77,4,3
107,彰化縣,學士班,208,374,373,166,179.81,39,88
107,彰化縣,二專,1,3,0,2,300.0,1,1
107,彰化縣,五專,39,0,0,-39,0.0,1,0
107,南投縣,總計,1581,358,354,-1223,22.64,293,47
107,南投縣,博士班,10,7,7,-3,70.0,3,2
107,南投縣,碩士班,147,47,47,-100,31.97,21,8
107,南投縣,學士班,1069,293,291,-776,27.41,208,35
107,南投縣,二專,57,2,0,-55,3.51,23,2
107,南投縣,五專,298,9,9,-289,3.02,38,0
107,雲林縣,總計,155,661,590,506,426.45,21,125
107,雲林縣,博士班,0,1,1,1,,0,0
107,雲林縣,碩士班,6,45,45,39,750.0,1,15
107,雲林縣,學士班,126,520,481,394,412.7,17,94
107,雲林縣,二專,3,94,62,91,3133.33,0,16
107,雲林縣,五專,20,1,1,-19,5.0,3,0
107,嘉義縣,總計,374,412,403,38,110.16,65,98
107,嘉義縣,博士班,4,2,2,-2,50.0,0,0
107,嘉義縣,碩士班,44,53,53,9,120.45,2,8
107,嘉義縣,學士班,289,332,326,43,114.88,59,85
107,嘉義縣,二專,10,3,0,-7,30.0,0,1
107,嘉義縣,五專,27,22,22,-5,81.48,4,4
107,屏東縣,總計,3263,2731,2544,-532,83.7,623,533
107,屏東縣,博士班,23,7,7,-16,30.43,0,0
107,屏東縣,碩士班,278,175,175,-103,62.95,37,30
107,屏東縣,學士班,2281,1655,1542,-626,72.56,442,357
107,屏東縣,二專,149,129,55,-20,86.58,70,58
107,屏東縣,五專,532,765,765,233,143.8,74,88
107,臺東縣,總計,4660,655,655,-4005,14.06,941,96
107,臺東縣,博士班,25,2,2,-23,8.0,0,0
107,臺東縣,碩士班,346,142,142,-204,41.04,64,32
107,臺東縣,學士班,3263,332,332,-2931,10.17,676,45
107,臺東縣,二專,215,62,62,-153,28.84,96,13
107,臺東縣,五專,811,117,117,-694,14.43,105,6
107,花蓮縣,總計,5332,2291,2280,-3041,42.97,995,397
107,花蓮縣,博士班,28,25,25,-3,89.29,2,0
107,花蓮縣,碩士班,377,241,241,-136,63.93,69,25
107,花蓮縣,學士班,3869,1309,1298,-2560,33.83,726,260
107,花蓮縣,二專,246,75,75,-171,30.49,76,32
107,花蓮縣,五專,812,641,641,-171,78.94,122,80
107,澎湖縣,總計,16,28,28,12,175.0,5,13
107,澎湖縣,博士班,1,0,0,-1,0.0,0,0
107,澎湖縣,碩士班,0,1,1,1,,0,0
107,澎湖縣,學士班,11,25,25,14,227.27,5,13
107,澎湖縣,二專,2,0,0,-2,0.0,0,0
107,澎湖縣,五專,2,2,2,0,100.0,0,0
107,基隆市,總計,373,488,372,115,130.83,68,112
107,基隆市,博士班,0,0,0,0,,0,0
107,基隆市,碩士班,22,8,8,-14,36.36,3,5
107,基隆市,學士班,280,381,316,101,136.07,55,70
107,基隆市,二專,12,51,0,39,425.0,3,27
107,基隆市,五專,59,48,48,-11,81.36,7,10
107,新竹市,總計,127,472,466,345,371.65,28,98
107,新竹市,博士班,2,17,17,15,850.0,0,0
107,新竹市,碩士班,7,98,98,91,1400.0,3,13
107,新竹市,學士班,105,351,351,246,334.29,24,82
107,新竹市,二專,1,6,0,5,600.0,1,3
107,新竹市,五專,12,0,0,-12,0.0,0,0
107,嘉義市,總計,53,309,306,256,583.02,11,53
107,嘉義市,博士班,0,3,3,3,,0,0
107,嘉義市,碩士班,3,30,30,27,1000.0,0,0
107,嘉義市,學士班,43,268,268,225,623.26,11,52
107,嘉義市,二專,1,3,0,2,300.0,0,0
107,嘉義市,五專,6,5,5,-1,83.33,0,1
107,金門縣,總計,17,54,54,37,317.65,2,19
107,金門縣,博士班,0,0,0,0,,0,0
107,金門縣,碩士班,0,4,4,4,,0,1
107,金門縣,學士班,17,50,50,33,294.12,1,18
107,金門縣,二專,0,0,0,0,,0,0
107,金門縣,五專,0,0,0,0,,1,0
107,連江縣,總計,1,0,0,-1,0.0,1,0
107,連江縣,博士班,0,0,0,0,,0,0
107,連江縣,碩士班,0,0,0,0,,0,0
107,連江縣,學士班,0,0,0,0,,1,0
107,連江縣,二專,0,0,0,0,,0,0
107,連江縣,五專,1,0,0,-1,0.0,0,0
108,新北市,總計,2205,3403,2648,1198,154.33,394,614
108,新北市,博士班,9,5,5,-4,55.56,0,0
108,新北市,碩士班,114,162,162,48,142.11,21,17
108,新北市,學士班,1805,2775,2186,970,153.74,341,517
108,新北市,二專,42,185,19,143,440.48,4,61
108,新北市,五專,235,276,276,41,117.45,28,19
108,臺北市,總計,1047,4350,4129,3303,415.47,155,835
108,臺北市,博士班,9,45,45,36,500.0,0,1
108,臺北市,碩士班,72,325,313,253,451.39,8,67
108,臺北市,學士班,858,3425,3344,2567,399.18,132,654
108,臺北市,二專,20,140,12,120,700.0,3,33
108,臺北市,五專,88,415,415,327,471.59,12,80
108,桃園市,總計,2337,2461,2399,124,105.31,429,425
108,桃園市,博士班,7,5,5,-2,71.43,0,0
108,桃園市,碩士班,120,111,111,-9,92.5,19,21
108,桃園市,學士班,1836,1759,1707,-77,95.81,351,329
108,桃園市,二專,35,17,7,-18,48.57,27,14
108,桃園市,五專,339,569,569,230,167.85,32,61
108,臺中市,總計,1344,2495,2372,1151,185.64,242,511
108,臺中市,博士班,7,15,15,8,214.29,0,1
108,臺中市,碩士班,78,202,202,124,258.97,21,42
108,臺中市,學士班,1078,2126,2068,1048,197.22,197,441
108,臺中市,二專,33,67,2,34,203.03,8,20
108,臺中市,五專,148,85,85,-63,57.43,16,7
108,臺南市,總計,441,1533,1514,1092,347.62,79,331
108,臺南市,博士班,2,6,6,4,300.0,0,0
108,臺南市,碩士班,23,77,68,54,334.78,4,25
108,臺南市,學士班,354,1242,1237,888,350.85,66,274
108,臺南市,二專,10,8,3,-2,80.0,2,14
108,臺南市,五專,52,200,200,148,384.62,7,18
108,高雄市,總計,1838,3189,3037,1351,173.5,327,584
108,高雄市,博士班,15,12,12,-3,80.0,0,0
108,高雄市,碩士班,130,146,146,16,112.31,20,16
108,高雄市,學士班,1372,2452,2336,1080,178.72,251,471
108,高雄市,二專,47,73,37,26,155.32,21,35
108,高雄市,五專,274,506,506,232,184.67,35,62
108,宜蘭縣,總計,873,615,576,-258,70.45,142,95
108,宜蘭縣,博士班,5,1,1,-4,20.0,0,0
108,宜蘭縣,碩士班,71,30,30,-41,42.25,11,12
108,宜蘭縣,學士班,577,286,253,-291,49.57,105,47
108,宜蘭縣,二專,41,7,1,-34,17.07,5,2
108,宜蘭縣,五專,179,291,291,112,162.57,21,34
108,新竹縣,總計,1020,281,270,-739,27.55,170,66
108,新竹縣,博士班,3,0,0,-3,0.0,0,0
108,新竹縣,碩士班,71,16,16,-55,22.54,18,3
108,新竹縣,學士班,742,247,239,-495,33.29,127,57
108,新竹縣,二專,36,4,1,-32,11.11,9,2
108,新竹縣,五專,168,14,14,-154,8.33,16,4
108,苗栗縣,總計,530,478,478,-52,90.19,120,59
108,苗栗縣,博士班,5,0,0,-5,0.0,0,0
108,苗栗縣,碩士班,35,9,9,-26,25.71,8,1
108,苗栗縣,學士班,396,208,208,-188,52.53,94,34
108,苗栗縣,二專,5,9,9,4,180.0,2,1
108,苗栗縣,五專,89,252,252,163,283.15,16,23
108,彰化縣,總計,254,376,371,122,148.03,60,79
108,彰化縣,博士班,1,1,1,0,100.0,0,0
108,彰化縣,碩士班,16,41,41,25,256.25,2,5
108,彰化縣,學士班,194,332,329,138,171.13,54,72
108,彰化縣,二專,5,2,0,-3,40.0,0,2
108,彰化縣,五專,38,0,0,-38,0.0,4,0
108,南投縣,總計,1594,362,357,-1232,22.71,331,69
108,南投縣,博士班,12,5,5,-7,41.67,1,0
108,南投縣,碩士班,177,59,59,-118,33.33,29,9
108,南投縣,學士班,1021,287,284,-734,28.11,248,59
108,南投縣,二專,58,2,0,-56,3.45,16,1
108,南投縣,五專,326,9,9,-317,2.76,37,0
108,雲林縣,總計,147,622,547,475,423.13,30,210
108,雲林縣,博士班,0,4,4,4,,0,0
108,雲林縣,碩士班,5,92,92,87,1840.0,0,5
108,雲林縣,學士班,120,415,380,295,345.83,25,174
108,雲林縣,二專,5,109,69,104,2180.0,1,31
108,雲林縣,五專,17,2,2,-15,11.76,4,0
108,嘉義縣,總計,307,393,384,86,128.01,66,86
108,嘉義縣,博士班,2,2,2,0,100.0,0,0
108,嘉義縣,碩士班,31,55,55,24,177.42,9,10
108,嘉義縣,學士班,242,296,291,54,122.31,46,66
108,嘉義縣,二專,7,4,0,-3,57.14,5,1
108,嘉義縣,五專,25,36,36,11,144.0,6,9
108,屏東縣,總計,3264,2706,2530,-558,82.9,667,551
108,屏東縣,博士班,22,8,8,-14,36.36,1,0
108,屏東縣,碩士班,296,180,180,-116,60.81,46,24
108,屏東縣,學士班,2312,1723,1604,-589,74.52,485,386
108,屏東縣,二專,132,108,51,-24,81.82,57,57
108,屏東縣,五專,502,687,687,185,136.85,78,84
108,臺東縣,總計,4530,691,691,-3839,15.25,963,105
108,臺東縣,博士班,25,2,2,-23,8.0,1,0
108,臺東縣,碩士班,346,144,144,-202,41.62,64,28
108,臺東縣,學士班,3185,401,401,-2784,12.59,715,48
108,臺東縣,二專,208,43,43,-165,20.67,80,17
108,臺東縣,五專,766,101,101,-665,13.19,103,12
108,花蓮縣,總計,5260,2270,2261,-2990,43.16,1069,459
108,花蓮縣,博士班,28,22,22,-6,78.57,1,0
108,花蓮縣,碩士班,410,241,241,-169,58.78,58,30
108,花蓮縣,學士班,3776,1291,1282,-2485,34.19,829,309
108,花蓮縣,二專,264,102,102,-162,38.64,83,20
108,花蓮縣,五專,782,614,614,-168,78.52,98,100
108,澎湖縣,總計,14,27,27,13,192.86,4,5
108,澎湖縣,博士班,1,0,0,-1,0.0,0,0
108,澎湖縣,碩士班,0,2,2,2,,0,0
108,澎湖縣,學士班,11,23,23,12,209.09,2,5
108,澎湖縣,二專,0,0,0,0,,1,0
108,澎湖縣,五專,2,2,2,0,100.0,1,0
108,基隆市,總計,374,522,385,148,139.57,65,99
108,基隆市,博士班,0,1,1,1,,0,0
108,基隆市,碩士班,25,11,11,-14,44.0,6,3
108,基隆市,學士班,273,378,319,105,138.46,53,76
108,基隆市,二專,10,78,0,68,780.0,5,17
108,基隆市,五專,66,54,54,-12,81.82,1,3
108,新竹市,總計,131,483,480,352,368.7,26,92
108,新竹市,博士班,2,20,20,18,1000.0,0,1
108,新竹市,碩士班,8,100,100,92,1250.0,0,18
108,新竹市,學士班,107,360,360,253,336.45,25,72
108,新竹市,二專,3,3,0,0,100.0,0,1
108,新竹市,五專,11,0,0,-11,0.0,1,0
108,嘉義市,總計,55,264,264,209,480.0,8,65
108,嘉義市,博士班,0,1,1,1,,0,1
108,嘉義市,碩士班,5,29,29,24,580.0,0,6
108,嘉義市,學士班,41,229,229,188,558.54,8,58
108,嘉義市,二專,0,0,0,0,,0,0
108,嘉義市,五專,9,5,5,-4,55.56,0,0
108,金門縣,總計,16,62,62,46,387.5,1,8
108,金門縣,博士班,0,0,0,0,,0,0
108,金門縣,碩士班,0,1,1,1,,0,2
108,金門縣,學士班,15,61,61,46,406.67,1,6
108,金門縣,二專,0,0,0,0,,0,0
108,金門縣,五專,1,0,0,-1,0.0,0,0
108,連江縣,總計,2,0,0,-2,0.0,0,0
108,連江縣,博士班,0,0,0,0,,0,0
108,連江縣,碩士班,0,0,0,0,,0,0
108,連江縣,學士班,1,0,0,-1,0.0,0,0
108,連江縣,二專,0,0,0,0,,0,0
108,連江縣,五專,1,0,0,-1,0.0,0,0
109,新北市,總計,2250,3645,2712,1395,162.0,376,523
109,新北市,博士班,9,3,3,-6,33.33,1,1
109,新北市,碩士班,113,165,165,52,146.02,25,26
109,新北市,學士班,1833,2934,2233,1101,160.07,314,430
109,新北市,二專,34,262,30,228,770.59,16,46
109,新北市,五專,261,281,281,20,107.66,20,20
109,臺北市,總計,1065,4357,4187,3292,409.11,182,863
109,臺北市,博士班,9,52,52,43,577.78,0,1
109,臺北市,碩士班,86,376,360,290,437.21,10,64
109,臺北市,學士班,863,3427,3342,2564,397.1,154,668
109,臺北市,二專,21,129,60,108,614.29,5,45
109,臺北市,五專,86,373,373,287,433.72,13,85
109,桃園市,總計,2489,2650,2650,161,106.47,408,437
109,桃園市,博士班,6,9,9,3,150.0,1,0
109,桃園市,碩士班,136,137,137,1,100.74,23,34
109,桃園市,學士班,1952,1887,1887,-65,96.67,321,328
109,桃園市,二專,44,22,22,-22,50.0,15,3
109,桃園市,五專,351,595,595,244,169.52,48,72
109,臺中市,總計,1420,2685,2594,1265,189.08,232,474
109,臺中市,博士班,11,21,21,10,190.91,0,2
109,臺中市,碩士班,80,225,225,145,281.25,16,42
109,臺中市,學士班,1155,2297,2241,1142,198.87,188,406
109,臺中市,二專,23,61,26,38,265.22,14,17
109,臺中市,五專,151,81,81,-70,53.64,14,7
109,臺南市,總計,426,1603,1594,1177,376.29,89,273
109,臺南市,博士班,3,11,11,8,366.67,0,0
109,臺南市,碩士班,31,84,75,53,270.97,7,15
109,臺南市,學士班,328,1280,1280,952,390.24,71,234
109,臺南市,二專,8,8,8,0,100.0,3,4
109,臺南市,五專,56,220,220,164,392.86,8,20
109,高雄市,總計,1917,3290,3200,1373,171.62,326,538
109,高雄市,博士班,11,12,12,1,109.09,0,0
109,高雄市,碩士班,140,167,167,27,119.29,20,23
109,高雄市,學士班,1436,2509,2419,1073,174.72,258,438
109,高雄市,二專,49,63,63,14,128.57,18,27
109,高雄市,五專,281,539,539,258,191.81,30,50
109,宜蘭縣,總計,846,555,534,-291,65.6,170,102
109,宜蘭縣,博士班,5,1,1,-4,20.0,1,0
109,宜蘭縣,碩士班,89,33,33,-56,37.08,7,5
109,宜蘭縣,學士班,552,280,259,-272,50.72,129,51
109,宜蘭縣,二專,29,3,3,-26,10.34,12,4
109,宜蘭縣,五專,171,238,238,67,139.18,21,42
109,新竹縣,總計,1117,303,303,-814,27.13,149,43
109,新竹縣,博士班,4,0,0,-4,0.0,0,0
109,新竹縣,碩士班,70,17,17,-53,24.29,12,7
109,新竹縣,學士班,820,270,270,-550,32.93,117,36
109,新竹縣,二專,40,7,7,-33,17.5,6,0
109,新竹縣,五專,183,9,9,-174,4.92,14,0
109,苗栗縣,總計,566,515,515,-51,90.99,100,78
109,苗栗縣,博士班,5,0,0,-5,0.0,1,0
109,苗栗縣,碩士班,43,9,9,-34,20.93,11,3
109,苗栗縣,學士班,417,228,228,-189,54.68,75,50
109,苗栗縣,二專,10,10,10,0,100.0,1,6
109,苗栗縣,五專,91,268,268,177,294.51,12,19
109,彰化縣,總計,262,343,343,81,130.92,35,76
109,彰化縣,博士班,2,3,3,1,150.0,0,0
109,彰化縣,碩士班,11,44,44,33,400.0,4,7
109,彰化縣,學士班,207,291,291,84,140.58,27,69
109,彰化縣,二專,3,5,5,2,166.67,0,0
109,彰化縣,五專,39,0,0,-39,0.0,4,0
109,南投縣,總計,1556,377,377,-1179,24.23,309,66
109,南投縣,博士班,17,7,7,-10,41.18,0,0
109,南投縣,碩士班,196,67,67,-129,34.18,29,7
109,南投縣,學士班,989,293,293,-696,29.63,222,58
109,南投縣,二專,57,4,4,-53,7.02,16,0
109,南投縣,五專,297,6,6,-291,2.02,42,1
109,雲林縣,總計,157,404,404,247,257.32,24,178
109,雲林縣,博士班,0,3,3,3,,0,0
109,雲林縣,碩士班,8,91,91,83,1137.5,2,13
109,雲林縣,學士班,122,268,268,146,219.67,20,116
109,雲林縣,二專,6,39,39,33,650.0,1,49
109,雲林縣,五專,21,3,3,-18,14.29,1,0
109,嘉義縣,總計,319,317,317,-2,99.37,71,96
109,嘉義縣,博士班,5,2,2,-3,40.0,0,0
109,嘉義縣,碩士班,38,48,48,10,126.32,7,19
109,嘉義縣,學士班,242,224,224,-18,92.56,57,65
109,嘉義縣,二專,6,5,5,-1,83.33,5,2
109,嘉義縣,五專,28,38,38,10,135.71,2,10
109,屏東縣,總計,3263,2566,2503,-697,78.64,622,532
109,屏東縣,博士班,27,6,6,-21,22.22,0,0
109,屏東縣,碩士班,354,212,212,-142,59.89,35,23
109,屏東縣,學士班,2307,1615,1552,-692,70.0,482,406
109,屏東縣,二專,95,104,104,9,109.47,46,33
109,屏東縣,五專,480,629,629,149,131.04,59,70
109,臺東縣,總計,4520,765,765,-3755,16.92,866,108
109,臺東縣,博士班,31,2,2,-29,6.45,2,1
109,臺東縣,碩士班,368,158,158,-210,42.93,78,26
109,臺東縣,學士班,3190,490,490,-2700,15.36,626,51
109,臺東縣,二專,253,42,42,-211,16.6,59,16
109,臺東縣,五專,678,73,73,-605,10.77,101,14
109,花蓮縣,總計,5214,2216,2216,-2998,42.5,1032,440
109,花蓮縣,博士班,32,25,25,-7,78.12,3,2
109,花蓮縣,碩士班,415,238,238,-177,57.35,81,37
109,花蓮縣,學士班,3776,1285,1285,-2491,34.03,743,263
109,花蓮縣,二專,243,71,71,-172,29.22,77,30
109,花蓮縣,五專,748,597,597,-151,79.81,128,108
109,澎湖縣,總計,20,30,30,10,150.0,4,3
109,澎湖縣,博士班,1,0,0,-1,0.0,0,0
109,澎湖縣,碩士班,1,2,2,1,200.0,0,0
109,澎湖縣,學士班,16,26,26,10,162.5,4,3
109,澎湖縣,二專,0,0,0,0,,0,0
109,澎湖縣,五專,2,2,2,0,100.0,0,0
109,基隆市,總計,383,600,600,217,156.66,56,100
109,基隆市,博士班,0,3,3,3,,0,0
109,基隆市,碩士班,26,16,16,-10,61.54,5,2
109,基隆市,學士班,290,437,437,147,150.69,43,77
109,基隆市,二專,10,99,99,89,990.0,4,17
109,基隆市,五專,57,45,45,-12,78.95,4,4
109,新竹市,總計,147,479,479,332,325.85,19,90
109,新竹市,博士班,2,18,18,16,900.0,0,2
109,新竹市,碩士班,3,95,95,92,3166.67,3,17
109,新竹市,學士班,126,365,365,239,289.68,15,70
109,新竹市,二專,4,1,1,-3,25.0,1,1
109,新竹市,五專,12,0,0,-12,0.0,0,0
109,嘉義市,總計,50,240,240,190,480.0,12,54
109,嘉義市,博士班,0,2,2,2,,0,0
109,嘉義市,碩士班,6,30,30,24,500.0,0,4
109,嘉義市,學士班,36,203,203,167,563.89,10,49
109,嘉義市,二專,0,0,0,0,,1,0
109,嘉義市,五專,8,5,5,-3,62.5,1,1
109,金門縣,總計,14,63,63,49,450.0,2,12
109,金門縣,博士班,0,0,0,0,,0,0
109,金門縣,碩士班,1,1,1,0,100.0,0,1
109,金門縣,學士班,12,62,62,50,516.67,2,11
109,金門縣,二專,0,0,0,0,,0,0
109,金門縣,五專,1,0,0,-1,0.0,0,0
109,連江縣,總計,2,0,0,-2,0.0,2,0
109,連江縣,博士班,0,0,0,0,,0,0
109,連江縣,碩士班,0,0,0,0,,0,0
109,連江縣,學士班,2,0,0,-2,0.0,1,0
109,連江縣,二專,0,0,0,0,,0,0
109,連江縣,五專,0,0,0,0,,1,0
110,新北市,總計,2309,3920,2684,1611,169.77,412,617
110,新北市,博士班,8,5,5,-3,62.5,0,1
110,新北市,碩士班,132,183,183,51,138.64,17,31
110,新北市,學士班,1841,3076,2192,1235,167.08,351,496
110,新北市,二專,46,383,31,337,832.61,14,54
110,新北市,五專,282,273,273,-9,96.81,30,35
110,臺北市,總計,1063,4411,4185,3348,414.96,211,858
110,臺北市,博士班,9,53,53,44,588.89,1,3
110,臺北市,碩士班,103,400,379,297,388.35,18,66
110,臺北市,學士班,844,3421,3329,2577,405.33,175,678
110,臺北市,二專,20,168,55,148,840.0,6,44
110,臺北市,五專,87,369,369,282,424.14,11,67
110,桃園市,總計,2563,2775,2774,212,108.27,450,413
110,桃園市,博士班,8,10,10,2,125.0,0,0
110,桃園市,碩士班,132,146,145,14,110.61,28,30
110,桃園市,學士班,2041,1950,1950,-91,95.54,362,313
110,桃園市,二專,54,26,26,-28,48.15,9,5
110,桃園市,五專,328,643,643,315,196.04,51,65
110,臺中市,總計,1472,2857,2808,1385,194.09,247,485
110,臺中市,博士班,8,24,24,16,300.0,3,2
110,臺中市,碩士班,94,261,261,167,277.66,16,37
110,臺中市,學士班,1179,2434,2411,1255,206.45,200,419
110,臺中市,二專,32,54,28,22,168.75,6,18
110,臺中市,五專,159,84,84,-75,52.83,22,9
110,臺南市,總計,417,1649,1641,1232,395.44,97,301
110,臺南市,博士班,3,9,9,6,300.0,0,1
110,臺南市,碩士班,39,97,89,58,248.72,6,17
110,臺南市,學士班,315,1297,1297,982,411.75,77,256
110,臺南市,二專,10,10,10,0,100.0,3,2
110,臺南市,五專,50,236,236,186,472.0,11,25
110,高雄市,總計,1889,3245,3091,1356,171.78,355,601
110,高雄市,博士班,14,13,13,-1,92.86,1,2
110,高雄市,碩士班,137,172,172,35,125.55,30,22
110,高雄市,學士班,1452,2510,2356,1058,172.87,264,482
110,高雄市,二專,44,50,50,6,113.64,15,21
110,高雄市,五專,242,500,500,258,206.61,45,74
110,宜蘭縣,總計,892,495,495,-397,55.49,156,124
110,宜蘭縣,博士班,5,0,0,-5,0.0,0,0
110,宜蘭縣,碩士班,90,28,28,-62,31.11,16,7
110,宜蘭縣,學士班,587,251,251,-336,42.76,107,70
110,宜蘭縣,二專,26,1,1,-25,3.85,12,3
110,宜蘭縣,五專,184,215,215,31,116.85,21,44
110,新竹縣,總計,1154,317,317,-837,27.47,181,54
110,新竹縣,博士班,5,0,0,-5,0.0,0,0
110,新竹縣,碩士班,74,16,16,-58,21.62,13,4
110,新竹縣,學士班,847,282,282,-565,33.29,139,50
110,新竹縣,二專,33,10,10,-23,30.3,11,0
110,新竹縣,五專,195,9,9,-186,4.62,18,0
110,苗栗縣,總計,601,495,495,-106,82.36,89,77
110,苗栗縣,博士班,3,0,0,-3,0.0,0,0
110,苗栗縣,碩士班,42,7,7,-35,16.67,11,2
110,苗栗縣,學士班,461,226,226,-235,49.02,67,47
110,苗栗縣,二專,13,14,14,1,107.69,2,3
110,苗栗縣,五專,82,248,248,166,302.44,9,25
110,彰化縣,總計,264,304,304,40,115.15,54,100
110,彰化縣,博士班,2,2,2,0,100.0,0,0
110,彰化縣,碩士班,12,40,40,28,333.33,3,13
110,彰化縣,學士班,205,257,257,52,125.37,45,86
110,彰化縣,二專,5,5,5,0,100.0,2,1
110,彰化縣,五專,40,0,0,-40,0.0,4,0
110,南投縣,總計,1626,363,363,-1263,22.32,290,64
110,南投縣,博士班,16,7,7,-9,43.75,2,1
110,南投縣,碩士班,209,44,44,-165,21.05,20,10
110,南投縣,學士班,1070,305,305,-765,28.5,202,50
110,南投縣,二專,25,3,3,-22,12.0,35,2
110,南投縣,五專,306,4,4,-302,1.31,31,1
110,雲林縣,總計,168,377,377,209,224.4,30,107
110,雲林縣,博士班,0,2,2,2,,0,0
110,雲林縣,碩士班,8,76,76,68,950.0,2,9
110,雲林縣,學士班,129,280,280,151,217.05,25,61
110,雲林縣,二專,8,15,15,7,187.5,1,37
110,雲林縣,五專,23,4,4,-19,17.39,2,0
110,嘉義縣,總計,300,326,326,26,108.67,61,55
110,嘉義縣,博士班,3,2,2,-1,66.67,0,0
110,嘉義縣,碩士班,40,49,49,9,122.5,6,11
110,嘉義縣,學士班,222,223,223,1,100.45,48,38
110,嘉義縣,二專,8,10,10,2,125.0,2,2
110,嘉義縣,五專,27,42,42,15,155.56,5,4
110,屏東縣,總計,3292,2508,2503,-784,76.18,646,544
110,屏東縣,博士班,38,8,8,-30,21.05,1,0
110,屏東縣,碩士班,370,225,225,-145,60.81,51,32
110,屏東縣,學士班,2327,1604,1599,-723,68.93,506,404
110,屏東縣,二專,92,95,95,3,103.26,35,28
110,屏東縣,五專,465,576,576,111,123.87,53,80
110,臺東縣,總計,4577,814,814,-3763,17.78,862,112
110,臺東縣,博士班,36,2,2,-34,5.56,2,0
110,臺東縣,碩士班,383,155,155,-228,40.47,56,25
110,臺東縣,學士班,3203,543,543,-2660,16.95,651,74
110,臺東縣,二專,291,49,49,-242,16.84,48,6
110,臺東縣,五專,664,65,65,-599,9.79,105,7
110,花蓮縣,總計,5240,2213,2213,-3027,42.23,1015,438
110,花蓮縣,博士班,42,36,36,-6,85.71,2,0
110,花蓮縣,碩士班,447,289,289,-158,64.65,72,27
110,花蓮縣,學士班,3791,1278,1278,-2513,33.71,745,276
110,花蓮縣,二專,291,51,51,-240,17.53,87,33
110,花蓮縣,五專,669,559,559,-110,83.56,109,102
110,澎湖縣,總計,20,24,24,4,120.0,2,5
110,澎湖縣,博士班,1,0,0,-1,0.0,0,0
110,澎湖縣,碩士班,1,2,2,1,200.0,0,0
110,澎湖縣,學士班,15,20,20,5,133.33,2,5
110,澎湖縣,二專,0,0,0,0,,0,0
110,澎湖縣,五專,3,2,2,-1,66.67,0,0
110,基隆市,總計,379,563,562,184,148.55,78,145
110,基隆市,博士班,0,3,3,3,,0,0
110,基隆市,碩士班,31,20,20,-11,64.52,5,3
110,基隆市,學士班,289,437,436,148,151.21,59,108
110,基隆市,二專,8,57,57,49,712.5,2,31
110,基隆市,五專,51,46,46,-5,90.2,12,3
110,新竹市,總計,150,472,472,322,314.67,13,105
110,新竹市,博士班,1,24,24,23,2400.0,1,3
110,新竹市,碩士班,4,114,114,110,2850.0,0,23
110,新竹市,學士班,130,334,334,204,256.92,11,79
110,新竹市,二專,3,0,0,-3,0.0,0,0
110,新竹市,五專,12,0,0,-12,0.0,1,0
110,嘉義市,總計,50,234,234,184,468.0,7,48
110,嘉義市,博士班,0,2,2,2,,0,0
110,嘉義市,碩士班,6,29,29,23,483.33,2,4
110,嘉義市,學士班,35,190,190,155,542.86,4,44
110,嘉義市,二專,1,9,9,8,900.0,0,0
110,嘉義市,五專,8,4,4,-4,50.0,1,0
110,金門縣,總計,12,78,78,66,650.0,3,6
110,金門縣,博士班,0,0,0,0,,0,0
110,金門縣,碩士班,0,1,1,1,,1,0
110,金門縣,學士班,10,77,77,67,770.0,2,6
110,金門縣,二專,0,0,0,0,,0,0
110,金門縣,五專,2,0,0,-2,0.0,0,0
110,連江縣,總計,2,0,0,-2,0.0,0,0
110,連江縣,博士班,0,0,0,0,,0,0
110,連江縣,碩士班,0,0,0,0,,0,0
110,連江縣,學士班,2,0,0,-2,0.0,0,0
110,連江縣,二專,0,0,0,0,,0,0
110,連江縣,五專,0,0,0,0,,0,0
111,新北市,總計,2275,3780,2570,1505,166.15,406,651
111,新北市,博士班,9,6,6,-3,66.67,0,0
111,新北市,碩士班,134,207,207,73,154.48,26,18
111,新北市,學士班,1824,2990,2077,1166,163.93,335,527
111,新北市,二專,34,319,22,285,938.24,14,78
111,新北市,五專,274,258,258,-16,94.16,31,28
111,臺北市,總計,1040,4273,4064,3233,410.87,188,837
111,臺北市,博士班,10,55,55,45,550.0,1,2
111,臺北市,碩士班,99,421,397,322,425.25,16,69
111,臺北市,學士班,836,3305,3209,2469,395.33,150,671
111,臺北市,二專,9,123,34,114,1366.67,7,48
111,臺北市,五專,86,369,369,283,429.07,14,47
111,桃園市,總計,2611,2755,2753,144,105.52,429,488
111,桃園市,博士班,8,12,12,4,150.0,0,1
111,桃園市,碩士班,140,146,144,6,104.29,25,43
111,桃園市,學士班,2085,1929,1929,-156,92.52,353,373
111,桃園市,二專,39,16,16,-23,41.03,10,13
111,桃園市,五專,339,652,652,313,192.33,41,58
111,臺中市,總計,1450,2998,2950,1548,206.76,273,525
111,臺中市,博士班,9,25,25,16,277.78,0,1
111,臺中市,碩士班,121,334,334,213,276.03,9,40
111,臺中市,學士班,1130,2508,2474,1378,221.95,233,461
111,臺中市,二專,25,42,28,17,168.0,12,17
111,臺中市,五專,165,89,89,-76,53.94,19,6
111,臺南市,總計,432,1609,1603,1177,372.45,71,283
111,臺南市,博士班,5,13,13,8,260.0,0,0
111,臺南市,碩士班,40,111,105,71,277.5,8,20
111,臺南市,學士班,325,1225,1225,900,376.92,56,236
111,臺南市,二專,7,8,8,1,114.29,3,4
111,臺南市,五專,55,252,252,197,458.18,4,23
111,高雄市,總計,1909,3274,3085,1365,171.5,353,626
111,高雄市,博士班,19,16,16,-3,84.21,1,0
111,高雄市,碩士班,154,189,189,35,122.73,21,25
111,高雄市,學士班,1453,2503,2314,1050,172.26,280,522
111,高雄市,二專,32,49,49,17,153.12,18,20
111,高雄市,五專,251,517,517,266,205.98,33,59
111,宜蘭縣,總計,870,464,464,-406,53.33,151,83
111,宜蘭縣,博士班,4,1,1,-3,25.0,0,0
111,宜蘭縣,碩士班,93,34,34,-59,36.56,13,7
111,宜蘭縣,學士班,565,220,220,-345,38.94,122,52
111,宜蘭縣,二專,27,4,4,-23,14.81,3,0
111,宜蘭縣,五專,181,205,205,24,113.26,13,24
111,新竹縣,總計,1119,324,324,-795,28.95,203,63
111,新竹縣,博士班,8,0,0,-8,0.0,0,0
111,新竹縣,碩士班,90,27,27,-63,30.0,13,7
111,新竹縣,學士班,822,288,288,-534,35.04,164,50
111,新竹縣,二專,16,7,7,-9,43.75,11,2
111,新竹縣,五專,183,2,2,-181,1.09,15,4
111,苗栗縣,總計,581,447,447,-134,76.94,124,88
111,苗栗縣,博士班,4,0,0,-4,0.0,0,0
111,苗栗縣,碩士班,48,14,14,-34,29.17,6,3
111,苗栗縣,學士班,426,196,196,-230,46.01,105,55
111,苗栗縣,二專,18,16,16,-2,88.89,3,7
111,苗栗縣,五專,85,221,221,136,260.0,10,23
111,彰化縣,總計,263,263,263,0,100.0,31,84
111,彰化縣,博士班,1,3,3,2,300.0,0,0
111,彰化縣,碩士班,19,41,41,22,215.79,3,5
111,彰化縣,學士班,210,218,218,8,103.81,24,76
111,彰化縣,二專,6,1,1,-5,16.67,0,3
111,彰化縣,五專,27,0,0,-27,0.0,4,0
111,南投縣,總計,1748,398,398,-1350,22.77,291,52
111,南投縣,博士班,22,9,9,-13,40.91,0,0
111,南投縣,碩士班,248,58,58,-190,23.39,29,5
111,南投縣,學士班,1150,327,327,-823,28.43,218,44
111,南投縣,二專,27,2,2,-25,7.41,12,2
111,南投縣,五專,301,2,2,-299,0.66,32,1
111,雲林縣,總計,158,373,373,215,236.08,46,82
111,雲林縣,博士班,0,0,0,0,,0,1
111,雲林縣,碩士班,9,66,66,57,733.33,3,19
111,雲林縣,學士班,123,291,291,168,236.59,34,60
111,雲林縣,二專,6,14,14,8,233.33,4,2
111,雲林縣,五專,20,2,2,-18,10.0,5,0
111,嘉義縣,總計,283,339,339,56,119.79,63,63
111,嘉義縣,博士班,5,5,5,0,100.0,0,0
111,嘉義縣,碩士班,36,52,52,16,144.44,8,7
111,嘉義縣,學士班,202,229,229,27,113.37,51,45
111,嘉義縣,二專,7,8,8,1,114.29,2,4
111,嘉義縣,五專,33,45,45,12,136.36,2,7
111,屏東縣,總計,3199,2370,2370,-829,74.09,639,531
111,屏東縣,博士班,41,10,10,-31,24.39,3,2
111,屏東縣,碩士班,372,220,220,-152,59.14,56,31
111,屏東縣,學士班,2255,1537,1537,-718,68.16,492,382
111,屏東縣,二專,82,80,80,-2,97.56,29,37
111,屏東縣,五專,449,523,523,74,116.48,59,79
111,臺東縣,總計,4395,793,793,-3602,18.04,918,149
111,臺東縣,博士班,43,4,4,-39,9.3,2,0
111,臺東縣,碩士班,421,161,161,-260,38.24,69,17
111,臺東縣,學士班,3103,546,546,-2557,17.6,670,103
111,臺東縣,二專,218,34,34,-184,15.6,91,19
111,臺東縣,五專,610,48,48,-562,7.87,86,10
111,花蓮縣,總計,4936,2143,2143,-2793,43.42,1028,416
111,花蓮縣,博士班,40,41,41,1,102.5,1,0
111,花蓮縣,碩士班,452,289,289,-163,63.94,75,33
111,花蓮縣,學士班,3593,1229,1229,-2364,34.21,779,264
111,花蓮縣,二專,218,38,38,-180,17.43,71,17
111,花蓮縣,五專,633,546,546,-87,86.26,102,102
111,澎湖縣,總計,15,20,20,5,133.33,3,6
111,澎湖縣,博士班,0,0,0,0,,0,0
111,澎湖縣,碩士班,2,2,2,0,100.0,0,1
111,澎湖縣,學士班,10,17,17,7,170.0,3,5
111,澎湖縣,二專,0,0,0,0,,0,0
111,澎湖縣,五專,3,1,1,-2,33.33,0,0
111,基隆市,總計,361,495,495,134,137.12,67,145
111,基隆市,博士班,0,2,2,2,,0,0
111,基隆市,碩士班,35,16,16,-19,45.71,4,7
111,基隆市,學士班,277,434,434,157,156.68,54,111
111,基隆市,二專,3,9,9,6,300.0,5,24
111,基隆市,五專,46,34,34,-12,73.91,4,3
111,新竹市,總計,151,450,450,299,298.01,32,107
111,新竹市,博士班,1,25,25,24,2500.0,0,1
111,新竹市,碩士班,8,107,107,99,1337.5,0,26
111,新竹市,學士班,123,318,318,195,258.54,30,80
111,新竹市,二專,3,0,0,-3,0.0,2,0
111,新竹市,五專,16,0,0,-16,0.0,0,0
111,嘉義市,總計,44,215,215,171,488.64,13,39
111,嘉義市,博士班,0,2,2,2,,0,0
111,嘉義市,碩士班,5,31,31,26,620.0,2,3
111,嘉義市,學士班,30,174,174,144,580.0,10,34
111,嘉義市,二專,1,8,8,7,800.0,0,0
111,嘉義市,五專,8,0,0,-8,0.0,1,2
111,金門縣,總計,11,70,70,59,636.36,2,13
111,金門縣,博士班,0,0,0,0,,0,0
111,金門縣,碩士班,1,1,1,0,100.0,0,0
111,金門縣,學士班,9,69,69,60,766.67,1,13
111,金門縣,二專,0,0,0,0,,0,0
111,金門縣,五專,1,0,0,-1,0.0,1,0
111,連江縣,總計,2,0,0,-2,0.0,0,0
111,連江縣,博士班,0,0,0,0,,0,0
111,連江縣,碩士班,0,0,0,0,,0,0
111,連江縣,學士班,2,0,0,-2,0.0,0,0
111,連江縣,二專,0,0,0,0,,0,0
111,連江縣,五專,0,0,0,0,,0,0
112,新北市,總計,2268,3496,2381,1228,154.14,401,649
112,新北市,博士班,9,5,5,-4,55.56,1,0
112,新北市,碩士班,146,190,190,44,130.14,33,23
112,新北市,學士班,1828,2761,1963,933,151.04,323,498
112,新北市,二專,27,333,16,306,1233.33,13,94
112,新北市,五專,258,207,207,-51,80.23,31,34
112,臺北市,總計,994,4106,3988,3112,413.08,194,851
112,臺北市,博士班,14,55,55,41,392.86,1,6
112,臺北市,碩士班,92,413,388,321,448.91,13,88
112,臺北市,學士班,790,3184,3142,2394,403.04,169,657
112,臺北市,二專,11,90,39,79,818.18,2,49
112,臺北市,五專,87,364,364,277,418.39,9,51
112,桃園市,總計,2678,2814,2812,136,105.08,469,465
112,桃園市,博士班,7,14,14,7,200.0,2,0
112,桃園市,碩士班,158,144,142,-14,91.14,30,40
112,桃園市,學士班,2127,1975,1975,-152,92.85,376,330
112,桃園市,二專,35,15,15,-20,42.86,13,8
112,桃園市,五專,351,666,666,315,189.74,48,87
112,臺中市,總計,1457,3102,3050,1645,212.9,240,518
112,臺中市,博士班,10,27,27,17,270.0,1,4
112,臺中市,碩士班,121,342,342,221,282.64,26,63
112,臺中市,學士班,1126,2612,2577,1486,231.97,196,428
112,臺中市,二專,21,38,21,17,180.95,4,12
112,臺中市,五專,179,83,83,-96,46.37,13,11
112,臺南市,總計,421,1594,1591,1173,378.62,86,265
112,臺南市,博士班,6,13,13,7,216.67,0,2
112,臺南市,碩士班,42,90,87,48,214.29,5,23
112,臺南市,學士班,310,1191,1191,881,384.19,70,219
112,臺南市,二專,4,11,11,7,275.0,3,0
112,臺南市,五專,59,289,289,230,489.83,8,21
112,高雄市,總計,1867,3096,2978,1229,165.83,321,584
112,高雄市,博士班,10,12,12,2,120.0,4,2
112,高雄市,碩士班,162,189,189,27,116.67,24,27
112,高雄市,學士班,1415,2312,2194,897,163.39,256,477
112,高雄市,二專,25,44,44,19,176.0,7,15
112,高雄市,五專,255,539,539,284,211.37,30,63
112,宜蘭縣,總計,882,441,441,-441,50.0,147,82
112,宜蘭縣,博士班,8,4,4,-4,50.0,0,0
112,宜蘭縣,碩士班,94,32,32,-62,34.04,16,7
112,宜蘭縣,學士班,595,211,211,-384,35.46,91,34
112,宜蘭縣,二專,13,2,2,-11,15.38,11,0
112,宜蘭縣,五專,172,192,192,20,111.63,29,41
112,新竹縣,總計,1088,324,324,-764,29.78,185,46
112,新竹縣,博士班,7,0,0,-7,0.0,0,0
112,新竹縣,碩士班,98,31,31,-67,31.63,20,4
112,新竹縣,學士班,780,286,286,-494,36.67,142,40
112,新竹縣,二專,21,5,5,-16,23.81,5,2
112,新竹縣,五專,182,2,2,-180,1.1,18,0
112,苗栗縣,總計,561,423,423,-138,75.4,82,73
112,苗栗縣,博士班,5,0,0,-5,0.0,0,0
112,苗栗縣,碩士班,48,13,13,-35,27.08,6,1
112,苗栗縣,學士班,425,205,205,-220,48.24,68,33
112,苗栗縣,二專,10,11,11,1,110.0,4,8
112,苗栗縣,五專,73,194,194,121,265.75,4,31
112,彰化縣,總計,272,300,300,28,110.29,49,40
112,彰化縣,博士班,1,4,4,3,400.0,0,0
112,彰化縣,碩士班,18,59,59,41,327.78,4,6
112,彰化縣,學士班,224,234,234,10,104.46,37,34
112,彰化縣,二專,3,3,3,0,100.0,1,0
112,彰化縣,五專,26,0,0,-26,0.0,7,0
112,南投縣,總計,1620,382,382,-1238,23.58,286,79
112,南投縣,博士班,21,9,9,-12,42.86,2,1
112,南投縣,碩士班,201,56,56,-145,27.86,46,7
112,南投縣,學士班,1081,313,313,-768,28.95,192,71
112,南投縣,二專,26,2,2,-24,7.69,7,0
112,南投縣,五專,291,2,2,-289,0.69,39,0
112,雲林縣,總計,144,299,299,155,207.64,32,89
112,雲林縣,博士班,0,2,2,2,,0,0
112,雲林縣,碩士班,8,40,40,32,500.0,0,18
112,雲林縣,學士班,111,252,252,141,227.03,25,67
112,雲林縣,二專,5,3,3,-2,60.0,2,4
112,雲林縣,五專,20,2,2,-18,10.0,5,0
112,嘉義縣,總計,285,334,334,49,117.19,41,60
112,嘉義縣,博士班,4,4,4,0,100.0,0,0
112,嘉義縣,碩士班,38,46,46,8,121.05,4,14
112,嘉義縣,學士班,209,233,233,24,111.48,32,41
112,嘉義縣,二專,7,5,5,-2,71.43,1,5
112,嘉義縣,五專,27,46,46,19,170.37,4,0
112,屏東縣,總計,3006,2137,2137,-869,71.09,627,507
112,屏東縣,博士班,39,10,10,-29,25.64,3,0
112,屏東縣,碩士班,335,202,202,-133,60.3,56,25
112,屏東縣,學士班,2110,1409,1409,-701,66.78,485,378
112,屏東縣,二專,67,44,44,-23,65.67,26,30
112,屏東縣,五專,455,472,472,17,103.74,57,74
112,臺東縣,總計,4085,810,810,-3275,19.83,856,133
112,臺東縣,博士班,47,6,6,-41,12.77,2,0
112,臺東縣,碩士班,415,159,159,-256,38.31,71,27
112,臺東縣,學士班,2863,554,554,-2309,19.35,623,89
112,臺東縣,二專,183,48,48,-135,26.23,76,10
112,臺東縣,五專,577,43,43,-534,7.45,84,7
112,花蓮縣,總計,4632,2000,2000,-2632,43.18,1016,419
112,花蓮縣,博士班,40,36,36,-4,90.0,3,2
112,花蓮縣,碩士班,450,312,312,-138,69.33,74,33
112,花蓮縣,學士班,3355,1112,1112,-2243,33.14,754,298
112,花蓮縣,二專,210,22,22,-188,10.48,84,18
112,花蓮縣,五專,577,518,518,-59,89.77,101,68
112,澎湖縣,總計,17,17,17,0,100.0,7,5
112,澎湖縣,博士班,1,0,0,-1,0.0,0,0
112,澎湖縣,碩士班,2,1,1,-1,50.0,1,0
112,澎湖縣,學士班,13,16,16,3,123.08,5,4
112,澎湖縣,二專,0,0,0,0,,0,0
112,澎湖縣,五專,1,0,0,-1,0.0,1,1
112,基隆市,總計,338,471,471,133,139.35,66,113
112,基隆市,博士班,0,4,4,4,,0,0
112,基隆市,碩士班,32,15,15,-17,46.88,10,0
112,基隆市,學士班,260,411,411,151,158.08,52,106
112,基隆市,二專,7,4,4,-3,57.14,0,3
112,基隆市,五專,39,37,37,-2,94.87,4,4
112,新竹市,總計,160,425,425,265,265.62,22,97
112,新竹市,博士班,1,24,24,23,2400.0,0,2
112,新竹市,碩士班,8,105,105,97,1312.5,0,24
112,新竹市,學士班,128,296,296,168,231.25,21,71
112,新竹市,二專,4,0,0,-4,0.0,0,0
112,新竹市,五專,19,0,0,-19,0.0,1,0
112,嘉義市,總計,43,192,192,149,446.51,7,49
112,嘉義市,博士班,0,1,1,1,,0,0
112,嘉義市,碩士班,4,32,32,28,800.0,0,9
112,嘉義市,學士班,31,159,159,128,512.9,7,39
112,嘉義市,二專,1,0,0,-1,0.0,0,1
112,嘉義市,五專,7,0,0,-7,0.0,0,0
112,金門縣,總計,8,67,67,59,837.5,2,12
112,金門縣,博士班,0,0,0,0,,0,0
112,金門縣,碩士班,1,2,2,1,200.0,0,0
112,金門縣,學士班,6,65,65,59,1083.33,2,12
112,金門縣,二專,0,0,0,0,,0,0
112,金門縣,五專,1,0,0,-1,0.0,0,0
112,連江縣,總計,4,0,0,-4,0.0,0,0
112,連江縣,博士班,0,0,0,0,,0,0
112,連江縣,碩士班,0,0,0,0,,0,0
112,連江縣,學士班,4,0,0,-4,0.0,0,0
112,連江縣,二專,0,0,0,0,,0,0
112,連江縣,五專,0,0,0,0,,0,0
113,新北市,總計,2358,3592,2435,1234,152.33,405,615
113,新北市,博士班,10,6,6,-4,60.0,2,0
113,新北市,碩士班,161,174,174,13,108.07,32,36
113,新北市,學士班,1878,2824,2037,946,150.37,330,470
113,新北市,二專,40,388,18,348,970.0,8,83
113,新北市,五專,269,200,200,-69,74.35,33,26
113,臺北市,總計,1023,4299,4083,3276,420.23,188,826
113,臺北市,博士班,12,53,53,41,441.67,1,6
113,臺北市,碩士班,99,422,399,323,426.26,23,101
113,臺北市,學士班,811,3322,3227,2511,409.62,157,634
113,臺北市,二專,14,129,31,115,921.43,3,37
113,臺北市,五專,87,373,373,286,428.74,4,48
113,桃園市,總計,2786,2776,2773,-10,99.64,442,471
113,桃園市,博士班,10,12,12,2,120.0,0,2
113,桃園市,碩士班,170,168,165,-2,98.82,36,30
113,桃園市,學士班,2199,1913,1913,-286,86.99,360,350
113,桃園市,二專,29,28,28,-1,96.55,8,5
113,桃園市,五專,378,655,655,277,173.28,38,84
113,臺中市,總計,1428,3265,3226,1837,228.64,285,556
113,臺中市,博士班,8,24,24,16,300.0,1,3
113,臺中市,碩士班,115,363,363,248,315.65,30,69
113,臺中市,學士班,1114,2761,2734,1647,247.85,226,457
113,臺中市,二專,20,27,15,7,135.0,6,16
113,臺中市,五專,171,90,90,-81,52.63,22,11
113,臺南市,總計,441,1678,1673,1237,380.5,69,236
113,臺南市,博士班,5,11,11,6,220.0,1,0
113,臺南市,碩士班,34,108,103,74,317.65,15,16
113,臺南市,學士班,327,1230,1230,903,376.15,45,192
113,臺南市,二專,6,7,7,1,116.67,0,4
113,臺南市,五專,69,322,322,253,466.67,8,24
113,高雄市,總計,1855,3065,2953,1210,165.23,372,605
113,高雄市,博士班,12,18,18,6,150.0,1,1
113,高雄市,碩士班,159,217,217,58,136.48,28,32
113,高雄市,學士班,1381,2226,2114,845,161.19,301,492
113,高雄市,二專,32,53,53,21,165.62,10,15
113,高雄市,五專,271,551,551,280,203.32,32,65
113,宜蘭縣,總計,922,435,435,-487,47.18,147,62
113,宜蘭縣,博士班,5,4,4,-1,80.0,0,0
113,宜蘭縣,碩士班,93,29,29,-64,31.18,18,7
113,宜蘭縣,學士班,630,214,214,-416,33.97,106,31
113,宜蘭縣,二專,17,6,6,-11,35.29,2,1
113,宜蘭縣,五專,177,182,182,5,102.82,21,23
113,新竹縣,總計,1041,310,310,-731,29.78,224,59
113,新竹縣,博士班,8,0,0,-8,0.0,0,0
113,新竹縣,碩士班,99,23,23,-76,23.23,16,9
113,新竹縣,學士班,764,280,280,-484,36.65,178,47
113,新竹縣,二專,15,3,3,-12,20.0,6,2
113,新竹縣,五專,155,4,4,-151,2.58,24,1
113,苗栗縣,總計,575,378,378,-197,65.74,92,74
113,苗栗縣,博士班,5,0,0,-5,0.0,0,0
113,苗栗縣,碩士班,50,10,10,-40,20.0,10,6
113,苗栗縣,學士班,433,186,186,-247,42.96,66,37
113,苗栗縣,二專,12,10,10,-2,83.33,6,7
113,苗栗縣,五專,75,172,172,97,229.33,10,24
113,彰化縣,總計,294,299,299,5,101.7,56,56
113,彰化縣,博士班,0,5,5,5,,1,1
113,彰化縣,碩士班,14,57,57,43,407.14,6,9
113,彰化縣,學士班,245,234,234,-11,95.51,45,46
113,彰化縣,二專,4,3,3,-1,75.0,1,0
113,彰化縣,五專,31,0,0,-31,0.0,3,0
113,南投縣,總計,1631,389,389,-1242,23.85,278,77
113,南投縣,博士班,25,9,9,-16,36.0,1,0
113,南投縣,碩士班,213,49,49,-164,23.0,36,7
113,南投縣,學士班,1088,329,329,-759,30.24,192,68
113,南投縣,二專,24,2,2,-22,8.33,10,1
113,南投縣,五專,281,0,0,-281,0.0,39,1
113,雲林縣,總計,164,275,275,111,167.68,31,40
113,雲林縣,博士班,0,1,1,1,,0,0
113,雲林縣,碩士班,8,19,19,11,237.5,4,3
113,雲林縣,學士班,128,253,253,125,197.66,22,35
113,雲林縣,二專,4,0,0,-4,0.0,3,2
113,雲林縣,五專,24,2,2,-22,8.33,2,0
113,嘉義縣,總計,295,344,344,49,116.61,40,68
113,嘉義縣,博士班,3,6,6,3,200.0,0,0
113,嘉義縣,碩士班,44,50,50,6,113.64,7,15
113,嘉義縣,學士班,217,242,242,25,111.52,28,41
113,嘉義縣,二專,4,6,6,2,150.0,4,3
113,嘉義縣,五專,27,40,40,13,148.15,1,9
113,屏東縣,總計,2944,2025,2025,-919,68.78,582,479
113,屏東縣,博士班,41,9,9,-32,21.95,1,1
113,屏東縣,碩士班,337,198,198,-139,58.75,55,29
113,屏東縣,學士班,2064,1368,1368,-696,66.28,440,356
113,屏東縣,二專,81,50,50,-31,61.73,17,12
113,屏東縣,五專,421,400,400,-21,95.01,69,81
113,臺東縣,總計,3998,823,823,-3175,20.59,824,166
113,臺東縣,博士班,43,5,5,-38,11.63,3,0
113,臺東縣,碩士班,396,155,155,-241,39.14,67,30
113,臺東縣,學士班,2791,556,556,-2235,19.92,616,114
113,臺東縣,二專,231,67,67,-164,29.0,55,11
113,臺東縣,五專,537,40,40,-497,7.45,83,11
113,花蓮縣,總計,4543,1815,1815,-2728,39.95,913,386
113,花蓮縣,博士班,38,31,31,-7,81.58,6,3
113,花蓮縣,碩士班,455,272,272,-183,59.78,80,38
113,花蓮縣,學士班,3284,1009,1009,-2275,30.72,667,254
113,花蓮縣,二專,250,10,10,-240,4.0,66,9
113,花蓮縣,五專,516,493,493,-23,95.54,94,82
113,澎湖縣,總計,17,16,16,-1,94.12,2,4
113,澎湖縣,博士班,0,0,0,0,,0,0
113,澎湖縣,碩士班,2,2,2,0,100.0,0,0
113,澎湖縣,學士班,12,14,14,2,116.67,2,4
113,澎湖縣,二專,2,0,0,-2,0.0,0,0
113,澎湖縣,五專,1,0,0,-1,0.0,0,0
113,基隆市,總計,372,487,487,115,130.91,59,117
113,基隆市,博士班,0,4,4,4,,0,0
113,基隆市,碩士班,32,25,25,-7,78.12,7,7
113,基隆市,學士班,282,413,413,131,146.45,46,106
113,基隆市,二專,12,8,8,-4,66.67,2,2
113,基隆市,五專,46,37,37,-9,80.43,4,2
113,新竹市,總計,168,427,427,259,254.17,33,99
113,新竹市,博士班,1,27,27,26,2700.0,1,2
113,新竹市,碩士班,11,121,121,110,1100.0,1,23
113,新竹市,學士班,137,279,279,142,203.65,26,74
113,新竹市,二專,0,0,0,0,,2,0
113,新竹市,五專,19,0,0,-19,0.0,3,0
113,嘉義市,總計,48,170,170,122,354.17,10,37
113,嘉義市,博士班,0,1,1,1,,0,0
113,嘉義市,碩士班,3,31,31,28,1033.33,2,5
113,嘉義市,學士班,40,138,138,98,345.0,5,32
113,嘉義市,二專,0,0,0,0,,1,0
113,嘉義市,五專,5,0,0,-5,0.0,2,0
113,金門縣,總計,15,54,54,39,360.0,2,21
113,金門縣,博士班,0,0,0,0,,0,0
113,金門縣,碩士班,2,4,4,2,200.0,0,1
113,金門縣,學士班,12,50,50,38,416.67,2,20
113,金門縣,二專,0,0,0,0,,0,0
113,金門縣,五專,1,0,0,-1,0.0,0,0
113,連江縣,總計,4,0,0,-4,0.0,0,0
113,連江縣,博士班,0,0,0,0,,0,0
113,連江縣,碩士班,0,0,0,0,,0,0
113,連江縣,學士班,4,0,0,-4,0.0,0,0
113,連江縣,二專,0,0,0,0,,0,0
113,連江縣,五專,0,0,0,0,,0,0
114,新北市,總計,2528,3611,2454,1083,142.84,399,642
114,新北市,博士班,14,10,10,-4,71.43,2,0
114,新北市,碩士班,188,168,168,-20,89.36,33,25
114,新北市,學士班,2009,2828,2059,819,140.77,318,497
114,新北市,二專,36,407,19,371,1130.56,17,89
114,新北市,五專,281,198,198,-83,70.46,29,31
114,臺北市,總計,1105,4554,4286,3449,412.13,169,796
114,臺北市,博士班,18,57,57,39,316.67,0,4
114,臺北市,碩士班,114,501,483,387,439.47,9,80
114,臺北市,學士班,870,3470,3335,2600,398.85,146,624
114,臺北市,二專,18,142,27,124,788.89,6,48
114,臺北市,五專,85,384,384,299,451.76,8,40
114,桃園市,總計,2901,2880,2876,-21,99.28,522,505
114,桃園市,博士班,12,19,19,7,158.33,0,1
114,桃園市,碩士班,189,216,212,27,114.29,49,48
114,桃園市,學士班,2284,1998,1998,-286,87.48,415,354
114,桃園市,二專,37,30,30,-7,81.08,9,8
114,桃園市,五專,379,617,617,238,162.8,49,94
114,臺中市,總計,1489,3349,3319,1860,224.92,270,594
114,臺中市,博士班,14,29,29,15,207.14,2,5
114,臺中市,碩士班,114,349,349,235,306.14,29,58
114,臺中市,學士班,1179,2854,2833,1675,242.07,208,512
114,臺中市,二專,22,19,10,-3,86.36,6,10
114,臺中市,五專,160,98,98,-62,61.25,25,9
114,臺南市,總計,477,1684,1677,1207,353.04,89,298
114,臺南市,博士班,3,17,17,14,566.67,1,1
114,臺南市,碩士班,40,121,114,81,302.5,8,22
114,臺南市,學士班,366,1209,1209,843,330.33,73,241
114,臺南市,二專,4,3,3,-1,75.0,0,4
114,臺南市,五專,64,334,334,270,521.88,7,30
114,高雄市,總計,1926,3235,2968,1309,167.96,362,599
114,高雄市,博士班,8,18,18,10,225.0,0,0
114,高雄市,碩士班,196,208,208,12,106.12,25,37
114,高雄市,學士班,1425,2426,2159,1001,170.25,297,469
114,高雄市,二專,43,46,46,3,106.98,5,20
114,高雄市,五專,254,537,537,283,211.42,35,73
114,宜蘭縣,總計,950,420,420,-530,44.21,149,64
114,宜蘭縣,博士班,6,3,3,-3,50.0,0,0
114,宜蘭縣,碩士班,94,29,29,-65,30.85,24,7
114,宜蘭縣,學士班,638,208,208,-430,32.6,101,40
114,宜蘭縣,二專,31,22,22,-9,70.97,3,0
114,宜蘭縣,五專,181,158,158,-23,87.29,21,17
114,新竹縣,總計,1053,287,287,-766,27.26,222,66
114,新竹縣,博士班,9,0,0,-9,0.0,0,0
114,新竹縣,碩士班,102,29,29,-73,28.43,28,10
114,新竹縣,學士班,781,254,254,-527,32.52,166,55
114,新竹縣,二專,26,2,2,-24,7.69,4,1
114,新竹縣,五專,135,2,2,-133,1.48,24,0
114,苗栗縣,總計,565,393,393,-172,69.56,115,62
114,苗栗縣,博士班,6,0,0,-6,0.0,0,0
114,苗栗縣,碩士班,44,12,12,-32,27.27,14,2
114,苗栗縣,學士班,429,194,194,-235,45.22,89,39
114,苗栗縣,二專,8,12,12,4,150.0,2,3
114,苗栗縣,五專,78,175,175,97,224.36,10,18
114,彰化縣,總計,355,308,308,-47,86.76,51,53
114,彰化縣,博士班,1,8,8,7,800.0,0,0
114,彰化縣,碩士班,20,39,39,19,195.0,1,20
114,彰化縣,學士班,289,260,260,-29,89.97,47,31
114,彰化縣,二專,3,1,1,-2,33.33,0,2
114,彰化縣,五專,42,0,0,-42,0.0,3,0
114,南投縣,總計,1588,378,377,-1210,23.8,304,83
114,南投縣,博士班,28,6,6,-22,21.43,3,1
114,南投縣,碩士班,190,38,37,-152,20.0,44,16
114,南投縣,學士班,1072,329,329,-743,30.69,207,65
114,南投縣,二專,37,3,3,-34,8.11,9,1
114,南投縣,五專,261,2,2,-259,0.77,41,0
114,雲林縣,總計,166,298,298,132,179.52,35,50
114,雲林縣,博士班,0,0,0,0,,0,0
114,雲林縣,碩士班,7,25,25,18,357.14,4,6
114,雲林縣,學士班,132,268,268,136,203.03,22,44
114,雲林縣,二專,3,0,0,-3,0.0,4,0
114,雲林縣,五專,24,5,5,-19,20.83,5,0
114,嘉義縣,總計,292,339,339,47,116.1,52,72
114,嘉義縣,博士班,3,6,6,3,200.0,0,0
114,嘉義縣,碩士班,43,45,45,2,104.65,6,16
114,嘉義縣,學士班,217,240,240,23,110.6,38,48
114,嘉義縣,二專,3,4,4,1,133.33,1,2
114,嘉義縣,五專,26,44,44,18,169.23,7,6
114,屏東縣,總計,2978,2013,2013,-965,67.6,603,470
114,屏東縣,博士班,46,13,13,-33,28.26,2,1
114,屏東縣,碩士班,358,211,211,-147,58.94,63,46
114,屏東縣,學士班,2069,1361,1361,-708,65.78,475,367
114,屏東縣,二專,76,52,52,-24,68.42,21,13
114,屏東縣,五專,429,376,376,-53,87.65,42,43
114,臺東縣,總計,3909,792,792,-3117,20.26,822,170
114,臺東縣,博士班,45,8,8,-37,17.78,4,1
114,臺東縣,碩士班,385,155,155,-230,40.26,79,27
114,臺東縣,學士班,2753,541,541,-2212,19.65,612,122
114,臺東縣,二專,211,50,50,-161,23.7,67,17
114,臺東縣,五專,515,38,38,-477,7.38,60,3
114,花蓮縣,總計,4371,1649,1649,-2722,37.73,962,403
114,花蓮縣,博士班,41,30,30,-11,73.17,2,2
114,花蓮縣,碩士班,484,278,278,-206,57.44,84,55
114,花蓮縣,學士班,3152,884,884,-2268,28.05,732,258
114,花蓮縣,二專,225,0,0,-225,0.0,75,10
114,花蓮縣,五專,469,457,457,-12,97.44,69,78
114,澎湖縣,總計,21,23,23,2,109.52,1,2
114,澎湖縣,博士班,0,0,0,0,,0,0
114,澎湖縣,碩士班,1,2,2,1,200.0,1,0
114,澎湖縣,學士班,14,20,20,6,142.86,0,2
114,澎湖縣,二專,3,0,0,-3,0.0,0,0
114,澎湖縣,五專,3,1,1,-2,33.33,0,0
114,基隆市,總計,391,457,457,66,116.88,68,166
114,基隆市,博士班,0,2,2,2,,0,0
114,基隆市,碩士班,34,24,24,-10,70.59,1,3
114,基隆市,學士班,294,383,383,89,130.27,58,156
114,基隆市,二專,13,7,7,-6,53.85,1,2
114,基隆市,五專,50,41,41,-9,82.0,8,5
114,新竹市,總計,215,445,445,230,206.98,29,98
114,新竹市,博士班,1,26,26,25,2600.0,0,0
114,新竹市,碩士班,12,135,135,123,1125.0,4,26
114,新竹市,學士班,175,284,284,109,162.29,22,72
114,新竹市,二專,1,0,0,-1,0.0,0,0
114,新竹市,五專,26,0,0,-26,0.0,3,0
114,嘉義市,總計,49,180,180,131,367.35,8,32
114,嘉義市,博士班,0,3,3,3,,0,0
114,嘉義市,碩士班,4,31,31,27,775.0,1,4
114,嘉義市,學士班,41,146,146,105,356.1,6,28
114,嘉義市,二專,0,0,0,0,,0,0
114,嘉義市,五專,4,0,0,-4,0.0,1,0
114,金門縣,總計,14,52,52,38,371.43,3,12
114,金門縣,博士班,0,0,0,0,,0,0
114,金門縣,碩士班,0,3,3,3,,2,1
114,金門縣,學士班,13,49,49,36,376.92,1,11
114,金門縣,二專,0,0,0,0,,0,0
114,金門縣,五專,1,0,0,-1,0.0,0,0
114,連江縣,總計,4,0,0,-4,0.0,2,0
114,連江縣,博士班,0,0,0,0,,0,0
114,連江縣,碩士班,0,0,0,0,,0,0
114,連江縣,學士班,4,0,0,-4,0.0,2,0
114,連江縣,二專,0,0,0,0,,0,0
114,連江縣,五專,0,0,0,0,,0,0
