代碼,名稱,原民_106,原民_114,原民_成長率,原民_占比變化_百分點,一般生_106,一般生_114,一般生_成長率,一般生_占比變化_百分點,成長率差_百分點,相對倍數_106,相對倍數_114,相對倍數變化
09131,護理及助產細學類,3461,2767,-0.2005,-2.48,58296.0,46601.0,-0.2006,-0.15,0.0,2.768,2.312,-0.456
04131,企業管理細學類,1364,1165,-0.1459,-0.69,74994.0,58316.0,-0.2224,-0.35,7.6,0.848,0.778,-0.07
09231,社會工作細學類,880,1113,0.2648,0.92,10925.0,9020.0,-0.1744,0.0,43.9,3.755,4.806,1.051
10141,競技運動細學類,712,1003,0.4087,1.14,5061.0,4697.0,-0.0719,0.05,48.1,6.555,8.322,1.767
10152,遊憩、運動和休閒管理細學類,1406,956,-0.3201,-1.64,25311.0,13365.0,-0.472,-0.73,15.2,2.59,2.786,0.196
02311,外國語文細學類,1085,864,-0.2037,-0.79,67779.0,43066.0,-0.3646,-1.25,16.1,0.747,0.781,0.034
07141,電機與電子工程細學類,637,783,0.2292,0.58,90757.0,86067.0,-0.0517,1.09,28.1,0.327,0.354,0.027
10131,旅館及餐飲細學類,1215,715,-0.4115,-1.84,49997.0,29173.0,-0.4165,-1.18,0.5,1.133,0.955,-0.178
06131,資訊技術細學類,656,679,0.0351,0.12,64842.0,65389.0,0.0084,1.16,2.7,0.472,0.404,-0.068
09221,兒童及青少年照顧服務細學類,745,672,-0.098,-0.24,11927.0,10529.0,-0.1172,0.07,1.9,2.913,2.486,-0.427
09211,老年照顧服務細學類,182,649,2.5659,1.78,5550.0,8101.0,0.4596,0.34,210.6,1.529,3.118,1.589
01141,專業科目師資教育細學類,410,618,0.5073,0.81,7575.0,6918.0,-0.0867,0.07,59.4,2.522,3.476,0.954
10151,旅遊觀光細學類,1397,578,-0.5863,-3.04,39857.0,19528.0,-0.51,-1.3,-7.6,1.635,1.153,-0.482
07151,機械工程細學類,504,498,-0.0119,0.0,49838.0,43868.0,-0.1198,0.27,10.8,0.472,0.442,-0.03
01111,綜合教育細學類,245,470,0.9184,0.86,7718.0,8444.0,0.0941,0.2,82.4,1.481,2.168,0.687
10121,美髮美容服務細學類,594,452,-0.2391,-0.51,17016.0,10688.0,-0.3719,-0.33,13.3,1.628,1.646,0.018
04211,一般法律細學類,252,451,0.7897,0.77,14435.0,12474.0,-0.1359,0.06,92.6,0.814,1.407,0.593
04121,財務金融細學類,307,442,0.4397,0.53,33787.0,27066.0,-0.1989,-0.08,63.9,0.424,0.636,0.212
02152,表演藝術細學類,234,402,0.7179,0.65,5474.0,5805.0,0.0605,0.12,65.7,1.993,2.697,0.704
02112,視覺傳達設計細學類,466,401,-0.1395,-0.23,26572.0,19229.0,-0.2763,-0.26,13.7,0.818,0.812,-0.006
03141,社會學細學類,277,372,0.343,0.37,4552.0,4270.0,-0.062,0.05,40.5,2.836,3.389,0.553
02151,音樂細學類,231,351,0.5195,0.47,8326.0,7948.0,-0.0454,0.11,56.5,1.293,1.72,0.427
02122,綜合設計細學類,438,343,-0.2169,-0.34,15215.0,10085.0,-0.3372,-0.24,12.0,1.343,1.324,-0.019
09141,醫學技術及檢驗細學類,206,332,0.6117,0.49,13630.0,12645.0,-0.0723,0.14,68.4,0.705,1.023,0.318
01121,幼兒師資教育細學類,178,302,0.6966,0.48,5010.0,4675.0,-0.0669,0.05,76.4,1.655,2.516,0.861
07321,土木工程細學類,389,287,-0.2622,-0.37,17199.0,15693.0,-0.0876,0.15,-17.5,1.054,0.712,-0.342
03131,心理學細學類,202,282,0.396,0.31,10678.0,10960.0,0.0264,0.21,37.0,0.882,1.002,0.12
02321,臺灣語文細學類,173,282,0.6301,0.42,1768.0,1643.0,-0.0707,0.02,70.1,4.563,6.681,2.118
04143,行銷及廣告細學類,281,252,-0.1032,-0.1,5856.0,9133.0,0.5596,0.42,-66.3,2.24,1.074,-1.166
03211,大眾傳播細學類,250,248,-0.008,0.0,9054.0,5298.0,-0.4148,-0.21,40.7,1.289,1.822,0.533
04199,其他商業及管理細學類,247,243,-0.0162,-0.0,20854.0,14357.0,-0.3115,-0.28,29.5,0.552,0.659,0.107
02299,其他人文細學類,248,242,-0.0242,-0.01,3756.0,3621.0,-0.0359,0.05,1.2,3.076,2.598,-0.478
09151,物理治療細學類,162,231,0.4259,0.27,5020.0,4628.0,-0.0781,0.05,50.4,1.506,1.942,0.436
04134,公共行政細學類,307,217,-0.2932,-0.33,8763.0,6469.0,-0.2618,-0.07,-3.1,1.634,1.306,-0.328
04191,一般商業細學類,83,205,1.4699,0.47,2682.0,3187.0,0.1883,0.09,128.2,1.447,2.506,1.059
09161,藥學細學類,88,193,1.1932,0.4,8014.0,7911.0,-0.0129,0.13,120.6,0.512,0.951,0.439
04132,流通及供應鏈細學類,537,189,-0.648,-1.3,17808.0,9430.0,-0.4705,-0.51,-17.8,1.406,0.781,-0.625
09121,醫學細學類,150,182,0.2133,0.13,13300.0,12899.0,-0.0302,0.19,24.3,0.526,0.549,0.023
02322,中國語文細學類,165,176,0.0667,0.05,14781.0,10808.0,-0.2688,-0.14,33.6,0.52,0.634,0.114
09111,牙醫細學類,91,168,0.8462,0.3,5617.0,5534.0,-0.0148,0.09,86.1,0.756,1.182,0.426
04111,會計及稅務細學類,167,158,-0.0539,-0.03,19570.0,14962.0,-0.2355,-0.12,18.2,0.398,0.411,0.013
02111,視覺藝術細學類,112,149,0.3304,0.14,6301.0,6205.0,-0.0152,0.1,34.6,0.83,0.935,0.105
02222,人類學及民族學細學類,143,148,0.035,0.03,594.0,643.0,0.0825,0.02,-4.8,11.167,8.905,-2.262
02123,產品設計細學類,201,144,-0.2836,-0.21,15444.0,6342.0,-0.5894,-0.62,30.6,0.607,0.885,0.278
04212,專業法律細學類,70,144,1.0571,0.28,5566.0,6231.0,0.1195,0.16,93.8,0.586,0.9,0.314
07191,工業工程細學類,168,142,-0.1548,-0.09,13054.0,13408.0,0.0271,0.26,-18.2,0.6,0.412,-0.188
07311,建築細學類,97,131,0.3505,0.13,9056.0,7892.0,-0.1285,0.04,47.9,0.499,0.647,0.148
02141,美術工藝細學類,43,127,1.9535,0.32,1461.0,712.0,-0.5127,-0.05,246.6,1.376,6.971,5.595
04133,醫療管理細學類,200,114,-0.43,-0.32,7062.0,4656.0,-0.3407,-0.11,-8.9,1.321,0.954,-0.367
02221,歷史細學類,97,114,0.1753,0.07,5937.0,4780.0,-0.1949,-0.01,37.0,0.761,0.929,0.168
08199,其他農業細學類,5,113,21.6,0.41,632.0,1571.0,1.4858,0.1,2011.4,0.373,2.797,2.424
03191,發展研究細學類,1,108,107.0,0.4,489.0,1642.0,2.3579,0.12,10464.2,0.103,2.556,2.453
04141,國際貿易細學類,149,107,-0.2819,-0.15,14772.0,9321.0,-0.369,-0.28,8.7,0.47,0.447,-0.023
10142,運動科技細學類,49,107,1.1837,0.22,991.0,1627.0,0.6418,0.08,54.2,2.3,2.57,0.27
05121,生物科技細學類,77,106,0.3766,0.11,10969.0,8813.0,-0.1966,-0.02,57.3,0.327,0.469,0.142
01131,普通科目師資教育細學類,78,104,0.3333,0.1,4883.0,3924.0,-0.1964,-0.01,53.0,0.745,1.031,0.286
05191,營養細學類,98,102,0.0408,0.02,8229.0,5956.0,-0.2762,-0.08,31.7,0.555,0.667,0.112
07121,環境工程細學類,79,99,0.2532,0.08,9820.0,8735.0,-0.1105,0.06,36.4,0.375,0.441,0.066
02131,純藝術細學類,77,99,0.2857,0.09,7175.0,6523.0,-0.0909,0.06,37.7,0.5,0.591,0.091
10199,其他餐旅及民生服務細學類,189,97,-0.4868,-0.34,2859.0,2561.0,-0.1042,0.02,-38.3,3.078,1.478,-1.6
07211,食品科學細學類,140,96,-0.3143,-0.16,9372.0,6783.0,-0.2762,-0.09,-3.8,0.697,0.552,-0.145
03111,經濟學細學類,53,94,0.7736,0.16,11063.0,9750.0,-0.1187,0.06,89.2,0.224,0.375,0.151
07161,車輛工程細學類,37,92,1.4865,0.21,1933.0,3852.0,0.9928,0.22,49.4,0.897,0.931,0.034
01113,特殊教育細學類,92,88,-0.0435,-0.01,3759.0,3715.0,-0.0117,0.06,-3.2,1.142,0.923,-0.219
03143,區域研究細學類,47,83,0.766,0.14,2706.0,2539.0,-0.0617,0.03,82.8,0.811,1.275,0.464
09191,公共衛生細學類,61,83,0.3607,0.09,4567.0,3460.0,-0.2424,-0.03,60.3,0.624,0.935,0.311
09152,職能治療細學類,42,76,0.8095,0.13,2026.0,2462.0,0.2152,0.08,59.4,0.963,1.2,0.237
02124,空間設計細學類,128,75,-0.4141,-0.2,7267.0,4203.0,-0.4216,-0.18,0.7,0.822,0.694,-0.128
02199,其他藝術細學類,81,74,-0.0864,-0.02,1233.0,965.0,-0.2174,-0.01,13.1,3.061,2.989,-0.072
03199,其他社會及行為科學細學類,153,73,-0.5229,-0.3,2421.0,1504.0,-0.3788,-0.05,-14.4,2.938,1.897,-1.041
07111,化學工程細學類,50,70,0.4,0.08,14595.0,14109.0,-0.0333,0.2,43.3,0.159,0.193,0.034
03121,政治學細學類,66,68,0.0303,0.01,4091.0,3663.0,-0.1046,0.03,13.5,0.751,0.723,-0.028
07162,航空工程細學類,62,67,0.0806,0.02,2922.0,4077.0,0.3953,0.16,-31.5,0.987,0.64,-0.347
06132,軟體開發細學類,45,65,0.4444,0.08,4762.0,5775.0,0.2127,0.18,23.2,0.441,0.438,-0.003
02125,時尚設計與管理細學類,60,63,0.05,0.01,3795.0,3184.0,-0.161,0.0,21.1,0.738,0.771,0.033
05311,化學細學類,34,61,0.7941,0.1,9239.0,9257.0,0.0019,0.16,79.2,0.171,0.256,0.085
10414,航海細學類,42,60,0.4286,0.07,1754.0,1820.0,0.0376,0.04,39.1,1.113,1.282,0.169
03214,傳播細學類,54,59,0.0926,0.02,3016.0,3056.0,0.0133,0.06,7.9,0.835,0.752,-0.083
01114,教育行政細學類,59,59,0.0,0.0,1960.0,1764.0,-0.1,0.01,10.0,1.408,1.302,-0.106
02191,綜合藝術細學類,138,58,-0.5797,-0.3,2663.0,1872.0,-0.297,-0.03,-28.3,2.416,1.209,-1.207
09159,其他治療及復健細學類,51,58,0.1373,0.03,2230.0,1816.0,-0.1857,-0.0,32.3,1.067,1.243,0.176
03212,新聞細學類,36,57,0.5833,0.08,2432.0,1320.0,-0.4572,-0.07,104.0,0.692,1.674,0.982
04122,財政細學類,50,55,0.1,0.02,4200.0,3125.0,-0.256,-0.03,35.6,0.555,0.687,0.132
02211,宗教細學類,82,54,-0.3415,-0.1,1597.0,1288.0,-0.1935,-0.0,-14.8,2.398,1.64,-0.758
08211,林業細學類,70,49,-0.3,-0.08,2322.0,2019.0,-0.1305,0.01,-17.0,1.401,0.944,-0.457
07112,材料工程細學類,41,49,0.1951,0.03,9048.0,9782.0,0.0811,0.23,11.4,0.212,0.195,-0.017
03213,電子媒體細學類,61,48,-0.2131,-0.05,1906.0,1781.0,-0.0656,0.02,-14.8,1.497,1.052,-0.445
04123,保險及風險管理細學類,47,47,0.0,0.0,4852.0,3581.0,-0.262,-0.04,26.2,0.451,0.51,0.059
09299,其他社會福利細學類,31,47,0.5161,0.06,867.0,409.0,-0.5283,-0.03,104.4,1.657,4.45,2.793
05331,物理及應用物理細學類,20,46,1.3,0.1,6970.0,7389.0,0.0601,0.16,124.0,0.134,0.242,0.108
06199,其他資訊通訊科技細學類,8,45,4.625,0.14,823.0,2326.0,1.8262,0.16,279.9,0.455,0.757,0.302
08112,畜牧生產細學類,22,43,0.9545,0.08,2268.0,2017.0,-0.1107,0.01,106.5,0.451,0.832,0.381
10413,空運管理細學類,31,42,0.3548,0.04,1535.0,1618.0,0.0541,0.04,30.1,0.943,1.006,0.063
05111,生物學細學類,34,40,0.1765,0.02,5121.0,4655.0,-0.091,0.04,26.7,0.309,0.336,0.027
05411,數學細學類,40,39,-0.025,-0.0,8433.0,7339.0,-0.1297,0.04,10.5,0.221,0.207,-0.014
07132,能源工程細學類,19,38,1.0,0.07,3597.0,3110.0,-0.1354,0.01,113.5,0.246,0.475,0.229
10412,航運管理細學類,57,37,-0.3509,-0.07,2899.0,1959.0,-0.3242,-0.04,-2.7,0.918,0.733,-0.185
03142,地理學細學類,32,36,0.125,0.02,1436.0,1315.0,-0.0843,0.01,20.9,1.043,1.062,0.019
10221,職業衛生及安全細學類,16,34,1.125,0.07,1225.0,1744.0,0.4237,0.07,70.1,0.612,0.759,0.147
07193,生醫工程細學類,24,34,0.4167,0.04,4039.0,4501.0,0.1144,0.11,30.2,0.278,0.295,0.017
02323,華語文細學類,43,33,-0.2326,-0.04,2306.0,2243.0,-0.0273,0.03,-20.5,0.87,0.573,-0.297
06111,電腦運用細學類,0,32,,0.12,173.0,2761.0,14.9595,0.26,,0.0,0.45,0.45
07312,景觀設計細學類,31,32,0.0323,0.0,2652.0,1883.0,-0.29,-0.03,32.2,0.545,0.661,0.116
07163,造船工程細學類,42,32,-0.2381,-0.04,2258.0,2021.0,-0.105,0.02,-13.3,0.867,0.614,-0.253
08121,園藝細學類,52,32,-0.3846,-0.07,1807.0,1338.0,-0.2595,-0.01,-12.5,1.345,0.931,-0.414
06134,電算機應用細學類,67,31,-0.5373,-0.13,5765.0,4269.0,-0.2595,-0.05,-27.8,0.542,0.284,-0.258
08111,農作物生產細學類,50,31,-0.38,-0.07,1720.0,1683.0,-0.0215,0.03,-35.8,1.355,0.72,-0.635
06133,系統設計細學類,24,29,0.2083,0.02,2165.0,2141.0,-0.0111,0.03,21.9,0.517,0.529,0.012
02192,藝術行政細學類,15,28,0.8667,0.05,844.0,823.0,-0.0249,0.01,89.2,0.824,1.325,0.501
08411,獸醫細學類,22,26,0.1818,0.02,1972.0,2102.0,0.0659,0.05,11.6,0.519,0.483,-0.036
08193,農業經濟及推廣細學類,22,25,0.1364,0.01,1352.0,1491.0,0.1028,0.04,3.4,0.752,0.655,-0.097
02121,應用藝術細學類,19,24,0.2632,0.02,1198.0,1580.0,0.3189,0.06,-5.6,0.74,0.591,-0.149
09153,語言治療與聽力細學類,15,24,0.6,0.04,967.0,1511.0,0.5626,0.07,3.7,0.718,0.619,-0.099
02231,哲學細學類,34,24,-0.2941,-0.04,2793.0,2116.0,-0.2424,-0.02,-5.2,0.567,0.442,-0.125
05421,統計細學類,8,20,1.5,0.05,4307.0,3694.0,-0.1423,0.01,164.2,0.087,0.211,0.124
03122,國際關係細學類,16,19,0.1875,0.01,1697.0,1687.0,-0.0059,0.03,19.3,0.441,0.439,-0.002
10411,運輸管理細學類,13,19,0.4615,0.02,2845.0,2212.0,-0.2225,-0.01,68.4,0.214,0.335,0.121
01116,教育科技細學類,14,18,0.2857,0.02,1329.0,1405.0,0.0572,0.03,22.8,0.486,0.496,0.01
01199,其他教育細學類,6,17,1.8333,0.04,723.0,1171.0,0.6196,0.06,121.4,0.379,0.561,0.182
07122,河海工程細學類,19,17,-0.1053,-0.01,2062.0,1834.0,-0.1106,0.01,0.5,0.428,0.358,-0.07
07313,都巿規劃細學類,21,16,-0.2381,-0.02,2059.0,1600.0,-0.2229,-0.01,-1.5,0.479,0.391,-0.088
07199,其他工程及工程業細學類,3,15,4.0,0.05,946.0,2605.0,1.7537,0.18,224.6,0.145,0.224,0.079
02399,其他語文細學類,16,15,-0.0625,-0.0,800.0,550.0,-0.3125,-0.01,25.0,0.937,1.056,0.119
05211,環境資源細學類,16,14,-0.125,-0.01,1771.0,1457.0,-0.1773,0.0,5.2,0.423,0.373,-0.05
01115,課程與教學細學類,18,14,-0.2222,-0.01,775.0,793.0,0.0232,0.01,-24.5,1.081,0.688,-0.393
08194,植物保護細學類,10,12,0.2,0.01,913.0,859.0,-0.0591,0.01,25.9,0.507,0.536,0.029
03222,圖書資訊檔案細學類,12,12,0.0,0.0,1524.0,1327.0,-0.1293,0.01,12.9,0.369,0.349,-0.02
07322,空間資訊及測繪細學類,1,12,11.0,0.04,291.0,392.0,0.3471,0.02,1065.3,0.174,1.184,1.01
10111,家政服務細學類,17,11,-0.3529,-0.02,1471.0,448.0,-0.6954,-0.07,34.2,0.542,0.955,0.413
05399,其他物理、化學及地球科學細學類,9,11,0.2222,0.01,1330.0,1381.0,0.0383,0.03,18.4,0.318,0.313,-0.005
09199,其他醫藥衛生細學類,8,11,0.375,0.01,651.0,1691.0,1.5975,0.11,-122.2,0.577,0.255,-0.322
08312,水產養殖細學類,14,11,-0.2143,-0.01,1562.0,1568.0,0.0038,0.03,-21.8,0.416,0.275,-0.141
02312,翻譯細學類,6,9,0.5,0.01,1035.0,616.0,-0.4048,-0.02,90.5,0.265,0.567,0.302
10321,警政細學類,45,8,-0.8222,-0.14,1590.0,457.0,-0.7126,-0.08,-11.0,1.32,0.682,-0.638
06121,資料庫、網路設計及管理細學類,41,8,-0.8049,-0.12,1139.0,1103.0,-0.0316,0.01,-77.3,1.674,0.28,-1.394
01118,技職教育細學類,5,8,0.6,0.01,379.0,481.0,0.2691,0.02,33.1,0.633,0.638,0.005
02313,華語文為第二語言細學類,6,7,0.1667,0.0,697.0,1039.0,0.4907,0.05,-32.4,0.393,0.267,-0.126
08311,漁業科學細學類,8,7,-0.125,-0.0,721.0,661.0,-0.0832,0.01,-4.2,0.517,0.422,-0.095
07194,綜合工程細學類,6,7,0.1667,0.0,2034.0,1346.0,-0.3382,-0.03,50.5,0.135,0.206,0.071
05212,生態細學類,1,7,6.0,0.02,274.0,405.0,0.4781,0.02,552.2,0.182,0.692,0.51
07192,紡織工程細學類,5,7,0.4,0.01,1233.0,605.0,-0.5093,-0.04,90.9,0.192,0.458,0.266
05321,地球科學及環境細學類,5,7,0.4,0.01,1647.0,1516.0,-0.0795,0.02,48.0,0.144,0.182,0.038
01112,成人教育細學類,8,6,-0.25,-0.01,638.0,594.0,-0.069,0.01,-18.1,0.588,0.397,-0.191
09171,傳統醫學、輔助醫學及治療細學類,6,6,0.0,0.0,963.0,852.0,-0.1153,0.01,11.5,0.286,0.277,-0.009
05323,海洋科學細學類,5,5,0.0,0.0,920.0,706.0,-0.2326,-0.01,23.3,0.257,0.275,0.018
05322,大氣及太空科學細學類,3,5,0.6667,0.01,879.0,836.0,-0.0489,0.01,71.6,0.155,0.235,0.08
05292,水土保持細學類,9,5,-0.4444,-0.02,855.0,578.0,-0.324,-0.01,-12.0,0.493,0.339,-0.154
05499,其他數學及統計細學類,1,5,4.0,0.02,792.0,906.0,0.1439,0.02,385.6,0.062,0.216,0.154
02132,雕塑細學類,3,4,0.3333,0.0,195.0,194.0,-0.0051,0.0,33.8,0.688,0.789,0.101
05199,其他生命科學細學類,1,4,3.0,0.01,475.0,538.0,0.1326,0.01,286.7,0.105,0.288,0.183
05123,生物化學細學類,3,2,-0.3333,-0.0,830.0,734.0,-0.1157,0.0,-21.8,0.164,0.113,-0.051
09212,失能者照顧細學類,3,2,-0.3333,-0.0,179.0,56.0,-0.6872,-0.01,35.4,0.786,1.6,0.814
05124,生物訊息及遺傳細學類,3,1,-0.6667,-0.01,464.0,253.0,-0.4547,-0.01,-21.2,0.297,0.16,-0.137
