學年,學制,年級數,縣市代碼,縣市,鄉鎮市區代碼,鄉鎮市區,學校數,全體學生數,原住民學生數,原住民男學生數,原住民女學生數
114,國小,6,10002,宜蘭縣,10002010,宜蘭市,9,5940,240,117,123
114,國小,6,10002,宜蘭縣,10002020,羅東鎮,5,5066,347,171,176
114,國小,6,10002,宜蘭縣,10002030,蘇澳鎮,8,1508,172,77,95
114,國小,6,10002,宜蘭縣,10002040,頭城鎮,7,1218,59,32,27
114,國小,6,10002,宜蘭縣,10002050,礁溪鄉,5,1157,46,17,29
114,國小,6,10002,宜蘭縣,10002060,壯圍鄉,6,1191,33,20,13
114,國小,6,10002,宜蘭縣,10002070,員山鄉,7,850,61,30,31
114,國小,6,10002,宜蘭縣,10002080,冬山鄉,8,2187,101,46,55
114,國小,6,10002,宜蘭縣,10002090,五結鄉,5,1201,80,35,45
114,國小,6,10002,宜蘭縣,10002100,三星鄉,5,657,137,84,53
114,國小,6,10002,宜蘭縣,10002110,大同鄉,4,269,259,125,134
114,國小,6,10002,宜蘭縣,10002120,南澳鄉,7,361,350,174,176
114,國小,6,10004,新竹縣,10004010,竹北市,19,18526,192,105,87
114,國小,6,10004,新竹縣,10004020,竹東鎮,10,5785,745,379,366
114,國小,6,10004,新竹縣,10004030,新埔鎮,9,1449,39,21,18
114,國小,6,10004,新竹縣,10004040,關西鎮,9,923,81,53,28
114,國小,6,10004,新竹縣,10004050,湖口鄉,7,5026,211,104,107
114,國小,6,10004,新竹縣,10004060,新豐鄉,7,4135,162,86,76
114,國小,6,10004,新竹縣,10004070,芎林鄉,3,659,33,16,17
114,國小,6,10004,新竹縣,10004080,橫山鄉,5,404,67,37,30
114,國小,6,10004,新竹縣,10004090,北埔鄉,2,313,4,3,1
114,國小,6,10004,新竹縣,10004100,寶山鄉,3,403,17,9,8
114,國小,6,10004,新竹縣,10004110,峨眉鄉,2,106,1,0,1
114,國小,6,10004,新竹縣,10004120,尖石鄉,9,498,489,253,236
114,國小,6,10004,新竹縣,10004130,五峰鄉,3,146,141,81,60
114,國小,6,10005,苗栗縣,10005010,苗栗市,8,4491,154,79,75
114,國小,6,10005,苗栗縣,10005020,苑裡鎮,9,1965,37,17,20
114,國小,6,10005,苗栗縣,10005030,通霄鎮,10,1138,31,13,18
114,國小,6,10005,苗栗縣,10005040,竹南鎮,8,6071,179,89,90
114,國小,6,10005,苗栗縣,10005050,頭份市,12,6974,220,112,108
114,國小,6,10005,苗栗縣,10005060,後龍鎮,10,1451,45,29,16
114,國小,6,10005,苗栗縣,10005070,卓蘭鎮,6,536,22,9,13
114,國小,6,10005,苗栗縣,10005080,大湖鄉,7,422,60,33,27
114,國小,6,10005,苗栗縣,10005090,公館鄉,7,1502,33,16,17
114,國小,6,10005,苗栗縣,10005100,銅鑼鄉,6,641,31,16,15
114,國小,6,10005,苗栗縣,10005110,南庄鄉,5,258,109,56,53
114,國小,6,10005,苗栗縣,10005120,頭屋鄉,2,243,7,4,3
114,國小,6,10005,苗栗縣,10005130,三義鄉,4,616,21,9,12
114,國小,6,10005,苗栗縣,10005140,西湖鄉,2,111,3,0,3
114,國小,6,10005,苗栗縣,10005150,造橋鄉,5,434,23,12,11
114,國小,6,10005,苗栗縣,10005160,三灣鄉,1,242,11,6,5
114,國小,6,10005,苗栗縣,10005170,獅潭鄉,3,80,12,5,7
114,國小,6,10005,苗栗縣,10005180,泰安鄉,7,193,186,100,86
114,國小,6,10007,彰化縣,10007010,彰化市,16,12312,225,117,108
114,國小,6,10007,彰化縣,10007020,鹿港鎮,10,5077,62,36,26
114,國小,6,10007,彰化縣,10007030,和美鎮,7,4305,64,32,32
114,國小,6,10007,彰化縣,10007040,線西鄉,2,677,9,4,5
114,國小,6,10007,彰化縣,10007050,伸港鄉,4,1937,37,14,23
114,國小,6,10007,彰化縣,10007060,福興鄉,7,1453,24,17,7
114,國小,6,10007,彰化縣,10007070,秀水鄉,6,1845,23,15,8
114,國小,6,10007,彰化縣,10007080,花壇鄉,6,1884,51,19,32
114,國小,6,10007,彰化縣,10007090,芬園鄉,6,759,12,5,7
114,國小,6,10007,彰化縣,10007100,員林市,9,7489,69,39,30
114,國小,6,10007,彰化縣,10007110,溪湖鎮,7,3176,29,14,15
114,國小,6,10007,彰化縣,10007120,田中鎮,7,1501,25,11,14
114,國小,6,10007,彰化縣,10007130,大村鄉,4,1557,22,14,8
114,國小,6,10007,彰化縣,10007140,埔鹽鄉,7,1024,17,7,10
114,國小,6,10007,彰化縣,10007150,埔心鄉,7,1124,11,5,6
114,國小,6,10007,彰化縣,10007160,永靖鄉,5,1509,12,5,7
114,國小,6,10007,彰化縣,10007170,社頭鄉,7,1784,17,9,8
114,國小,6,10007,彰化縣,10007180,二水鄉,3,355,3,2,1
114,國小,6,10007,彰化縣,10007190,北斗鎮,5,1961,17,11,6
114,國小,6,10007,彰化縣,10007200,二林鎮,11,2262,29,16,13
114,國小,6,10007,彰化縣,10007210,田尾鄉,4,882,7,3,4
114,國小,6,10007,彰化縣,10007220,埤頭鄉,6,1208,17,8,9
114,國小,6,10007,彰化縣,10007230,芳苑鄉,10,827,26,11,15
114,國小,6,10007,彰化縣,10007240,大城鄉,3,311,4,1,3
114,國小,6,10007,彰化縣,10007250,竹塘鄉,4,396,3,2,1
114,國小,6,10007,彰化縣,10007260,溪州鄉,9,924,10,5,5
114,國小,6,10008,南投縣,10008010,南投市,16,5102,158,83,75
114,國小,6,10008,南投縣,10008020,埔里鎮,15,4440,731,365,366
114,國小,6,10008,南投縣,10008030,草屯鎮,14,4693,100,53,47
114,國小,6,10008,南投縣,10008040,竹山鎮,13,1939,27,14,13
114,國小,6,10008,南投縣,10008050,集集鎮,4,285,13,8,5
114,國小,6,10008,南投縣,10008060,名間鄉,8,1351,72,58,14
114,國小,6,10008,南投縣,10008070,鹿谷鄉,8,445,6,3,3
114,國小,6,10008,南投縣,10008080,中寮鄉,8,337,15,10,5
114,國小,6,10008,南投縣,10008090,魚池鄉,8,492,101,54,47
114,國小,6,10008,南投縣,10008100,國姓鄉,9,436,28,12,16
114,國小,6,10008,南投縣,10008110,水里鄉,6,590,73,38,35
114,國小,6,10008,南投縣,10008120,信義鄉,14,754,577,292,285
114,國小,6,10008,南投縣,10008130,仁愛鄉,15,744,684,367,317
114,國小,6,10009,雲林縣,10009010,斗六市,14,6993,81,33,48
114,國小,6,10009,雲林縣,10009020,斗南鎮,6,1906,12,7,5
114,國小,6,10009,雲林縣,10009030,虎尾鎮,11,4183,53,27,26
114,國小,6,10009,雲林縣,10009040,西螺鎮,8,2006,27,14,13
114,國小,6,10009,雲林縣,10009050,土庫鎮,8,1197,10,6,4
114,國小,6,10009,雲林縣,10009060,北港鎮,7,1817,16,9,7
114,國小,6,10009,雲林縣,10009070,古坑鄉,14,1254,13,7,6
114,國小,6,10009,雲林縣,10009080,大埤鄉,5,495,5,4,1
114,國小,6,10009,雲林縣,10009090,莿桐鄉,6,1124,22,8,14
114,國小,6,10009,雲林縣,10009100,林內鄉,6,526,3,2,1
114,國小,6,10009,雲林縣,10009110,二崙鄉,8,705,3,0,3
114,國小,6,10009,雲林縣,10009120,崙背鄉,6,1027,18,12,6
114,國小,6,10009,雲林縣,10009130,麥寮鄉,5,1933,50,19,31
114,國小,6,10009,雲林縣,10009140,東勢鄉,5,336,0,0,0
114,國小,6,10009,雲林縣,10009150,褒忠鄉,4,503,2,0,2
114,國小,6,10009,雲林縣,10009160,臺西鄉,5,530,7,1,6
114,國小,6,10009,雲林縣,10009170,元長鄉,9,651,5,3,2
114,國小,6,10009,雲林縣,10009180,四湖鄉,11,444,1,1,0
114,國小,6,10009,雲林縣,10009190,口湖鄉,9,671,6,4,2
114,國小,6,10009,雲林縣,10009200,水林鄉,8,497,7,2,5
114,國小,6,10010,嘉義縣,10010010,太保市,4,1672,25,20,5
114,國小,6,10010,嘉義縣,10010020,朴子市,7,2485,27,18,9
114,國小,6,10010,嘉義縣,10010030,布袋鎮,9,669,9,5,4
114,國小,6,10010,嘉義縣,10010040,大林鎮,5,1189,21,7,14
114,國小,6,10010,嘉義縣,10010050,民雄鄉,9,2847,49,28,21
114,國小,6,10010,嘉義縣,10010060,溪口鄉,4,416,3,0,3
114,國小,6,10010,嘉義縣,10010070,新港鄉,6,1070,6,3,3
114,國小,6,10010,嘉義縣,10010080,六腳鄉,6,376,8,3,5
114,國小,6,10010,嘉義縣,10010090,東石鄉,8,395,6,2,4
114,國小,6,10010,嘉義縣,10010100,義竹鄉,5,371,9,1,8
114,國小,6,10010,嘉義縣,10010110,鹿草鄉,5,294,6,5,1
114,國小,6,10010,嘉義縣,10010120,水上鄉,8,1418,28,15,13
114,國小,6,10010,嘉義縣,10010130,中埔鄉,9,1300,27,20,7
114,國小,6,10010,嘉義縣,10010140,竹崎鄉,11,916,12,8,4
114,國小,6,10010,嘉義縣,10010150,梅山鄉,9,546,7,5,2
114,國小,6,10010,嘉義縣,10010160,番路鄉,4,268,37,19,18
114,國小,6,10010,嘉義縣,10010170,大埔鄉,1,65,6,3,3
114,國小,6,10010,嘉義縣,10010180,阿里山鄉,9,227,181,88,93
114,國小,6,10013,屏東縣,10013010,屏東市,20,10185,771,389,382
114,國小,6,10013,屏東縣,10013020,潮州鎮,8,2945,307,168,139
114,國小,6,10013,屏東縣,10013030,東港鎮,7,2622,44,27,17
114,國小,6,10013,屏東縣,10013040,恆春鎮,7,1383,142,79,63
114,國小,6,10013,屏東縣,10013050,萬丹鄉,8,2331,30,20,10
114,國小,6,10013,屏東縣,10013060,長治鄉,4,892,27,16,11
114,國小,6,10013,屏東縣,10013070,麟洛鄉,1,275,5,3,2
114,國小,6,10013,屏東縣,10013080,九如鄉,4,760,17,7,10
114,國小,6,10013,屏東縣,10013090,里港鄉,6,1117,15,8,7
114,國小,6,10013,屏東縣,10013100,鹽埔鄉,6,885,23,12,11
114,國小,6,10013,屏東縣,10013110,高樹鄉,6,669,105,57,48
114,國小,6,10013,屏東縣,10013120,萬巒鄉,4,552,47,21,26
114,國小,6,10013,屏東縣,10013130,內埔鄉,11,2261,314,162,152
114,國小,6,10013,屏東縣,10013140,竹田鄉,3,348,10,4,6
114,國小,6,10013,屏東縣,10013150,新埤鄉,4,280,28,12,16
114,國小,6,10013,屏東縣,10013160,枋寮鄉,4,955,207,100,107
114,國小,6,10013,屏東縣,10013170,新園鄉,6,1057,20,8,12
114,國小,6,10013,屏東縣,10013180,崁頂鄉,3,284,11,2,9
114,國小,6,10013,屏東縣,10013190,林邊鄉,5,535,8,2,6
114,國小,6,10013,屏東縣,10013200,南州鄉,3,407,7,4,3
114,國小,6,10013,屏東縣,10013210,佳冬鄉,5,581,20,13,7
114,國小,6,10013,屏東縣,10013220,琉球鄉,4,361,2,2,0
114,國小,6,10013,屏東縣,10013230,車城鄉,1,221,41,24,17
114,國小,6,10013,屏東縣,10013240,滿州鄉,3,135,59,26,33
114,國小,6,10013,屏東縣,10013250,枋山鄉,2,126,17,9,8
114,國小,6,10013,屏東縣,10013260,三地門鄉,5,304,292,149,143
114,國小,6,10013,屏東縣,10013270,霧臺鄉,1,104,104,62,42
114,國小,6,10013,屏東縣,10013280,瑪家鄉,3,367,340,180,160
114,國小,6,10013,屏東縣,10013290,泰武鄉,3,344,337,178,159
114,國小,6,10013,屏東縣,10013300,來義鄉,5,368,360,183,177
114,國小,6,10013,屏東縣,10013310,春日鄉,3,245,239,134,105
114,國小,6,10013,屏東縣,10013320,獅子鄉,4,152,151,77,74
114,國小,6,10013,屏東縣,10013330,牡丹鄉,3,194,192,94,98
114,國小,6,10014,臺東縣,10014010,臺東市,21,5660,1994,1054,940
114,國小,6,10014,臺東縣,10014020,成功鎮,5,439,258,134,124
114,國小,6,10014,臺東縣,10014030,關山鎮,4,387,191,82,109
114,國小,6,10014,臺東縣,10014040,卑南鄉,8,641,374,176,198
114,國小,6,10014,臺東縣,10014050,鹿野鄉,5,205,92,38,54
114,國小,6,10014,臺東縣,10014060,池上鄉,3,221,87,45,42
114,國小,6,10014,臺東縣,10014070,東河鄉,5,173,98,51,47
114,國小,6,10014,臺東縣,10014080,長濱鄉,5,148,118,63,55
114,國小,6,10014,臺東縣,10014090,太麻里鄉,5,259,162,94,68
114,國小,6,10014,臺東縣,10014100,大武鄉,3,238,210,103,107
114,國小,6,10014,臺東縣,10014110,綠島鄉,2,118,18,11,7
114,國小,6,10014,臺東縣,10014120,海端鄉,7,237,219,114,105
114,國小,6,10014,臺東縣,10014130,延平鄉,4,231,228,129,99
114,國小,6,10014,臺東縣,10014140,金峰鄉,4,297,287,143,144
114,國小,6,10014,臺東縣,10014150,達仁鄉,3,94,93,51,42
114,國小,6,10014,臺東縣,10014160,蘭嶼鄉,4,159,156,79,77
114,國小,6,10015,花蓮縣,10015010,花蓮市,15,6898,1660,815,845
114,國小,6,10015,花蓮縣,10015020,鳳林鎮,6,345,129,66,63
114,國小,6,10015,花蓮縣,10015030,玉里鎮,12,923,413,228,185
114,國小,6,10015,花蓮縣,10015040,新城鄉,4,860,624,328,296
114,國小,6,10015,花蓮縣,10015050,吉安鄉,8,2812,1047,535,512
114,國小,6,10015,花蓮縣,10015060,壽豐鄉,8,513,218,111,107
114,國小,6,10015,花蓮縣,10015070,光復鄉,5,325,216,109,107
114,國小,6,10015,花蓮縣,10015080,豐濱鄉,4,106,91,55,36
114,國小,6,10015,花蓮縣,10015090,瑞穗鄉,7,420,269,133,136
114,國小,6,10015,花蓮縣,10015100,富里鄉,8,280,97,50,47
114,國小,6,10015,花蓮縣,10015110,秀林鄉,12,767,728,394,334
114,國小,6,10015,花蓮縣,10015120,萬榮鄉,6,262,259,137,122
114,國小,6,10015,花蓮縣,10015130,卓溪鄉,8,298,296,137,159
114,國小,6,10016,澎湖縣,10016010,馬公市,13,2636,36,18,18
114,國小,6,10016,澎湖縣,10016020,湖西鄉,6,310,2,1,1
114,國小,6,10016,澎湖縣,10016030,白沙鄉,6,230,9,8,1
114,國小,6,10016,澎湖縣,10016040,西嶼鄉,5,175,5,1,4
114,國小,6,10016,澎湖縣,10016050,望安鄉,3,26,0,0,0
114,國小,6,10016,澎湖縣,10016060,七美鄉,2,57,1,0,1
114,國小,6,10017,基隆市,10017010,中正區,5,1104,224,109,115
114,國小,6,10017,基隆市,10017020,七堵區,8,2496,183,85,98
114,國小,6,10017,基隆市,10017030,暖暖區,5,1651,89,49,40
114,國小,6,10017,基隆市,10017040,仁愛區,4,2262,50,28,22
114,國小,6,10017,基隆市,10017050,中山區,6,2080,74,39,35
114,國小,6,10017,基隆市,10017060,安樂區,6,3569,141,75,66
114,國小,6,10017,基隆市,10017070,信義區,5,2241,105,63,42
114,國小,6,10018,新竹市,10018010,東區,16,19072,265,137,128
114,國小,6,10018,新竹市,10018020,北區,7,8556,248,116,132
114,國小,6,10018,新竹市,10018030,香山區,11,3832,125,68,57
114,國小,6,10020,嘉義市,10020010,東區,10,6943,83,39,44
114,國小,6,10020,嘉義市,10020020,西區,10,7183,86,40,46
114,國小,6,63000,臺北市,63000010,松山區,8,8805,97,42,55
114,國小,6,63000,臺北市,63000020,信義區,8,8656,118,59,59
114,國小,6,63000,臺北市,63000030,大安區,14,16102,125,69,56
114,國小,6,63000,臺北市,63000040,中山區,11,8563,108,53,55
114,國小,6,63000,臺北市,63000050,中正區,8,6800,88,42,46
114,國小,6,63000,臺北市,63000060,大同區,9,5442,90,53,37
114,國小,6,63000,臺北市,63000070,萬華區,12,6623,169,91,78
114,國小,6,63000,臺北市,63000080,文山區,22,14137,274,149,125
114,國小,6,63000,臺北市,63000090,南港區,7,5138,124,57,67
114,國小,6,63000,臺北市,63000100,內湖區,13,13599,209,109,100
114,國小,6,63000,臺北市,63000110,士林區,19,12324,174,91,83
114,國小,6,63000,臺北市,63000120,北投區,16,11461,183,87,96
114,國小,6,64000,高雄市,64000010,鹽埕區,3,1144,27,14,13
114,國小,6,64000,高雄市,64000020,鼓山區,7,7271,100,56,44
114,國小,6,64000,高雄市,64000030,左營區,12,11868,324,170,154
114,國小,6,64000,高雄市,64000040,楠梓區,9,11537,307,143,164
114,國小,6,64000,高雄市,64000050,三民區,14,14450,216,103,113
114,國小,6,64000,高雄市,64000060,新興區,4,2382,36,11,25
114,國小,6,64000,高雄市,64000070,前金區,2,904,18,13,5
114,國小,6,64000,高雄市,64000080,苓雅區,8,6979,120,63,57
114,國小,6,64000,高雄市,64000090,前鎮區,14,8608,209,121,88
114,國小,6,64000,高雄市,64000100,旗津區,3,649,10,5,5
114,國小,6,64000,高雄市,64000110,小港區,13,7353,348,160,188
114,國小,6,64000,高雄市,64000120,鳳山區,22,16837,404,206,198
114,國小,6,64000,高雄市,64000130,林園區,6,2989,122,63,59
114,國小,6,64000,高雄市,64000140,大寮區,10,5084,208,91,117
114,國小,6,64000,高雄市,64000150,大樹區,8,1672,69,39,30
114,國小,6,64000,高雄市,64000160,大社區,3,1288,30,16,14
114,國小,6,64000,高雄市,64000170,仁武區,6,4172,109,57,52
114,國小,6,64000,高雄市,64000180,鳥松區,3,1719,44,20,24
114,國小,6,64000,高雄市,64000190,岡山區,8,5015,138,73,65
114,國小,6,64000,高雄市,64000200,橋頭區,5,2011,43,24,19
114,國小,6,64000,高雄市,64000210,燕巢區,6,948,16,7,9
114,國小,6,64000,高雄市,64000220,田寮區,2,89,1,1,0
114,國小,6,64000,高雄市,64000230,阿蓮區,3,1151,20,11,9
114,國小,6,64000,高雄市,64000240,路竹區,8,2888,54,27,27
114,國小,6,64000,高雄市,64000250,湖內區,5,1108,29,12,17
114,國小,6,64000,高雄市,64000260,茄萣區,4,1065,8,3,5
114,國小,6,64000,高雄市,64000270,永安區,3,384,5,3,2
114,國小,6,64000,高雄市,64000280,彌陀區,3,706,12,9,3
114,國小,6,64000,高雄市,64000290,梓官區,2,1296,26,13,13
114,國小,6,64000,高雄市,64000300,旗山區,6,1382,64,25,39
114,國小,6,64000,高雄市,64000310,美濃區,9,1047,33,21,12
114,國小,6,64000,高雄市,64000320,六龜區,5,283,52,20,32
114,國小,6,64000,高雄市,64000330,甲仙區,2,109,8,3,5
114,國小,6,64000,高雄市,64000340,杉林區,5,276,80,36,44
114,國小,6,64000,高雄市,64000350,內門區,5,277,20,7,13
114,國小,6,64000,高雄市,64000360,茂林區,2,64,53,24,29
114,國小,6,64000,高雄市,64000370,桃源區,5,178,177,100,77
114,國小,6,64000,高雄市,64000380,那瑪夏區,2,144,143,63,80
114,國小,6,65000,新北市,65000010,板橋區,17,27836,530,254,276
114,國小,6,65000,新北市,65000020,三重區,14,17072,367,171,196
114,國小,6,65000,新北市,65000030,中和區,9,14179,368,194,174
114,國小,6,65000,新北市,65000040,永和區,8,13408,172,82,90
114,國小,6,65000,新北市,65000050,新莊區,16,23737,639,330,309
114,國小,6,65000,新北市,65000060,新店區,13,12446,440,225,215
114,國小,6,65000,新北市,65000070,樹林區,11,9132,591,306,285
114,國小,6,65000,新北市,65000080,鶯歌區,7,4710,327,156,171
114,國小,6,65000,新北市,65000090,三峽區,14,6536,337,160,177
114,國小,6,65000,新北市,65000100,淡水區,15,8703,277,134,143
114,國小,6,65000,新北市,65000110,汐止區,12,8164,382,201,181
114,國小,6,65000,新北市,65000120,瑞芳區,11,1265,89,45,44
114,國小,6,65000,新北市,65000130,土城區,6,12933,402,204,198
114,國小,6,65000,新北市,65000140,蘆洲區,5,10197,211,100,111
114,國小,6,65000,新北市,65000150,五股區,4,4237,220,115,105
114,國小,6,65000,新北市,65000160,泰山區,4,3848,132,68,64
114,國小,6,65000,新北市,65000170,林口區,10,10400,320,147,173
114,國小,6,65000,新北市,65000180,深坑區,1,777,20,9,11
114,國小,6,65000,新北市,65000190,石碇區,4,224,6,4,2
114,國小,6,65000,新北市,65000200,坪林區,1,102,1,1,0
114,國小,6,65000,新北市,65000210,三芝區,3,725,27,16,11
114,國小,6,65000,新北市,65000220,石門區,3,150,6,2,4
114,國小,6,65000,新北市,65000230,八里區,5,2319,110,52,58
114,國小,6,65000,新北市,65000240,平溪區,3,73,7,1,6
114,國小,6,65000,新北市,65000250,雙溪區,4,148,3,2,1
114,國小,6,65000,新北市,65000260,貢寮區,5,145,9,2,7
114,國小,6,65000,新北市,65000270,金山區,4,596,12,5,7
114,國小,6,65000,新北市,65000280,萬里區,5,402,33,19,14
114,國小,6,65000,新北市,65000290,烏來區,3,206,105,56,49
114,國小,6,66000,臺中市,66000010,中區,1,624,15,5,10
114,國小,6,66000,臺中市,66000020,東區,6,4379,142,82,60
114,國小,6,66000,臺中市,66000030,南區,5,5554,129,67,62
114,國小,6,66000,臺中市,66000040,西區,6,6393,103,52,51
114,國小,6,66000,臺中市,66000050,北區,9,7295,130,68,62
114,國小,6,66000,臺中市,66000060,西屯區,15,13458,267,144,123
114,國小,6,66000,臺中市,66000070,南屯區,10,13437,201,107,94
114,國小,6,66000,臺中市,66000080,北屯區,20,20487,393,202,191
114,國小,6,66000,臺中市,66000090,豐原區,10,9328,204,101,103
114,國小,6,66000,臺中市,66000100,東勢區,10,1911,114,46,68
114,國小,6,66000,臺中市,66000110,大甲區,10,4869,89,44,45
114,國小,6,66000,臺中市,66000120,清水區,11,4891,108,62,46
114,國小,6,66000,臺中市,66000130,沙鹿區,8,6056,155,86,69
114,國小,6,66000,臺中市,66000140,梧棲區,6,4098,127,66,61
114,國小,6,66000,臺中市,66000150,后里區,6,2745,79,45,34
114,國小,6,66000,臺中市,66000160,神岡區,5,2971,100,53,47
114,國小,6,66000,臺中市,66000170,潭子區,7,7106,171,88,83
114,國小,6,66000,臺中市,66000180,大雅區,8,5920,277,143,134
114,國小,6,66000,臺中市,66000190,新社區,8,842,26,13,13
114,國小,6,66000,臺中市,66000200,石岡區,2,391,9,5,4
114,國小,6,66000,臺中市,66000210,外埔區,5,957,22,10,12
114,國小,6,66000,臺中市,66000220,大安區,4,481,7,5,2
114,國小,6,66000,臺中市,66000230,烏日區,8,4607,122,62,60
114,國小,6,66000,臺中市,66000240,大肚區,7,2751,151,73,78
114,國小,6,66000,臺中市,66000250,龍井區,7,3459,150,64,86
114,國小,6,66000,臺中市,66000260,霧峰區,11,2999,103,63,40
114,國小,6,66000,臺中市,66000270,太平區,15,11210,420,200,220
114,國小,6,66000,臺中市,66000280,大里區,12,11722,282,156,126
114,國小,6,66000,臺中市,66000290,和平區,8,391,245,135,110
114,國小,6,67000,臺南市,67000010,新營區,9,4257,55,27,28
114,國小,6,67000,臺南市,67000020,鹽水區,9,880,11,3,8
114,國小,6,67000,臺南市,67000030,白河區,7,792,12,5,7
114,國小,6,67000,臺南市,67000040,柳營區,5,512,13,7,6
114,國小,6,67000,臺南市,67000050,後壁區,7,471,7,3,4
114,國小,6,67000,臺南市,67000060,東山區,5,451,5,2,3
114,國小,6,67000,臺南市,67000070,麻豆區,8,1984,24,6,18
114,國小,6,67000,臺南市,67000080,下營區,5,819,7,1,6
114,國小,6,67000,臺南市,67000090,六甲區,3,864,12,4,8
114,國小,6,67000,臺南市,67000100,官田區,3,666,15,8,7
114,國小,6,67000,臺南市,67000110,大內區,2,191,5,3,2
114,國小,6,67000,臺南市,67000120,佳里區,8,2922,27,16,11
114,國小,6,67000,臺南市,67000130,學甲區,5,924,15,7,8
114,國小,6,67000,臺南市,67000140,西港區,5,1134,10,5,5
114,國小,6,67000,臺南市,67000150,七股區,9,573,4,1,3
114,國小,6,67000,臺南市,67000160,將軍區,5,397,3,2,1
114,國小,6,67000,臺南市,67000170,北門區,5,195,6,1,5
114,國小,6,67000,臺南市,67000180,新化區,5,1969,22,11,11
114,國小,6,67000,臺南市,67000190,善化區,8,3121,54,28,26
114,國小,6,67000,臺南市,67000200,新市區,2,3290,27,17,10
114,國小,6,67000,臺南市,67000210,安定區,3,1141,18,10,8
114,國小,6,67000,臺南市,67000220,山上區,1,186,8,5,3
114,國小,6,67000,臺南市,67000230,玉井區,2,408,8,4,4
114,國小,6,67000,臺南市,67000240,楠西區,1,177,5,3,2
114,國小,6,67000,臺南市,67000250,南化區,3,142,6,2,4
114,國小,6,67000,臺南市,67000260,左鎮區,2,133,5,2,3
114,國小,6,67000,臺南市,67000270,仁德區,8,2692,43,18,25
114,國小,6,67000,臺南市,67000280,歸仁區,6,3755,53,29,24
114,國小,6,67000,臺南市,67000290,關廟區,7,1323,14,8,6
114,國小,6,67000,臺南市,67000300,龍崎區,1,25,0,0,0
114,國小,6,67000,臺南市,67000310,永康區,11,13323,284,135,149
114,國小,6,67000,臺南市,67000320,東區,9,10493,142,70,72
114,國小,6,67000,臺南市,67000330,南區,7,3307,39,23,16
114,國小,6,67000,臺南市,67000340,北區,9,7657,63,33,30
114,國小,6,67000,臺南市,67000350,安南區,14,10869,115,52,63
114,國小,6,67000,臺南市,67000360,安平區,5,4703,51,26,25
114,國小,6,67000,臺南市,67000370,中西區,6,4396,45,27,18
114,國小,6,68000,桃園市,68000010,桃園區,24,28075,1033,543,490
114,國小,6,68000,桃園市,68000020,中壢區,25,26337,1206,610,596
114,國小,6,68000,桃園市,68000030,大溪區,14,5172,960,491,469
114,國小,6,68000,桃園市,68000040,楊梅區,15,10134,617,311,306
114,國小,6,68000,桃園市,68000050,蘆竹區,14,9924,506,255,251
114,國小,6,68000,桃園市,68000060,大園區,8,3816,313,163,150
114,國小,6,68000,桃園市,68000070,龜山區,20,10755,899,479,420
114,國小,6,68000,桃園市,68000080,八德區,10,10890,767,390,377
114,國小,6,68000,桃園市,68000090,龍潭區,13,6964,605,327,278
114,國小,6,68000,桃園市,68000100,平鎮區,14,14184,915,482,433
114,國小,6,68000,桃園市,68000110,新屋區,11,2449,125,63,62
114,國小,6,68000,桃園市,68000120,觀音區,10,3819,342,163,179
114,國小,6,68000,桃園市,68000130,復興區,11,445,399,202,197
114,國小,6,9007,連江縣,9007010,南竿鄉,3,340,11,4,7
114,國小,6,9007,連江縣,9007020,北竿鄉,1,79,2,0,2
114,國小,6,9007,連江縣,9007030,莒光鄉,2,16,0,0,0
114,國小,6,9007,連江縣,9007040,東引鄉,1,53,5,4,1
114,國小,6,9020,金門縣,9020010,金城鎮,3,1498,11,5,6
114,國小,6,9020,金門縣,9020020,金沙鎮,5,411,16,8,8
114,國小,6,9020,金門縣,9020030,金湖鎮,4,991,27,12,15
114,國小,6,9020,金門縣,9020040,金寧鄉,4,793,13,8,5
114,國小,6,9020,金門縣,9020050,烈嶼鄉,3,193,1,0,1
114,國中,3,10002,宜蘭縣,10002010,宜蘭市,4,3322,137,61,76
114,國中,3,10002,宜蘭縣,10002020,羅東鎮,3,3334,222,103,119
114,國中,3,10002,宜蘭縣,10002030,蘇澳鎮,4,812,78,48,30
114,國中,3,10002,宜蘭縣,10002040,頭城鎮,2,493,22,14,8
114,國中,3,10002,宜蘭縣,10002050,礁溪鄉,2,460,18,10,8
114,國中,3,10002,宜蘭縣,10002060,壯圍鄉,1,710,23,15,8
114,國中,3,10002,宜蘭縣,10002070,員山鄉,2,1176,64,43,21
114,國中,3,10002,宜蘭縣,10002080,冬山鄉,2,731,73,38,35
114,國中,3,10002,宜蘭縣,10002090,五結鄉,3,481,37,17,20
114,國中,3,10002,宜蘭縣,10002100,三星鄉,1,190,76,50,26
114,國中,3,10002,宜蘭縣,10002110,大同鄉,1,31,31,21,10
114,國中,3,10002,宜蘭縣,10002120,南澳鄉,0,103,99,52,47
114,國中,3,10004,新竹縣,10004010,竹北市,9,9693,106,60,46
114,國中,3,10004,新竹縣,10004020,竹東鎮,4,2704,369,177,192
114,國中,3,10004,新竹縣,10004030,新埔鎮,3,527,13,5,8
114,國中,3,10004,新竹縣,10004040,關西鎮,3,537,50,37,13
114,國中,3,10004,新竹縣,10004050,湖口鄉,3,1991,77,36,41
114,國中,3,10004,新竹縣,10004060,新豐鄉,3,2228,52,23,29
114,國中,3,10004,新竹縣,10004070,芎林鄉,1,266,16,7,9
114,國中,3,10004,新竹縣,10004080,橫山鄉,2,190,21,6,15
114,國中,3,10004,新竹縣,10004090,北埔鄉,1,144,4,1,3
114,國中,3,10004,新竹縣,10004100,寶山鄉,1,162,9,4,5
114,國中,3,10004,新竹縣,10004110,峨眉鄉,1,52,1,1,0
114,國中,3,10004,新竹縣,10004120,尖石鄉,1,214,211,102,109
114,國中,3,10004,新竹縣,10004130,五峰鄉,1,38,38,16,22
114,國中,3,10005,苗栗縣,10005010,苗栗市,3,2530,87,41,46
114,國中,3,10005,苗栗縣,10005020,苑裡鎮,1,966,26,17,9
114,國中,3,10005,苗栗縣,10005030,通霄鎮,5,600,19,10,9
114,國中,3,10005,苗栗縣,10005040,竹南鎮,2,3803,84,45,39
114,國中,3,10005,苗栗縣,10005050,頭份市,3,3034,101,52,49
114,國中,3,10005,苗栗縣,10005060,後龍鎮,3,659,12,4,8
114,國中,3,10005,苗栗縣,10005070,卓蘭鎮,0,194,19,8,11
114,國中,3,10005,苗栗縣,10005080,大湖鄉,2,178,28,15,13
114,國中,3,10005,苗栗縣,10005090,公館鄉,2,902,41,19,22
114,國中,3,10005,苗栗縣,10005100,銅鑼鄉,1,257,10,4,6
114,國中,3,10005,苗栗縣,10005110,南庄鄉,1,80,37,19,18
114,國中,3,10005,苗栗縣,10005120,頭屋鄉,1,180,21,13,8
114,國中,3,10005,苗栗縣,10005130,三義鄉,0,280,7,6,1
114,國中,3,10005,苗栗縣,10005140,西湖鄉,1,76,2,1,1
114,國中,3,10005,苗栗縣,10005150,造橋鄉,2,177,12,10,2
114,國中,3,10005,苗栗縣,10005160,三灣鄉,1,83,9,5,4
114,國中,3,10005,苗栗縣,10005170,獅潭鄉,1,25,2,2,0
114,國中,3,10005,苗栗縣,10005180,泰安鄉,1,17,16,10,6
114,國中,3,10007,彰化縣,10007010,彰化市,6,8416,74,35,39
114,國中,3,10007,彰化縣,10007020,鹿港鎮,2,895,8,4,4
114,國中,3,10007,彰化縣,10007030,和美鎮,1,1775,25,14,11
114,國中,3,10007,彰化縣,10007040,線西鄉,1,378,4,2,2
114,國中,3,10007,彰化縣,10007050,伸港鄉,1,837,9,6,3
114,國中,3,10007,彰化縣,10007060,福興鄉,2,2347,27,13,14
114,國中,3,10007,彰化縣,10007070,秀水鄉,1,962,7,1,6
114,國中,3,10007,彰化縣,10007080,花壇鄉,1,561,19,11,8
114,國中,3,10007,彰化縣,10007090,芬園鄉,1,207,3,1,2
114,國中,3,10007,彰化縣,10007100,員林市,3,3636,35,15,20
114,國中,3,10007,彰化縣,10007110,溪湖鎮,1,1837,19,12,7
114,國中,3,10007,彰化縣,10007120,田中鎮,0,1516,11,6,5
114,國中,3,10007,彰化縣,10007130,大村鄉,1,404,6,3,3
114,國中,3,10007,彰化縣,10007140,埔鹽鄉,1,286,7,5,2
114,國中,3,10007,彰化縣,10007150,埔心鄉,1,359,3,3,0
114,國中,3,10007,彰化縣,10007160,永靖鄉,1,827,9,7,2
114,國中,3,10007,彰化縣,10007170,社頭鄉,1,586,8,3,5
114,國中,3,10007,彰化縣,10007180,二水鄉,1,127,2,2,0
114,國中,3,10007,彰化縣,10007190,北斗鎮,1,688,5,2,3
114,國中,3,10007,彰化縣,10007200,二林鎮,2,785,15,6,9
114,國中,3,10007,彰化縣,10007210,田尾鄉,1,387,2,1,1
114,國中,3,10007,彰化縣,10007220,埤頭鄉,1,390,4,0,4
114,國中,3,10007,彰化縣,10007230,芳苑鄉,3,433,9,5,4
114,國中,3,10007,彰化縣,10007240,大城鄉,1,155,2,2,0
114,國中,3,10007,彰化縣,10007250,竹塘鄉,1,637,5,4,1
114,國中,3,10007,彰化縣,10007260,溪州鄉,2,357,10,3,7
114,國中,3,10008,南投縣,10008010,南投市,5,3379,123,71,52
114,國中,3,10008,南投縣,10008020,埔里鎮,4,2910,464,224,240
114,國中,3,10008,南投縣,10008030,草屯鎮,2,2067,98,47,51
114,國中,3,10008,南投縣,10008040,竹山鎮,4,1163,14,6,8
114,國中,3,10008,南投縣,10008050,集集鎮,1,93,1,0,1
114,國中,3,10008,南投縣,10008060,名間鄉,2,551,42,35,7
114,國中,3,10008,南投縣,10008070,鹿谷鄉,2,60,0,0,0
114,國中,3,10008,南投縣,10008080,中寮鄉,2,202,1,1,0
114,國中,3,10008,南投縣,10008090,魚池鄉,2,201,66,25,41
114,國中,3,10008,南投縣,10008100,國姓鄉,3,199,30,19,11
114,國中,3,10008,南投縣,10008110,水里鄉,2,384,160,74,86
114,國中,3,10008,南投縣,10008120,信義鄉,2,126,96,49,47
114,國中,3,10008,南投縣,10008130,仁愛鄉,1,93,86,45,41
114,國中,3,10009,雲林縣,10009010,斗六市,3,3973,37,17,20
114,國中,3,10009,雲林縣,10009020,斗南鎮,1,853,10,5,5
114,國中,3,10009,雲林縣,10009030,虎尾鎮,3,1958,12,4,8
114,國中,3,10009,雲林縣,10009040,西螺鎮,2,1648,14,0,14
114,國中,3,10009,雲林縣,10009050,土庫鎮,2,1485,20,11,9
114,國中,3,10009,雲林縣,10009060,北港鎮,2,1159,10,3,7
114,國中,3,10009,雲林縣,10009070,古坑鄉,4,871,13,9,4
114,國中,3,10009,雲林縣,10009080,大埤鄉,1,191,5,2,3
114,國中,3,10009,雲林縣,10009090,莿桐鄉,1,329,11,7,4
114,國中,3,10009,雲林縣,10009100,林內鄉,2,828,11,5,6
114,國中,3,10009,雲林縣,10009110,二崙鄉,1,399,2,1,1
114,國中,3,10009,雲林縣,10009120,崙背鄉,1,306,11,6,5
114,國中,3,10009,雲林縣,10009130,麥寮鄉,0,704,20,9,11
114,國中,3,10009,雲林縣,10009140,東勢鄉,1,106,0,0,0
114,國中,3,10009,雲林縣,10009150,褒忠鄉,1,94,0,0,0
114,國中,3,10009,雲林縣,10009160,臺西鄉,1,183,0,0,0
114,國中,3,10009,雲林縣,10009170,元長鄉,1,201,1,0,1
114,國中,3,10009,雲林縣,10009180,四湖鄉,2,391,0,0,0
114,國中,3,10009,雲林縣,10009190,口湖鄉,2,176,4,3,1
114,國中,3,10009,雲林縣,10009200,水林鄉,1,263,3,1,2
114,國中,3,10010,嘉義縣,10010010,太保市,2,965,6,4,2
114,國中,3,10010,嘉義縣,10010020,朴子市,2,1244,26,17,9
114,國中,3,10010,嘉義縣,10010030,布袋鎮,1,59,2,2,0
114,國中,3,10010,嘉義縣,10010040,大林鎮,1,514,10,3,7
114,國中,3,10010,嘉義縣,10010050,民雄鄉,2,2338,34,16,18
114,國中,3,10010,嘉義縣,10010060,溪口鄉,1,111,2,0,2
114,國中,3,10010,嘉義縣,10010070,新港鄉,1,706,3,1,2
114,國中,3,10010,嘉義縣,10010080,六腳鄉,1,119,1,0,1
114,國中,3,10010,嘉義縣,10010090,東石鄉,2,201,6,3,3
114,國中,3,10010,嘉義縣,10010100,義竹鄉,1,267,2,2,0
114,國中,3,10010,嘉義縣,10010110,鹿草鄉,1,103,1,0,1
114,國中,3,10010,嘉義縣,10010120,水上鄉,2,670,53,24,29
114,國中,3,10010,嘉義縣,10010130,中埔鄉,1,230,0,0,0
114,國中,3,10010,嘉義縣,10010140,竹崎鄉,1,611,11,6,5
114,國中,3,10010,嘉義縣,10010150,梅山鄉,1,218,5,1,4
114,國中,3,10010,嘉義縣,10010160,番路鄉,1,105,20,14,6
114,國中,3,10010,嘉義縣,10010170,大埔鄉,1,17,1,1,0
114,國中,3,10010,嘉義縣,10010180,阿里山鄉,2,31,25,15,10
114,國中,3,10013,屏東縣,10013010,屏東市,5,5632,489,235,254
114,國中,3,10013,屏東縣,10013020,潮州鎮,2,1011,143,70,73
114,國中,3,10013,屏東縣,10013030,東港鎮,1,1490,34,21,13
114,國中,3,10013,屏東縣,10013040,恆春鎮,1,560,66,43,23
114,國中,3,10013,屏東縣,10013050,萬丹鄉,2,947,6,3,3
114,國中,3,10013,屏東縣,10013060,長治鄉,1,235,13,6,7
114,國中,3,10013,屏東縣,10013070,麟洛鄉,1,139,28,24,4
114,國中,3,10013,屏東縣,10013080,九如鄉,1,385,7,6,1
114,國中,3,10013,屏東縣,10013090,里港鄉,1,526,15,7,8
114,國中,3,10013,屏東縣,10013100,鹽埔鄉,1,413,17,7,10
114,國中,3,10013,屏東縣,10013110,高樹鄉,2,356,103,57,46
114,國中,3,10013,屏東縣,10013120,萬巒鄉,1,362,66,28,38
114,國中,3,10013,屏東縣,10013130,內埔鄉,2,1323,209,124,85
114,國中,3,10013,屏東縣,10013140,竹田鄉,1,224,7,3,4
114,國中,3,10013,屏東縣,10013150,新埤鄉,1,56,7,3,4
114,國中,3,10013,屏東縣,10013160,枋寮鄉,0,546,175,75,100
114,國中,3,10013,屏東縣,10013170,新園鄉,1,362,27,17,10
114,國中,3,10013,屏東縣,10013180,崁頂鄉,1,1013,39,17,22
114,國中,3,10013,屏東縣,10013190,林邊鄉,1,397,11,4,7
114,國中,3,10013,屏東縣,10013200,南州鄉,1,105,1,1,0
114,國中,3,10013,屏東縣,10013210,佳冬鄉,1,129,3,1,2
114,國中,3,10013,屏東縣,10013220,琉球鄉,1,194,3,1,2
114,國中,3,10013,屏東縣,10013230,車城鄉,1,203,42,21,21
114,國中,3,10013,屏東縣,10013240,滿州鄉,1,67,31,18,13
114,國中,3,10013,屏東縣,10013250,枋山鄉,1,41,40,27,13
114,國中,3,10013,屏東縣,10013280,瑪家鄉,1,158,149,84,65
114,國中,3,10013,屏東縣,10013290,泰武鄉,1,97,94,58,36
114,國中,3,10013,屏東縣,10013300,來義鄉,0,189,182,97,85
114,國中,3,10013,屏東縣,10013330,牡丹鄉,1,65,64,26,38
114,國中,3,10014,臺東縣,10014010,臺東市,6,3524,1279,677,602
114,國中,3,10014,臺東縣,10014020,成功鎮,1,205,112,55,57
114,國中,3,10014,臺東縣,10014030,關山鎮,1,294,178,80,98
114,國中,3,10014,臺東縣,10014040,卑南鄉,1,58,26,11,15
114,國中,3,10014,臺東縣,10014050,鹿野鄉,2,70,47,15,32
114,國中,3,10014,臺東縣,10014060,池上鄉,1,156,66,23,43
114,國中,3,10014,臺東縣,10014070,東河鄉,2,139,97,59,38
114,國中,3,10014,臺東縣,10014080,長濱鄉,1,59,40,19,21
114,國中,3,10014,臺東縣,10014090,太麻里鄉,2,201,181,92,89
114,國中,3,10014,臺東縣,10014100,大武鄉,1,119,97,50,47
114,國中,3,10014,臺東縣,10014110,綠島鄉,1,50,4,1,3
114,國中,3,10014,臺東縣,10014120,海端鄉,1,33,33,11,22
114,國中,3,10014,臺東縣,10014130,延平鄉,1,40,35,24,11
114,國中,3,10014,臺東縣,10014160,蘭嶼鄉,0,87,86,56,30
114,國中,3,10015,花蓮縣,10015010,花蓮市,4,4211,925,505,420
114,國中,3,10015,花蓮縣,10015020,鳳林鎮,2,256,149,76,73
114,國中,3,10015,花蓮縣,10015030,玉里鎮,3,622,325,179,146
114,國中,3,10015,花蓮縣,10015040,新城鄉,2,664,411,197,214
114,國中,3,10015,花蓮縣,10015050,吉安鄉,3,1203,558,325,233
114,國中,3,10015,花蓮縣,10015060,壽豐鄉,2,205,105,66,39
114,國中,3,10015,花蓮縣,10015070,光復鄉,2,213,155,84,71
114,國中,3,10015,花蓮縣,10015080,豐濱鄉,1,46,38,18,20
114,國中,3,10015,花蓮縣,10015090,瑞穗鄉,1,154,120,62,58
114,國中,3,10015,花蓮縣,10015100,富里鄉,3,134,69,32,37
114,國中,3,10016,澎湖縣,10016010,馬公市,4,1519,20,11,9
114,國中,3,10016,澎湖縣,10016020,湖西鄉,1,72,0,0,0
114,國中,3,10016,澎湖縣,10016030,白沙鄉,3,66,1,0,1
114,國中,3,10016,澎湖縣,10016040,西嶼鄉,1,58,2,1,1
114,國中,3,10016,澎湖縣,10016050,望安鄉,2,12,0,0,0
114,國中,3,10016,澎湖縣,10016060,七美鄉,1,30,1,1,0
114,國中,3,10017,基隆市,10017010,中正區,2,1989,132,64,68
114,國中,3,10017,基隆市,10017020,七堵區,2,969,71,35,36
114,國中,3,10017,基隆市,10017030,暖暖區,1,619,25,11,14
114,國中,3,10017,基隆市,10017040,仁愛區,2,1237,49,22,27
114,國中,3,10017,基隆市,10017050,中山區,0,555,21,9,12
114,國中,3,10017,基隆市,10017060,安樂區,2,1883,64,36,28
114,國中,3,10017,基隆市,10017070,信義區,2,575,37,14,23
114,國中,3,10018,新竹市,10018010,東區,7,12043,155,70,85
114,國中,3,10018,新竹市,10018020,北區,3,3721,105,48,57
114,國中,3,10018,新竹市,10018030,香山區,4,1200,61,38,23
114,國中,3,10020,嘉義市,10020010,東區,5,5677,99,46,53
114,國中,3,10020,嘉義市,10020020,西區,3,2700,16,7,9
114,國中,3,63000,臺北市,63000010,松山區,4,6332,43,19,24
114,國中,3,63000,臺北市,63000020,信義區,4,3129,48,24,24
114,國中,3,63000,臺北市,63000030,大安區,7,11359,106,55,51
114,國中,3,63000,臺北市,63000040,中山區,5,3461,65,36,29
114,國中,3,63000,臺北市,63000050,中正區,5,6196,69,40,29
114,國中,3,63000,臺北市,63000060,大同區,5,3760,48,30,18
114,國中,3,63000,臺北市,63000070,萬華區,3,1779,57,26,31
114,國中,3,63000,臺北市,63000080,文山區,6,9117,153,84,69
114,國中,3,63000,臺北市,63000090,南港區,2,1893,41,18,23
114,國中,3,63000,臺北市,63000100,內湖區,6,7100,119,57,62
114,國中,3,63000,臺北市,63000110,士林區,6,6798,99,51,48
114,國中,3,63000,臺北市,63000120,北投區,6,7307,88,42,46
114,國中,3,64000,高雄市,64000010,鹽埕區,1,473,11,6,5
114,國中,3,64000,高雄市,64000020,鼓山區,3,4536,100,54,46
114,國中,3,64000,高雄市,64000030,左營區,6,6967,153,65,88
114,國中,3,64000,高雄市,64000040,楠梓區,5,5970,162,84,78
114,國中,3,64000,高雄市,64000050,三民區,5,6982,85,47,38
114,國中,3,64000,高雄市,64000060,新興區,0,516,5,1,4
114,國中,3,64000,高雄市,64000070,前金區,1,325,13,9,4
114,國中,3,64000,高雄市,64000080,苓雅區,4,6686,94,45,49
114,國中,3,64000,高雄市,64000090,前鎮區,5,3228,92,45,47
114,國中,3,64000,高雄市,64000100,旗津區,1,270,1,0,1
114,國中,3,64000,高雄市,64000110,小港區,4,3989,149,74,75
114,國中,3,64000,高雄市,64000120,鳳山區,8,9172,245,139,106
114,國中,3,64000,高雄市,64000130,林園區,1,1469,46,22,24
114,國中,3,64000,高雄市,64000140,大寮區,3,1702,79,31,48
114,國中,3,64000,高雄市,64000150,大樹區,2,1251,72,34,38
114,國中,3,64000,高雄市,64000160,大社區,1,502,14,10,4
114,國中,3,64000,高雄市,64000170,仁武區,1,1512,47,20,27
114,國中,3,64000,高雄市,64000180,鳥松區,1,924,36,18,18
114,國中,3,64000,高雄市,64000190,岡山區,3,2518,60,28,32
114,國中,3,64000,高雄市,64000200,橋頭區,1,749,32,27,5
114,國中,3,64000,高雄市,64000210,燕巢區,1,344,6,2,4
114,國中,3,64000,高雄市,64000220,田寮區,1,43,0,0,0
114,國中,3,64000,高雄市,64000230,阿蓮區,1,571,15,8,7
114,國中,3,64000,高雄市,64000240,路竹區,1,1312,15,8,7
114,國中,3,64000,高雄市,64000250,湖內區,1,318,10,7,3
114,國中,3,64000,高雄市,64000260,茄萣區,1,384,5,4,1
114,國中,3,64000,高雄市,64000270,永安區,1,145,2,2,0
114,國中,3,64000,高雄市,64000280,彌陀區,1,297,7,3,4
114,國中,3,64000,高雄市,64000290,梓官區,2,603,15,7,8
114,國中,3,64000,高雄市,64000300,旗山區,3,789,39,12,27
114,國中,3,64000,高雄市,64000310,美濃區,3,505,21,18,3
114,國中,3,64000,高雄市,64000320,六龜區,1,132,38,22,16
114,國中,3,64000,高雄市,64000330,甲仙區,1,55,4,2,2
114,國中,3,64000,高雄市,64000340,杉林區,2,123,37,20,17
114,國中,3,64000,高雄市,64000350,內門區,1,87,2,0,2
114,國中,3,64000,高雄市,64000360,茂林區,1,22,22,18,4
114,國中,3,64000,高雄市,64000370,桃源區,1,48,47,16,31
114,國中,3,64000,高雄市,64000380,那瑪夏區,1,112,85,38,47
114,國中,3,65000,新北市,65000010,板橋區,8,16146,321,157,164
114,國中,3,65000,新北市,65000020,三重區,5,8874,201,121,80
114,國中,3,65000,新北市,65000030,中和區,4,8825,132,71,61
114,國中,3,65000,新北市,65000040,永和區,2,6696,100,49,51
114,國中,3,65000,新北市,65000050,新莊區,5,11969,257,141,116
114,國中,3,65000,新北市,65000060,新店區,3,5289,197,78,119
114,國中,3,65000,新北市,65000070,樹林區,4,3515,235,114,121
114,國中,3,65000,新北市,65000080,鶯歌區,3,2139,152,72,80
114,國中,3,65000,新北市,65000090,三峽區,2,4048,194,107,87
114,國中,3,65000,新北市,65000100,淡水區,2,4283,126,71,55
114,國中,3,65000,新北市,65000110,汐止區,2,3007,159,79,80
114,國中,3,65000,新北市,65000120,瑞芳區,2,1285,38,20,18
114,國中,3,65000,新北市,65000130,土城區,2,5126,137,72,65
114,國中,3,65000,新北市,65000140,蘆洲區,2,4634,109,56,53
114,國中,3,65000,新北市,65000150,五股區,1,1014,55,28,27
114,國中,3,65000,新北市,65000160,泰山區,2,1891,61,37,24
114,國中,3,65000,新北市,65000170,林口區,4,5331,156,77,79
114,國中,3,65000,新北市,65000180,深坑區,1,315,13,6,7
114,國中,3,65000,新北市,65000190,石碇區,0,107,3,1,2
114,國中,3,65000,新北市,65000200,坪林區,1,117,1,1,0
114,國中,3,65000,新北市,65000210,三芝區,1,358,8,4,4
114,國中,3,65000,新北市,65000220,石門區,1,110,1,1,0
114,國中,3,65000,新北市,65000230,八里區,1,1033,46,20,26
114,國中,3,65000,新北市,65000240,平溪區,1,15,0,0,0
114,國中,3,65000,新北市,65000250,雙溪區,0,132,3,1,2
114,國中,3,65000,新北市,65000260,貢寮區,1,61,1,0,1
114,國中,3,65000,新北市,65000270,金山區,0,247,0,0,0
114,國中,3,65000,新北市,65000280,萬里區,1,73,7,4,3
114,國中,3,65000,新北市,65000290,烏來區,1,28,27,12,15
114,國中,3,66000,臺中市,66000020,東區,2,992,18,12,6
114,國中,3,66000,臺中市,66000030,南區,2,1997,49,30,19
114,國中,3,66000,臺中市,66000040,西區,3,5821,92,41,51
114,國中,3,66000,臺中市,66000050,北區,3,4683,91,40,51
114,國中,3,66000,臺中市,66000060,西屯區,6,6881,157,91,66
114,國中,3,66000,臺中市,66000070,南屯區,4,5655,82,46,36
114,國中,3,66000,臺中市,66000080,北屯區,5,9834,176,93,83
114,國中,3,66000,臺中市,66000090,豐原區,4,5054,136,82,54
114,國中,3,66000,臺中市,66000100,東勢區,3,926,81,39,42
114,國中,3,66000,臺中市,66000110,大甲區,3,2746,26,17,9
114,國中,3,66000,臺中市,66000120,清水區,3,2128,43,25,18
114,國中,3,66000,臺中市,66000130,沙鹿區,4,3538,99,60,39
114,國中,3,66000,臺中市,66000140,梧棲區,1,1785,49,22,27
114,國中,3,66000,臺中市,66000150,后里區,1,1304,42,28,14
114,國中,3,66000,臺中市,66000160,神岡區,1,1107,57,29,28
114,國中,3,66000,臺中市,66000170,潭子區,2,3334,85,46,39
114,國中,3,66000,臺中市,66000180,大雅區,2,3007,132,67,65
114,國中,3,66000,臺中市,66000190,新社區,0,414,20,6,14
114,國中,3,66000,臺中市,66000200,石岡區,1,278,8,5,3
114,國中,3,66000,臺中市,66000210,外埔區,1,331,8,5,3
114,國中,3,66000,臺中市,66000220,大安區,1,96,4,3,1
114,國中,3,66000,臺中市,66000230,烏日區,3,4476,70,37,33
114,國中,3,66000,臺中市,66000240,大肚區,1,764,26,13,13
114,國中,3,66000,臺中市,66000250,龍井區,2,1693,96,40,56
114,國中,3,66000,臺中市,66000260,霧峰區,2,1137,33,21,12
114,國中,3,66000,臺中市,66000270,太平區,3,4983,179,91,88
114,國中,3,66000,臺中市,66000280,大里區,5,7739,148,71,77
114,國中,3,66000,臺中市,66000290,和平區,2,64,34,19,15
114,國中,3,67000,臺南市,67000010,新營區,3,3258,35,15,20
114,國中,3,67000,臺南市,67000020,鹽水區,1,433,3,1,2
114,國中,3,67000,臺南市,67000030,白河區,1,246,1,1,0
114,國中,3,67000,臺南市,67000040,柳營區,1,47,1,1,0
114,國中,3,67000,臺南市,67000050,後壁區,2,211,5,4,1
114,國中,3,67000,臺南市,67000060,東山區,2,171,3,1,2
114,國中,3,67000,臺南市,67000070,麻豆區,1,1763,11,6,5
114,國中,3,67000,臺南市,67000080,下營區,1,255,1,1,0
114,國中,3,67000,臺南市,67000090,六甲區,1,351,1,0,1
114,國中,3,67000,臺南市,67000100,官田區,1,132,8,3,5
114,國中,3,67000,臺南市,67000110,大內區,1,83,11,7,4
114,國中,3,67000,臺南市,67000120,佳里區,2,1212,10,3,7
114,國中,3,67000,臺南市,67000130,學甲區,1,275,2,2,0
114,國中,3,67000,臺南市,67000140,西港區,1,1973,11,7,4
114,國中,3,67000,臺南市,67000150,七股區,2,785,5,0,5
114,國中,3,67000,臺南市,67000160,將軍區,1,108,0,0,0
114,國中,3,67000,臺南市,67000170,北門區,1,49,1,1,0
114,國中,3,67000,臺南市,67000180,新化區,1,655,11,4,7
114,國中,3,67000,臺南市,67000190,善化區,2,630,21,13,8
114,國中,3,67000,臺南市,67000200,新市區,1,1448,10,5,5
114,國中,3,67000,臺南市,67000210,安定區,1,318,6,2,4
114,國中,3,67000,臺南市,67000220,山上區,1,63,2,1,1
114,國中,3,67000,臺南市,67000230,玉井區,1,193,3,2,1
114,國中,3,67000,臺南市,67000240,楠西區,1,98,0,0,0
114,國中,3,67000,臺南市,67000250,南化區,1,42,3,2,1
114,國中,3,67000,臺南市,67000260,左鎮區,1,39,0,0,0
114,國中,3,67000,臺南市,67000270,仁德區,2,764,16,8,8
114,國中,3,67000,臺南市,67000280,歸仁區,1,1603,28,18,10
114,國中,3,67000,臺南市,67000290,關廟區,1,428,5,1,4
114,國中,3,67000,臺南市,67000300,龍崎區,1,25,0,0,0
114,國中,3,67000,臺南市,67000310,永康區,3,5033,120,53,67
114,國中,3,67000,臺南市,67000320,東區,4,9717,97,54,43
114,國中,3,67000,臺南市,67000330,南區,2,1549,22,11,11
114,國中,3,67000,臺南市,67000340,北區,4,3322,41,18,23
114,國中,3,67000,臺南市,67000350,安南區,5,5285,51,25,26
114,國中,3,67000,臺南市,67000360,安平區,2,2535,33,19,14
114,國中,3,67000,臺南市,67000370,中西區,2,2784,17,10,7
114,國中,3,68000,桃園市,68000010,桃園區,12,17741,583,295,288
114,國中,3,68000,桃園市,68000020,中壢區,11,11723,588,303,285
114,國中,3,68000,桃園市,68000030,大溪區,2,2268,407,211,196
114,國中,3,68000,桃園市,68000040,楊梅區,7,5602,294,147,147
114,國中,3,68000,桃園市,68000050,蘆竹區,4,4781,277,126,151
114,國中,3,68000,桃園市,68000060,大園區,2,1502,128,73,55
114,國中,3,68000,桃園市,68000070,龜山區,4,2837,331,168,163
114,國中,3,68000,桃園市,68000080,八德區,2,4968,415,207,208
114,國中,3,68000,桃園市,68000090,龍潭區,4,3117,235,123,112
114,國中,3,68000,桃園市,68000100,平鎮區,5,9462,356,179,177
114,國中,3,68000,桃園市,68000110,新屋區,2,937,36,22,14
114,國中,3,68000,桃園市,68000120,觀音區,2,1498,150,71,79
114,國中,3,68000,桃園市,68000130,復興區,0,171,157,87,70
114,國中,3,9007,連江縣,9007010,南竿鄉,2,182,3,3,0
114,國中,3,9007,連江縣,9007020,北竿鄉,1,31,0,0,0
114,國中,3,9007,連江縣,9007030,莒光鄉,1,13,0,0,0
114,國中,3,9007,連江縣,9007040,東引鄉,1,21,2,0,2
114,國中,3,9020,金門縣,9020010,金城鎮,1,906,4,1,3
114,國中,3,9020,金門縣,9020020,金沙鎮,1,171,2,1,1
114,國中,3,9020,金門縣,9020030,金湖鎮,1,453,13,7,6
114,國中,3,9020,金門縣,9020040,金寧鄉,1,326,7,4,3
114,國中,3,9020,金門縣,9020050,烈嶼鄉,1,92,0,0,0
114,高中職,3,10002,宜蘭縣,10002010,宜蘭市,3,4061,174,69,105
114,高中職,3,10002,宜蘭縣,10002020,羅東鎮,2,2426,159,73,86
114,高中職,3,10002,宜蘭縣,10002030,蘇澳鎮,1,386,49,24,25
114,高中職,3,10002,宜蘭縣,10002040,頭城鎮,1,613,48,15,33
114,高中職,3,10002,宜蘭縣,10002060,壯圍鄉,1,217,2,2,0
114,高中職,3,10002,宜蘭縣,10002070,員山鄉,1,536,21,12,9
114,高中職,3,10002,宜蘭縣,10002080,冬山鄉,2,1291,88,80,8
114,高中職,3,10002,宜蘭縣,10002120,南澳鄉,1,143,132,79,53
114,高中職,3,10004,新竹縣,10004010,竹北市,3,4739,98,49,49
114,高中職,3,10004,新竹縣,10004020,竹東鎮,2,3217,297,179,118
114,高中職,3,10004,新竹縣,10004030,新埔鎮,1,929,23,14,9
114,高中職,3,10004,新竹縣,10004040,關西鎮,1,896,39,21,18
114,高中職,3,10004,新竹縣,10004050,湖口鄉,1,759,30,12,18
114,高中職,3,10004,新竹縣,10004060,新豐鄉,2,2300,129,99,30
114,高中職,3,10005,苗栗縣,10005010,苗栗市,4,4230,111,49,62
114,高中職,3,10005,苗栗縣,10005020,苑裡鎮,3,1652,31,16,15
114,高中職,3,10005,苗栗縣,10005040,竹南鎮,4,3800,122,57,65
114,高中職,3,10005,苗栗縣,10005050,頭份市,1,690,21,12,9
114,高中職,3,10005,苗栗縣,10005070,卓蘭鎮,2,502,17,8,9
114,高中職,3,10005,苗栗縣,10005080,大湖鄉,1,461,40,28,12
114,高中職,3,10005,苗栗縣,10005130,三義鄉,1,233,7,3,4
114,高中職,3,10007,彰化縣,10007010,彰化市,7,9749,87,45,42
114,高中職,3,10007,彰化縣,10007020,鹿港鎮,1,1283,12,5,7
114,高中職,3,10007,彰化縣,10007030,和美鎮,1,918,14,8,6
114,高中職,3,10007,彰化縣,10007070,秀水鄉,1,1414,13,9,4
114,高中職,3,10007,彰化縣,10007100,員林市,4,5385,68,29,39
114,高中職,3,10007,彰化縣,10007110,溪湖鎮,2,1890,11,4,7
114,高中職,3,10007,彰化縣,10007120,田中鎮,3,2094,43,24,19
114,高中職,3,10007,彰化縣,10007160,永靖鄉,1,1082,5,4,1
114,高中職,3,10007,彰化縣,10007190,北斗鎮,1,1378,13,5,8
114,高中職,3,10007,彰化縣,10007200,二林鎮,2,1233,9,6,3
114,高中職,3,10008,南投縣,10008010,南投市,4,3222,178,96,82
114,高中職,3,10008,南投縣,10008020,埔里鎮,3,1748,229,120,109
114,高中職,3,10008,南投縣,10008030,草屯鎮,3,1903,79,45,34
114,高中職,3,10008,南投縣,10008040,竹山鎮,1,871,18,10,8
114,高中職,3,10008,南投縣,10008060,名間鄉,1,74,0,0,0
114,高中職,3,10008,南投縣,10008090,魚池鄉,1,61,25,13,12
114,高中職,3,10008,南投縣,10008110,水里鄉,1,529,91,47,44
114,高中職,3,10008,南投縣,10008130,仁愛鄉,1,157,101,58,43
114,高中職,3,10009,雲林縣,10009010,斗六市,4,3396,33,15,18
114,高中職,3,10009,雲林縣,10009020,斗南鎮,2,795,18,10,8
114,高中職,3,10009,雲林縣,10009030,虎尾鎮,4,3122,38,19,19
114,高中職,3,10009,雲林縣,10009040,西螺鎮,1,1375,13,10,3
114,高中職,3,10009,雲林縣,10009050,土庫鎮,2,1141,12,6,6
114,高中職,3,10009,雲林縣,10009060,北港鎮,3,1432,15,9,6
114,高中職,3,10009,雲林縣,10009070,古坑鄉,2,274,2,2,0
114,高中職,3,10009,雲林縣,10009100,林內鄉,1,506,17,12,5
114,高中職,3,10009,雲林縣,10009130,麥寮鄉,1,396,28,23,5
114,高中職,3,10009,雲林縣,10009180,四湖鄉,1,212,1,0,1
114,高中職,3,10009,雲林縣,10009200,水林鄉,1,92,0,0,0
114,高中職,3,10010,嘉義縣,10010010,太保市,1,494,5,4,1
114,高中職,3,10010,嘉義縣,10010020,朴子市,2,1201,20,11,9
114,高中職,3,10010,嘉義縣,10010040,大林鎮,0,0,0,0,0
114,高中職,3,10010,嘉義縣,10010050,民雄鄉,2,1518,11,8,3
114,高中職,3,10010,嘉義縣,10010070,新港鄉,1,213,3,3,0
114,高中職,3,10010,嘉義縣,10010120,水上鄉,1,1013,7,4,3
114,高中職,3,10010,嘉義縣,10010140,竹崎鄉,1,446,12,6,6
114,高中職,3,10013,屏東縣,10013010,屏東市,7,6815,538,299,239
114,高中職,3,10013,屏東縣,10013020,潮州鎮,1,1224,162,92,70
114,高中職,3,10013,屏東縣,10013030,東港鎮,2,1153,30,21,9
114,高中職,3,10013,屏東縣,10013040,恆春鎮,1,398,77,44,33
114,高中職,3,10013,屏東縣,10013060,長治鄉,0,0,0,0,0
114,高中職,3,10013,屏東縣,10013100,鹽埔鄉,2,772,173,75,98
114,高中職,3,10013,屏東縣,10013130,內埔鄉,2,924,239,182,57
114,高中職,3,10013,屏東縣,10013160,枋寮鄉,1,240,60,33,27
114,高中職,3,10013,屏東縣,10013210,佳冬鄉,1,600,60,35,25
114,高中職,3,10013,屏東縣,10013300,來義鄉,1,126,123,80,43
114,高中職,3,10014,臺東縣,10014010,臺東市,7,3678,1529,856,673
114,高中職,3,10014,臺東縣,10014020,成功鎮,1,96,57,39,18
114,高中職,3,10014,臺東縣,10014030,關山鎮,1,184,123,82,41
114,高中職,3,10014,臺東縣,10014160,蘭嶼鄉,1,29,28,13,15
114,高中職,3,10015,花蓮縣,10015010,花蓮市,8,5559,1833,1030,803
114,高中職,3,10015,花蓮縣,10015020,鳳林鎮,1,11,5,0,5
114,高中職,3,10015,花蓮縣,10015030,玉里鎮,1,351,199,120,79
114,高中職,3,10015,花蓮縣,10015040,新城鄉,1,760,449,173,276
114,高中職,3,10015,花蓮縣,10015050,吉安鄉,1,294,137,67,70
114,高中職,3,10015,花蓮縣,10015070,光復鄉,1,166,111,57,54
114,高中職,3,10016,澎湖縣,10016010,馬公市,2,1483,14,7,7
114,高中職,3,10017,基隆市,10017010,中正區,3,2483,112,63,49
114,高中職,3,10017,基隆市,10017020,七堵區,1,1082,57,30,27
114,高中職,3,10017,基隆市,10017030,暖暖區,2,923,25,18,7
114,高中職,3,10017,基隆市,10017050,中山區,2,266,13,4,9
114,高中職,3,10017,基隆市,10017060,安樂區,1,393,13,11,2
114,高中職,3,10017,基隆市,10017070,信義區,3,770,24,1,23
114,高中職,3,10018,新竹市,10018010,東區,9,13589,352,161,191
114,高中職,3,10018,新竹市,10018020,北區,2,2889,63,41,22
114,高中職,3,10018,新竹市,10018030,香山區,2,1170,31,14,17
114,高中職,3,10020,嘉義市,10020010,東區,11,11503,183,107,76
114,高中職,3,10020,嘉義市,10020020,西區,1,1545,28,0,28
114,高中職,3,63000,臺北市,63000010,松山區,3,3692,80,32,48
114,高中職,3,63000,臺北市,63000020,信義區,6,8024,154,77,77
114,高中職,3,63000,臺北市,63000030,大安區,9,10231,156,92,64
114,高中職,3,63000,臺北市,63000040,中山區,5,6962,94,17,77
114,高中職,3,63000,臺北市,63000050,中正區,6,9138,191,126,65
114,高中職,3,63000,臺北市,63000060,大同區,5,6001,149,83,66
114,高中職,3,63000,臺北市,63000070,萬華區,2,2550,53,35,18
114,高中職,3,63000,臺北市,63000080,文山區,11,8708,107,50,57
114,高中職,3,63000,臺北市,63000090,南港區,3,4789,73,47,26
114,高中職,3,63000,臺北市,63000100,內湖區,5,6771,109,63,46
114,高中職,3,63000,臺北市,63000110,士林區,7,6459,148,43,105
114,高中職,3,63000,臺北市,63000120,北投區,6,5634,79,33,46
114,高中職,3,64000,高雄市,64000020,鼓山區,4,2077,62,26,36
114,高中職,3,64000,高雄市,64000030,左營區,4,6290,139,68,71
114,高中職,3,64000,高雄市,64000040,楠梓區,3,2741,62,31,31
114,高中職,3,64000,高雄市,64000050,三民區,5,11943,364,184,180
114,高中職,3,64000,高雄市,64000060,新興區,2,2436,50,20,30
114,高中職,3,64000,高雄市,64000070,前金區,1,2229,58,0,58
114,高中職,3,64000,高雄市,64000080,苓雅區,5,6005,100,47,53
114,高中職,3,64000,高雄市,64000090,前鎮區,4,4333,98,64,34
114,高中職,3,64000,高雄市,64000110,小港區,2,1647,28,13,15
114,高中職,3,64000,高雄市,64000120,鳳山區,5,6695,157,85,72
114,高中職,3,64000,高雄市,64000130,林園區,1,478,9,6,3
114,高中職,3,64000,高雄市,64000140,大寮區,3,6460,275,143,132
114,高中職,3,64000,高雄市,64000150,大樹區,2,499,47,33,14
114,高中職,3,64000,高雄市,64000170,仁武區,1,522,6,4,2
114,高中職,3,64000,高雄市,64000180,鳥松區,1,753,13,8,5
114,高中職,3,64000,高雄市,64000190,岡山區,2,2742,46,31,15
114,高中職,3,64000,高雄市,64000200,橋頭區,1,1159,76,62,14
114,高中職,3,64000,高雄市,64000210,燕巢區,0,88,0,0,0
114,高中職,3,64000,高雄市,64000240,路竹區,1,478,9,6,3
114,高中職,3,64000,高雄市,64000260,茄萣區,1,424,0,0,0
114,高中職,3,64000,高雄市,64000300,旗山區,2,1026,63,31,32
114,高中職,3,64000,高雄市,64000310,美濃區,1,61,9,6,3
114,高中職,3,64000,高雄市,64000320,六龜區,1,68,28,12,16
114,高中職,3,65000,新北市,65000010,板橋區,7,7350,163,80,83
114,高中職,3,65000,新北市,65000020,三重區,7,8203,213,135,78
114,高中職,3,65000,新北市,65000030,中和區,4,5439,65,36,29
114,高中職,3,65000,新北市,65000040,永和區,3,5155,110,49,61
114,高中職,3,65000,新北市,65000050,新莊區,3,3916,81,36,45
114,高中職,3,65000,新北市,65000060,新店區,8,10795,409,190,219
114,高中職,3,65000,新北市,65000070,樹林區,2,3814,209,86,123
114,高中職,3,65000,新北市,65000080,鶯歌區,1,1755,80,46,34
114,高中職,3,65000,新北市,65000090,三峽區,3,2218,72,39,33
114,高中職,3,65000,新北市,65000100,淡水區,3,3610,107,69,38
114,高中職,3,65000,新北市,65000110,汐止區,3,1459,91,63,28
114,高中職,3,65000,新北市,65000120,瑞芳區,2,1270,46,31,15
114,高中職,3,65000,新北市,65000130,土城區,3,3942,108,80,28
114,高中職,3,65000,新北市,65000140,蘆洲區,2,1622,29,17,12
114,高中職,3,65000,新北市,65000160,泰山區,1,2014,56,41,15
114,高中職,3,65000,新北市,65000170,林口區,3,2992,103,47,56
114,高中職,3,65000,新北市,65000190,石碇區,1,425,2,1,1
114,高中職,3,65000,新北市,65000230,八里區,1,368,2,0,2
114,高中職,3,65000,新北市,65000250,雙溪區,1,212,11,6,5
114,高中職,3,65000,新北市,65000260,貢寮區,1,6,0,0,0
114,高中職,3,65000,新北市,65000270,金山區,1,289,24,12,12
114,高中職,3,65000,新北市,65000280,萬里區,1,110,15,11,4
114,高中職,3,66000,臺中市,66000020,東區,2,4102,150,57,93
114,高中職,3,66000,臺中市,66000030,南區,2,5078,101,67,34
114,高中職,3,66000,臺中市,66000040,西區,2,2865,72,8,64
114,高中職,3,66000,臺中市,66000050,北區,4,10765,261,168,93
114,高中職,3,66000,臺中市,66000060,西屯區,4,4756,130,62,68
114,高中職,3,66000,臺中市,66000070,南屯區,2,4087,113,66,47
114,高中職,3,66000,臺中市,66000080,北屯區,4,2459,34,14,20
114,高中職,3,66000,臺中市,66000090,豐原區,2,3023,79,39,40
114,高中職,3,66000,臺中市,66000100,東勢區,2,1776,222,110,112
114,高中職,3,66000,臺中市,66000110,大甲區,3,4332,74,48,26
114,高中職,3,66000,臺中市,66000120,清水區,2,1612,42,23,19
114,高中職,3,66000,臺中市,66000130,沙鹿區,1,1737,52,39,13
114,高中職,3,66000,臺中市,66000140,梧棲區,1,689,13,10,3
114,高中職,3,66000,臺中市,66000150,后里區,1,905,20,15,5
114,高中職,3,66000,臺中市,66000160,神岡區,1,298,16,16,0
114,高中職,3,66000,臺中市,66000170,潭子區,4,2763,16,7,9
114,高中職,3,66000,臺中市,66000180,大雅區,1,412,11,3,8
114,高中職,3,66000,臺中市,66000190,新社區,1,841,31,20,11
114,高中職,3,66000,臺中市,66000230,烏日區,2,4172,40,13,27
114,高中職,3,66000,臺中市,66000250,龍井區,1,499,17,11,6
114,高中職,3,66000,臺中市,66000260,霧峰區,2,2487,78,33,45
114,高中職,3,66000,臺中市,66000270,太平區,4,3957,119,55,64
114,高中職,3,66000,臺中市,66000280,大里區,5,11900,307,132,175
114,高中職,3,67000,臺南市,67000010,新營區,5,3258,31,20,11
114,高中職,3,67000,臺南市,67000020,鹽水區,1,151,0,0,0
114,高中職,3,67000,臺南市,67000030,白河區,1,322,17,13,4
114,高中職,3,67000,臺南市,67000040,柳營區,1,4,0,0,0
114,高中職,3,67000,臺南市,67000050,後壁區,1,523,9,4,5
114,高中職,3,67000,臺南市,67000070,麻豆區,3,2466,20,13,7
114,高中職,3,67000,臺南市,67000100,官田區,1,100,5,5,0
114,高中職,3,67000,臺南市,67000120,佳里區,2,1911,17,15,2
114,高中職,3,67000,臺南市,67000140,西港區,1,1608,6,3,3
114,高中職,3,67000,臺南市,67000180,新化區,2,2221,15,9,6
114,高中職,3,67000,臺南市,67000190,善化區,1,797,22,20,2
114,高中職,3,67000,臺南市,67000200,新市區,1,412,4,1,3
114,高中職,3,67000,臺南市,67000230,玉井區,1,303,3,2,1
114,高中職,3,67000,臺南市,67000280,歸仁區,2,1106,11,7,4
114,高中職,3,67000,臺南市,67000310,永康區,4,4987,62,37,25
114,高中職,3,67000,臺南市,67000320,東區,6,6635,63,40,23
114,高中職,3,67000,臺南市,67000330,南區,4,3370,40,18,22
114,高中職,3,67000,臺南市,67000340,北區,3,2716,23,14,9
114,高中職,3,67000,臺南市,67000350,安南區,2,1303,11,4,7
114,高中職,3,67000,臺南市,67000360,安平區,2,1381,12,12,0
114,高中職,3,67000,臺南市,67000370,中西區,3,4444,90,36,54
114,高中職,3,68000,桃園市,68000010,桃園區,5,12242,425,206,219
114,高中職,3,68000,桃園市,68000020,中壢區,5,11024,564,228,336
114,高中職,3,68000,桃園市,68000030,大溪區,2,1345,142,91,51
114,高中職,3,68000,桃園市,68000040,楊梅區,4,8509,609,359,250
114,高中職,3,68000,桃園市,68000050,蘆竹區,1,1399,68,31,37
114,高中職,3,68000,桃園市,68000060,大園區,2,2319,124,78,46
114,高中職,3,68000,桃園市,68000070,龜山區,3,4080,252,146,106
114,高中職,3,68000,桃園市,68000080,八德區,2,6080,239,156,83
114,高中職,3,68000,桃園市,68000090,龍潭區,3,1394,77,62,15
114,高中職,3,68000,桃園市,68000100,平鎮區,4,9117,409,205,204
114,高中職,3,68000,桃園市,68000110,新屋區,2,887,46,32,14
114,高中職,3,68000,桃園市,68000120,觀音區,1,881,40,25,15
114,高中職,3,68000,桃園市,68000130,復興區,1,209,106,48,58
114,高中職,3,9007,連江縣,9007010,南竿鄉,1,252,14,11,3
114,高中職,3,9020,金門縣,9020010,金城鎮,1,950,6,0,6
114,高中職,3,9020,金門縣,9020030,金湖鎮,1,784,13,8,5
114,大專,,09020,金門縣,9020040,金寧鄉,1,3660,52,20,32
114,大專,,10002,宜蘭縣,10002010,宜蘭市,1,5318,151,106,45
114,大專,,10002,宜蘭縣,10002050,礁溪鄉,1,2465,89,35,54
114,大專,,10002,宜蘭縣,10002100,三星鄉,1,1360,180,28,152
114,大專,,10004,新竹縣,10004060,新豐鄉,1,9707,263,139,124
114,大專,,10004,新竹縣,10004070,芎林鄉,1,1633,24,13,11
114,大專,,10005,苗栗縣,10005010,苗栗市,1,7418,106,61,45
114,大專,,10005,苗栗縣,10005060,後龍鎮,1,5027,187,37,150
114,大專,,10005,苗栗縣,10005150,造橋鄉,1,3505,100,27,73
114,大專,,10007,彰化縣,10007010,彰化市,2,12188,270,122,148
114,大專,,10007,彰化縣,10007130,大村鄉,1,3173,38,21,17
114,大專,,10008,南投縣,10008020,埔里鎮,1,6512,320,123,197
114,大專,,10008,南投縣,10008030,草屯鎮,1,2435,57,30,27
114,大專,,10009,雲林縣,10009010,斗六市,1,10450,132,73,59
114,大專,,10009,雲林縣,10009030,虎尾鎮,1,12003,166,135,31
114,大專,,10010,嘉義縣,10010040,大林鎮,2,7312,140,62,78
114,大專,,10010,嘉義縣,10010050,民雄鄉,2,15198,199,106,93
114,大專,,10013,屏東縣,10013010,屏東市,1,8697,505,199,306
114,大專,,10013,屏東縣,10013100,鹽埔鄉,1,3780,459,156,303
114,大專,,10013,屏東縣,10013130,內埔鄉,2,13855,828,264,564
114,大專,,10013,屏東縣,10013200,南州鄉,1,1417,221,37,184
114,大專,,10014,臺東縣,10014010,臺東市,2,5391,792,327,465
114,大專,,10015,花蓮縣,10015010,花蓮市,1,4994,804,136,668
114,大專,,10015,花蓮縣,10015040,新城鄉,0,0,0,0,0
114,大專,,10015,花蓮縣,10015060,壽豐鄉,1,10035,845,332,513
114,大專,,10016,澎湖縣,10016010,馬公市,1,2202,23,15,8
114,大專,,10017,基隆市,10017010,中正區,1,9069,145,102,43
114,大專,,10017,基隆市,10017050,中山區,1,3119,85,13,72
114,大專,,10017,基隆市,10017070,信義區,1,1054,227,78,149
114,大專,,10018,新竹市,10018010,東區,2,40914,333,190,143
114,大專,,10018,新竹市,10018030,香山區,3,8125,112,50,62
114,大專,,10020,嘉義市,10020010,東區,1,11103,180,99,81
114,大專,,63000,臺北市,63000020,信義區,1,6289,66,30,36
114,大專,,63000,臺北市,63000030,大安區,5,83237,1102,532,570
114,大專,,63000,臺北市,63000040,中山區,2,13173,201,77,124
114,大專,,63000,臺北市,63000050,中正區,2,14686,516,265,251
114,大專,,63000,臺北市,63000080,文山區,3,32799,669,242,427
114,大專,,63000,臺北市,63000090,南港區,1,2606,92,52,40
114,大專,,63000,臺北市,63000100,內湖區,3,8052,166,51,115
114,大專,,63000,臺北市,63000110,士林區,3,48787,715,308,407
114,大專,,63000,臺北市,63000120,北投區,4,20854,759,271,488
114,大專,,64000,高雄市,64000020,鼓山區,1,11204,126,55,71
114,大專,,64000,高雄市,64000040,楠梓區,1,6055,102,52,50
114,大專,,64000,高雄市,64000050,三民區,4,41515,525,215,310
114,大專,,64000,高雄市,64000080,苓雅區,1,7310,556,201,355
114,大專,,64000,高雄市,64000110,小港區,1,3972,102,34,68
114,大專,,64000,高雄市,64000140,大寮區,1,7843,264,43,221
114,大專,,64000,高雄市,64000150,大樹區,1,10276,290,147,143
114,大專,,64000,高雄市,64000180,鳥松區,1,14623,342,215,127
114,大專,,64000,高雄市,64000210,燕巢區,1,7492,279,140,139
114,大專,,64000,高雄市,64000240,路竹區,2,8241,382,125,257
114,大專,,65000,新北市,65000010,板橋區,3,20590,388,149,239
114,大專,,65000,新北市,65000030,中和區,1,368,5,4,1
114,大專,,65000,新北市,65000050,新莊區,1,25454,526,204,322
114,大專,,65000,新北市,65000060,新店區,2,7836,242,63,179
114,大專,,65000,新北市,65000090,三峽區,1,10039,206,95,111
114,大專,,65000,新北市,65000100,淡水區,4,27843,437,216,221
114,大專,,65000,新北市,65000130,土城區,1,4180,71,40,31
114,大專,,65000,新北市,65000160,泰山區,2,9693,234,139,95
114,大專,,65000,新北市,65000170,林口區,1,5468,212,110,102
114,大專,,65000,新北市,65000180,深坑區,1,3762,91,56,35
114,大專,,65000,新北市,65000190,石碇區,1,1068,7,1,6
114,大專,,65000,新北市,65000210,三芝區,1,1054,33,11,22
114,大專,,65000,新北市,65000270,金山區,1,413,2,1,1
114,大專,,66000,臺中市,66000030,南區,2,23002,322,149,173
114,大專,,66000,臺中市,66000040,西區,1,5178,231,76,155
114,大專,,66000,臺中市,66000050,北區,2,18705,547,242,305
114,大專,,66000,臺中市,66000060,西屯區,3,44390,465,255,210
114,大專,,66000,臺中市,66000070,南屯區,1,8096,240,101,139
114,大專,,66000,臺中市,66000080,北屯區,2,13533,446,147,299
114,大專,,66000,臺中市,66000130,沙鹿區,2,22125,500,165,335
114,大專,,66000,臺中市,66000260,霧峰區,2,23812,385,132,253
114,大專,,66000,臺中市,66000270,太平區,1,12667,151,106,45
114,大專,,66000,臺中市,66000280,大里區,1,3110,32,15,17
114,大專,,67000,臺南市,67000040,柳營區,1,2902,48,6,42
114,大專,,67000,臺南市,67000100,官田區,1,1638,62,28,34
114,大專,,67000,臺南市,67000200,新市區,1,1769,78,67,11
114,大專,,67000,臺南市,67000270,仁德區,2,15051,310,117,193
114,大專,,67000,臺南市,67000280,歸仁區,1,4078,104,50,54
114,大專,,67000,臺南市,67000310,永康區,3,31029,522,264,258
114,大專,,67000,臺南市,67000320,東區,1,23485,212,130,82
114,大專,,67000,臺南市,67000350,安南區,1,943,50,24,26
114,大專,,67000,臺南市,67000370,中西區,2,7968,291,75,216
114,大專,,68000,桃園市,68000020,中壢區,6,56110,1137,639,498
114,大專,,68000,桃園市,68000050,蘆竹區,1,4465,282,133,149
114,大專,,68000,桃園市,68000070,龜山區,4,27180,837,450,387
114,大專,,68000,桃園市,68000090,龍潭區,1,5707,620,48,572
