學年,縣市代碼,縣市,鄉鎮市區代碼,鄉鎮市區,學校數,全體學生數,原住民學生數,原住民男學生數,原住民女學生數,原民生占比,分母過小
114,09020,金門縣,9020040,金寧鄉,1,3660,52,20,32,0.0142,
114,10002,宜蘭縣,10002010,宜蘭市,1,5318,151,106,45,0.0284,
114,10002,宜蘭縣,10002050,礁溪鄉,1,2465,89,35,54,0.0361,
114,10002,宜蘭縣,10002100,三星鄉,1,1360,180,28,152,0.1324,
114,10004,新竹縣,10004060,新豐鄉,1,9707,263,139,124,0.0271,
114,10004,新竹縣,10004070,芎林鄉,1,1633,24,13,11,0.0147,
114,10005,苗栗縣,10005010,苗栗市,1,7418,106,61,45,0.0143,
114,10005,苗栗縣,10005060,後龍鎮,1,5027,187,37,150,0.0372,
114,10005,苗栗縣,10005150,造橋鄉,1,3505,100,27,73,0.0285,
114,10007,彰化縣,10007010,彰化市,2,12188,270,122,148,0.0222,
114,10007,彰化縣,10007130,大村鄉,1,3173,38,21,17,0.0120,
114,10008,南投縣,10008020,埔里鎮,1,6512,320,123,197,0.0491,
114,10008,南投縣,10008030,草屯鎮,1,2435,57,30,27,0.0234,
114,10009,雲林縣,10009010,斗六市,1,10450,132,73,59,0.0126,
114,10009,雲林縣,10009030,虎尾鎮,1,12003,166,135,31,0.0138,
114,10010,嘉義縣,10010040,大林鎮,2,7312,140,62,78,0.0191,
114,10010,嘉義縣,10010050,民雄鄉,2,15198,199,106,93,0.0131,
114,10013,屏東縣,10013010,屏東市,1,8697,505,199,306,0.0581,
114,10013,屏東縣,10013100,鹽埔鄉,1,3780,459,156,303,0.1214,
114,10013,屏東縣,10013130,內埔鄉,2,13855,828,264,564,0.0598,
114,10013,屏東縣,10013200,南州鄉,1,1417,221,37,184,0.1560,
114,10014,臺東縣,10014010,臺東市,2,5391,792,327,465,0.1469,
114,10015,花蓮縣,10015010,花蓮市,1,4994,804,136,668,0.1610,
114,10015,花蓮縣,10015040,新城鄉,0,0,0,0,0,,是
114,10015,花蓮縣,10015060,壽豐鄉,1,10035,845,332,513,0.0842,
114,10016,澎湖縣,10016010,馬公市,1,2202,23,15,8,0.0104,
114,10017,基隆市,10017010,中正區,1,9069,145,102,43,0.0160,
114,10017,基隆市,10017050,中山區,1,3119,85,13,72,0.0273,
114,10017,基隆市,10017070,信義區,1,1054,227,78,149,0.2154,
114,10018,新竹市,10018010,東區,2,40914,333,190,143,0.0081,
114,10018,新竹市,10018030,香山區,3,8125,112,50,62,0.0138,
114,10020,嘉義市,10020010,東區,1,11103,180,99,81,0.0162,
114,63000,臺北市,63000020,信義區,1,6289,66,30,36,0.0105,
114,63000,臺北市,63000030,大安區,5,83237,1102,532,570,0.0132,
114,63000,臺北市,63000040,中山區,2,13173,201,77,124,0.0153,
114,63000,臺北市,63000050,中正區,2,14686,516,265,251,0.0351,
114,63000,臺北市,63000080,文山區,3,32799,669,242,427,0.0204,
114,63000,臺北市,63000090,南港區,1,2606,92,52,40,0.0353,
114,63000,臺北市,63000100,內湖區,3,8052,166,51,115,0.0206,
114,63000,臺北市,63000110,士林區,3,48787,715,308,407,0.0147,
114,63000,臺北市,63000120,北投區,4,20854,759,271,488,0.0364,
114,64000,高雄市,64000020,鼓山區,1,11204,126,55,71,0.0112,
114,64000,高雄市,64000040,楠梓區,1,6055,102,52,50,0.0168,
114,64000,高雄市,64000050,三民區,4,41515,525,215,310,0.0126,
114,64000,高雄市,64000080,苓雅區,1,7310,556,201,355,0.0761,
114,64000,高雄市,64000110,小港區,1,3972,102,34,68,0.0257,
114,64000,高雄市,64000140,大寮區,1,7843,264,43,221,0.0337,
114,64000,高雄市,64000150,大樹區,1,10276,290,147,143,0.0282,
114,64000,高雄市,64000180,鳥松區,1,14623,342,215,127,0.0234,
114,64000,高雄市,64000210,燕巢區,1,7492,279,140,139,0.0372,
114,64000,高雄市,64000240,路竹區,2,8241,382,125,257,0.0464,
114,65000,新北市,65000010,板橋區,3,20590,388,149,239,0.0188,
114,65000,新北市,65000030,中和區,1,368,5,4,1,0.0136,是
114,65000,新北市,65000050,新莊區,1,25454,526,204,322,0.0207,
114,65000,新北市,65000060,新店區,2,7836,242,63,179,0.0309,
114,65000,新北市,65000090,三峽區,1,10039,206,95,111,0.0205,
114,65000,新北市,65000100,淡水區,4,27843,437,216,221,0.0157,
114,65000,新北市,65000130,土城區,1,4180,71,40,31,0.0170,
114,65000,新北市,65000160,泰山區,2,9693,234,139,95,0.0241,
114,65000,新北市,65000170,林口區,1,5468,212,110,102,0.0388,
114,65000,新北市,65000180,深坑區,1,3762,91,56,35,0.0242,
114,65000,新北市,65000190,石碇區,1,1068,7,1,6,0.0066,
114,65000,新北市,65000210,三芝區,1,1054,33,11,22,0.0313,
114,65000,新北市,65000270,金山區,1,413,2,1,1,0.0048,是
114,66000,臺中市,66000030,南區,2,23002,322,149,173,0.0140,
114,66000,臺中市,66000040,西區,1,5178,231,76,155,0.0446,
114,66000,臺中市,66000050,北區,2,18705,547,242,305,0.0292,
114,66000,臺中市,66000060,西屯區,3,44390,465,255,210,0.0105,
114,66000,臺中市,66000070,南屯區,1,8096,240,101,139,0.0296,
114,66000,臺中市,66000080,北屯區,2,13533,446,147,299,0.0330,
114,66000,臺中市,66000130,沙鹿區,2,22125,500,165,335,0.0226,
114,66000,臺中市,66000260,霧峰區,2,23812,385,132,253,0.0162,
114,66000,臺中市,66000270,太平區,1,12667,151,106,45,0.0119,
114,66000,臺中市,66000280,大里區,1,3110,32,15,17,0.0103,
114,67000,臺南市,67000040,柳營區,1,2902,48,6,42,0.0165,
114,67000,臺南市,67000100,官田區,1,1638,62,28,34,0.0379,
114,67000,臺南市,67000200,新市區,1,1769,78,67,11,0.0441,
114,67000,臺南市,67000270,仁德區,2,15051,310,117,193,0.0206,
114,67000,臺南市,67000280,歸仁區,1,4078,104,50,54,0.0255,
114,67000,臺南市,67000310,永康區,3,31029,522,264,258,0.0168,
114,67000,臺南市,67000320,東區,1,23485,212,130,82,0.0090,
114,67000,臺南市,67000350,安南區,1,943,50,24,26,0.0530,是
114,67000,臺南市,67000370,中西區,2,7968,291,75,216,0.0365,
114,68000,桃園市,68000020,中壢區,6,56110,1137,639,498,0.0203,
114,68000,桃園市,68000050,蘆竹區,1,4465,282,133,149,0.0632,
114,68000,桃園市,68000070,龜山區,4,27180,837,450,387,0.0308,
114,68000,桃園市,68000090,龍潭區,1,5707,620,48,572,0.1086,
