學年度,代碼,名稱,原民在學數,一般生在學數,原民指數,一般生指數,相對倍數,分母異常
106,01111,綜合教育細學類,245,7718.0,100.0,100.0,1.481,False
107,01111,綜合教育細學類,270,7786.0,110.2,100.9,1.557,False
108,01111,綜合教育細學類,283,7808.0,115.5,101.2,1.585,False
109,01111,綜合教育細學類,321,7915.0,131.0,102.6,1.666,False
110,01111,綜合教育細學類,348,8270.0,142.0,107.2,1.768,False
111,01111,綜合教育細學類,387,8204.0,158.0,106.3,1.95,False
112,01111,綜合教育細學類,401,8341.0,163.7,108.1,1.973,False
113,01111,綜合教育細學類,418,8397.0,170.6,108.8,1.998,False
114,01111,綜合教育細學類,470,8444.0,191.8,109.4,2.168,False
106,01112,成人教育細學類,8,638.0,100.0,100.0,0.588,False
107,01112,成人教育細學類,8,603.0,100.0,94.5,0.6,False
108,01112,成人教育細學類,9,583.0,112.5,91.4,0.673,False
109,01112,成人教育細學類,6,581.0,75.0,91.1,0.423,False
110,01112,成人教育細學類,5,571.0,62.5,89.5,0.367,False
111,01112,成人教育細學類,10,571.0,125.0,89.5,0.725,False
112,01112,成人教育細學類,8,577.0,100.0,90.4,0.574,False
113,01112,成人教育細學類,4,613.0,50.0,96.1,0.254,False
114,01112,成人教育細學類,6,594.0,75.0,93.1,0.397,False
106,01113,特殊教育細學類,92,3759.0,100.0,100.0,1.142,False
107,01113,特殊教育細學類,97,3810.0,105.4,101.4,1.147,False
108,01113,特殊教育細學類,85,3715.0,92.4,98.8,1.003,False
109,01113,特殊教育細學類,82,3693.0,89.1,98.2,0.912,False
110,01113,特殊教育細學類,79,3700.0,85.9,98.4,0.897,False
111,01113,特殊教育細學類,90,3798.0,97.8,101.0,0.98,False
112,01113,特殊教育細學類,95,3839.0,103.3,102.1,1.017,False
113,01113,特殊教育細學類,94,3762.0,102.2,100.1,1.003,False
114,01113,特殊教育細學類,88,3715.0,95.7,98.8,0.923,False
106,01114,教育行政細學類,59,1960.0,100.0,100.0,1.408,False
107,01114,教育行政細學類,60,1965.0,101.7,100.3,1.37,False
108,01114,教育行政細學類,66,1965.0,111.9,100.3,1.476,False
109,01114,教育行政細學類,74,1956.0,125.4,99.8,1.554,False
110,01114,教育行政細學類,70,1771.0,118.6,90.4,1.667,False
111,01114,教育行政細學類,84,1805.0,142.4,92.1,1.92,False
112,01114,教育行政細學類,76,1828.0,128.8,93.3,1.703,False
113,01114,教育行政細學類,58,1799.0,98.3,91.8,1.297,False
114,01114,教育行政細學類,59,1764.0,100.0,90.0,1.302,False
106,01115,課程與教學細學類,18,775.0,100.0,100.0,1.081,False
107,01115,課程與教學細學類,16,820.0,88.9,105.8,0.881,False
108,01115,課程與教學細學類,24,797.0,133.3,102.8,1.328,False
109,01115,課程與教學細學類,28,767.0,155.6,99.0,1.515,False
110,01115,課程與教學細學類,25,757.0,138.9,97.7,1.379,False
111,01115,課程與教學細學類,23,708.0,127.8,91.4,1.344,False
112,01115,課程與教學細學類,21,748.0,116.7,96.5,1.157,False
113,01115,課程與教學細學類,16,726.0,88.9,93.7,0.884,False
114,01115,課程與教學細學類,14,793.0,77.8,102.3,0.688,False
106,01116,教育科技細學類,14,1329.0,100.0,100.0,0.486,False
107,01116,教育科技細學類,25,1375.0,178.6,103.5,0.814,False
108,01116,教育科技細學類,24,1398.0,171.4,105.2,0.754,False
109,01116,教育科技細學類,30,1392.0,214.3,104.7,0.887,False
110,01116,教育科技細學類,22,1301.0,157.1,97.9,0.708,False
111,01116,教育科技細學類,22,1285.0,157.1,96.7,0.707,False
112,01116,教育科技細學類,24,1285.0,171.4,96.7,0.76,False
113,01116,教育科技細學類,20,1272.0,142.9,95.7,0.631,False
114,01116,教育科技細學類,18,1405.0,128.6,105.7,0.496,False
106,01118,技職教育細學類,5,379.0,100.0,100.0,0.633,False
107,01118,技職教育細學類,8,834.0,160.0,220.1,0.435,False
108,01118,技職教育細學類,9,834.0,180.0,220.1,0.465,False
109,01118,技職教育細學類,11,840.0,220.0,221.6,0.533,False
110,01118,技職教育細學類,11,781.0,220.0,206.1,0.588,False
111,01118,技職教育細學類,5,526.0,100.0,138.8,0.404,False
112,01118,技職教育細學類,4,508.0,80.0,134.0,0.312,False
113,01118,技職教育細學類,3,472.0,60.0,124.5,0.267,False
114,01118,技職教育細學類,8,481.0,160.0,126.9,0.638,False
106,01121,幼兒師資教育細學類,178,5010.0,100.0,100.0,1.655,False
107,01121,幼兒師資教育細學類,172,4865.0,96.6,97.1,1.59,False
108,01121,幼兒師資教育細學類,204,4858.0,114.6,97.0,1.839,False
109,01121,幼兒師資教育細學類,232,4979.0,130.3,99.4,1.915,False
110,01121,幼兒師資教育細學類,282,4977.0,158.4,99.3,2.381,False
111,01121,幼兒師資教育細學類,296,4835.0,166.3,96.5,2.528,False
112,01121,幼兒師資教育細學類,315,4814.0,177.0,96.1,2.686,False
113,01121,幼兒師資教育細學類,312,4834.0,175.3,96.5,2.59,False
114,01121,幼兒師資教育細學類,302,4675.0,169.7,93.3,2.516,False
106,01131,普通科目師資教育細學類,78,4883.0,100.0,100.0,0.745,False
107,01131,普通科目師資教育細學類,104,5107.0,133.3,104.6,0.914,False
108,01131,普通科目師資教育細學類,99,4971.0,126.9,101.8,0.872,False
109,01131,普通科目師資教育細學類,98,4887.0,125.6,100.1,0.826,False
110,01131,普通科目師資教育細學類,102,4390.0,130.8,89.9,0.976,False
111,01131,普通科目師資教育細學類,90,4174.0,115.4,85.5,0.891,False
112,01131,普通科目師資教育細學類,91,4088.0,116.7,83.7,0.914,False
113,01131,普通科目師資教育細學類,90,3989.0,115.4,81.7,0.906,False
114,01131,普通科目師資教育細學類,104,3924.0,133.3,80.4,1.031,False
106,01141,專業科目師資教育細學類,410,7575.0,100.0,100.0,2.522,False
107,01141,專業科目師資教育細學類,327,6537.0,79.8,86.3,2.247,False
108,01141,專業科目師資教育細學類,323,6432.0,78.8,84.9,2.2,False
109,01141,專業科目師資教育細學類,345,6519.0,84.1,86.1,2.175,False
110,01141,專業科目師資教育細學類,400,6880.0,97.6,90.8,2.441,False
111,01141,專業科目師資教育細學類,540,6972.0,131.7,92.0,3.201,False
112,01141,專業科目師資教育細學類,562,6980.0,137.1,92.1,3.307,False
113,01141,專業科目師資教育細學類,589,7047.0,143.7,93.0,3.358,False
114,01141,專業科目師資教育細學類,618,6918.0,150.7,91.3,3.476,False
106,01199,其他教育細學類,6,723.0,100.0,100.0,0.379,False
107,01199,其他教育細學類,13,783.0,216.7,108.3,0.75,False
108,01199,其他教育細學類,17,843.0,283.3,116.6,0.887,False
109,01199,其他教育細學類,25,927.0,416.7,128.2,1.108,False
110,01199,其他教育細學類,13,901.0,216.7,124.6,0.603,False
111,01199,其他教育細學類,14,1008.0,233.3,139.4,0.571,False
112,01199,其他教育細學類,11,1101.0,183.3,152.3,0.408,False
113,01199,其他教育細學類,17,1154.0,283.3,159.6,0.591,False
114,01199,其他教育細學類,17,1171.0,283.3,162.0,0.561,False
106,02111,視覺藝術細學類,112,6301.0,100.0,100.0,0.83,False
107,02111,視覺藝術細學類,129,6449.0,115.2,102.3,0.898,False
108,02111,視覺藝術細學類,132,6236.0,117.9,99.0,0.926,False
109,02111,視覺藝術細學類,132,,117.9,,1.08,True
110,02111,視覺藝術細學類,137,6426.0,122.3,102.0,0.896,False
111,02111,視覺藝術細學類,121,6354.0,108.0,100.8,0.787,False
112,02111,視覺藝術細學類,122,5991.0,108.9,95.1,0.836,False
113,02111,視覺藝術細學類,132,6086.0,117.9,96.6,0.871,False
114,02111,視覺藝術細學類,149,6205.0,133.0,98.5,0.935,False
106,02112,視覺傳達設計細學類,466,26572.0,100.0,100.0,0.818,False
107,02112,視覺傳達設計細學類,435,26530.0,93.3,99.8,0.737,False
108,02112,視覺傳達設計細學類,441,25822.0,94.6,97.2,0.748,False
109,02112,視覺傳達設計細學類,428,25106.0,91.8,94.5,0.701,False
110,02112,視覺傳達設計細學類,441,24461.0,94.6,92.1,0.758,False
111,02112,視覺傳達設計細學類,416,22722.0,89.3,85.5,0.757,False
112,02112,視覺傳達設計細學類,382,21408.0,82.0,80.6,0.733,False
113,02112,視覺傳達設計細學類,369,19765.0,79.2,74.4,0.749,False
114,02112,視覺傳達設計細學類,401,19229.0,86.1,72.4,0.812,False
106,02121,應用藝術細學類,19,1198.0,100.0,100.0,0.74,False
107,02121,應用藝術細學類,47,1964.0,247.4,163.9,1.074,False
108,02121,應用藝術細學類,50,1871.0,263.2,156.2,1.171,False
109,02121,應用藝術細學類,38,1925.0,200.0,160.7,0.808,False
110,02121,應用藝術細學類,39,1876.0,205.3,156.6,0.877,False
111,02121,應用藝術細學類,30,1774.0,157.9,148.1,0.7,False
112,02121,應用藝術細學類,34,1734.0,178.9,144.7,0.804,False
113,02121,應用藝術細學類,30,1740.0,157.9,145.2,0.689,False
114,02121,應用藝術細學類,24,1580.0,126.3,131.9,0.591,False
106,02122,綜合設計細學類,438,15215.0,100.0,100.0,1.343,False
107,02122,綜合設計細學類,462,14477.0,105.5,95.1,1.434,False
108,02122,綜合設計細學類,402,14054.0,91.8,92.4,1.252,False
109,02122,綜合設計細學類,410,14323.0,93.6,94.1,1.177,False
110,02122,綜合設計細學類,415,14091.0,94.7,92.6,1.238,False
111,02122,綜合設計細學類,351,12587.0,80.1,82.7,1.153,False
112,02122,綜合設計細學類,356,11891.0,81.3,78.2,1.229,False
113,02122,綜合設計細學類,343,11065.0,78.3,72.7,1.245,False
114,02122,綜合設計細學類,343,10085.0,78.3,66.3,1.324,False
106,02123,產品設計細學類,201,15444.0,100.0,100.0,0.607,False
107,02123,產品設計細學類,198,13312.0,98.5,86.2,0.668,False
108,02123,產品設計細學類,168,12362.0,83.6,80.0,0.595,False
109,02123,產品設計細學類,183,11105.0,91.0,71.9,0.677,False
110,02123,產品設計細學類,158,9596.0,78.6,62.1,0.692,False
111,02123,產品設計細學類,157,8582.0,78.1,55.6,0.757,False
112,02123,產品設計細學類,140,7591.0,69.7,49.2,0.758,False
113,02123,產品設計細學類,133,6835.0,66.2,44.3,0.781,False
114,02123,產品設計細學類,144,6342.0,71.6,41.1,0.885,False
106,02124,空間設計細學類,128,7267.0,100.0,100.0,0.822,False
107,02124,空間設計細學類,125,6790.0,97.7,93.4,0.826,False
108,02124,空間設計細學類,116,6426.0,90.6,88.4,0.79,False
109,02124,空間設計細學類,108,6372.0,84.4,87.7,0.696,False
110,02124,空間設計細學類,104,6112.0,81.2,84.1,0.715,False
111,02124,空間設計細學類,97,5367.0,75.8,73.9,0.747,False
112,02124,空間設計細學類,92,4734.0,71.9,65.1,0.8,False
113,02124,空間設計細學類,77,4441.0,60.2,61.1,0.696,False
114,02124,空間設計細學類,75,4203.0,58.6,57.8,0.694,False
106,02125,時尚設計與管理細學類,60,3795.0,100.0,100.0,0.738,False
107,02125,時尚設計與管理細學類,78,4843.0,130.0,127.6,0.724,False
108,02125,時尚設計與管理細學類,76,4698.0,126.7,123.8,0.709,False
109,02125,時尚設計與管理細學類,87,,145.0,,1.022,True
110,02125,時尚設計與管理細學類,86,4356.0,143.3,114.8,0.83,False
111,02125,時尚設計與管理細學類,81,4154.0,135.0,109.5,0.807,False
112,02125,時尚設計與管理細學類,72,3736.0,120.0,98.4,0.789,False
113,02125,時尚設計與管理細學類,69,3510.0,115.0,92.5,0.789,False
114,02125,時尚設計與管理細學類,63,3184.0,105.0,83.9,0.771,False
106,02131,純藝術細學類,77,7175.0,100.0,100.0,0.5,False
107,02131,純藝術細學類,72,6826.0,93.5,95.1,0.473,False
108,02131,純藝術細學類,83,6698.0,107.8,93.4,0.543,False
109,02131,純藝術細學類,77,6655.0,100.0,92.8,0.476,False
110,02131,純藝術細學類,80,6665.0,103.9,92.9,0.504,False
111,02131,純藝術細學類,86,6446.0,111.7,89.8,0.551,False
112,02131,純藝術細學類,77,6691.0,100.0,93.3,0.473,False
113,02131,純藝術細學類,87,6632.0,113.0,92.4,0.526,False
114,02131,純藝術細學類,99,6523.0,128.6,90.9,0.591,False
106,02132,雕塑細學類,3,195.0,100.0,100.0,0.688,False
107,02132,雕塑細學類,3,196.0,100.0,100.5,0.688,False
108,02132,雕塑細學類,4,195.0,133.3,100.0,0.882,False
109,02132,雕塑細學類,2,187.0,66.7,95.9,0.412,False
110,02132,雕塑細學類,3,190.0,100.0,97.4,0.688,False
111,02132,雕塑細學類,3,193.0,100.0,99.0,0.647,False
112,02132,雕塑細學類,5,188.0,166.7,96.4,1.056,False
113,02132,雕塑細學類,5,197.0,166.7,101.0,1.0,False
114,02132,雕塑細學類,4,194.0,133.3,99.5,0.789,False
106,02141,美術工藝細學類,43,1461.0,100.0,100.0,1.376,False
107,02141,美術工藝細學類,80,1341.0,186.0,91.8,2.691,False
108,02141,美術工藝細學類,91,1209.0,211.6,82.8,3.304,False
109,02141,美術工藝細學類,116,1131.0,269.8,77.4,4.218,False
110,02141,美術工藝細學類,124,995.0,288.4,68.1,5.244,False
111,02141,美術工藝細學類,141,919.0,327.9,62.9,6.325,False
112,02141,美術工藝細學類,140,851.0,325.6,58.2,6.75,False
113,02141,美術工藝細學類,146,753.0,339.5,51.5,7.792,False
114,02141,美術工藝細學類,127,712.0,295.3,48.7,6.971,False
106,02151,音樂細學類,231,8326.0,100.0,100.0,1.293,False
107,02151,音樂細學類,253,8516.0,109.5,102.3,1.334,False
108,02151,音樂細學類,299,8832.0,129.4,106.1,1.481,False
109,02151,音樂細學類,327,8949.0,141.6,107.5,1.502,False
110,02151,音樂細學類,355,8950.0,153.7,107.5,1.666,False
111,02151,音樂細學類,366,8685.0,158.4,104.3,1.743,False
112,02151,音樂細學類,326,8420.0,141.1,101.1,1.59,False
113,02151,音樂細學類,327,8134.0,141.6,97.7,1.614,False
114,02151,音樂細學類,351,7948.0,151.9,95.5,1.72,False
106,02152,表演藝術細學類,234,5474.0,100.0,100.0,1.993,False
107,02152,表演藝術細學類,411,7056.0,175.6,128.9,2.619,False
108,02152,表演藝術細學類,423,7224.0,180.8,132.0,2.565,False
109,02152,表演藝術細學類,432,7061.0,184.6,129.0,2.517,False
110,02152,表演藝術細學類,454,7090.0,194.0,129.5,2.689,False
111,02152,表演藝術細學類,443,6987.0,189.3,127.6,2.622,False
112,02152,表演藝術細學類,420,6531.0,179.5,119.3,2.641,False
113,02152,表演藝術細學類,412,6237.0,176.1,113.9,2.652,False
114,02152,表演藝術細學類,402,5805.0,171.8,106.0,2.697,False
106,02191,綜合藝術細學類,138,2663.0,100.0,100.0,2.416,False
107,02191,綜合藝術細學類,38,1772.0,27.5,66.5,0.959,False
108,02191,綜合藝術細學類,55,1901.0,39.9,71.4,1.267,False
109,02191,綜合藝術細學類,56,1987.0,40.6,74.6,1.164,False
110,02191,綜合藝術細學類,55,1911.0,39.9,71.8,1.212,False
111,02191,綜合藝術細學類,48,1891.0,34.8,71.0,1.053,False
112,02191,綜合藝術細學類,48,1875.0,34.8,70.4,1.051,False
113,02191,綜合藝術細學類,53,1800.0,38.4,67.6,1.186,False
114,02191,綜合藝術細學類,58,1872.0,42.0,70.3,1.209,False
106,02192,藝術行政細學類,15,844.0,100.0,100.0,0.824,False
107,02192,藝術行政細學類,18,879.0,120.0,104.1,0.931,False
108,02192,藝術行政細學類,21,877.0,140.0,103.9,1.054,False
109,02192,藝術行政細學類,17,882.0,113.3,104.5,0.785,False
110,02192,藝術行政細學類,11,866.0,73.3,102.6,0.533,False
111,02192,藝術行政細學類,13,858.0,86.7,101.7,0.623,False
112,02192,藝術行政細學類,16,839.0,106.7,99.4,0.785,False
113,02192,藝術行政細學類,20,817.0,133.3,96.8,0.987,False
114,02192,藝術行政細學類,28,823.0,186.7,97.5,1.325,False
106,02199,其他藝術細學類,81,1233.0,100.0,100.0,3.061,False
107,02199,其他藝術細學類,31,1364.0,38.3,110.6,1.027,False
108,02199,其他藝術細學類,64,1413.0,79.0,114.6,1.975,False
109,02199,其他藝術細學類,80,1325.0,98.8,107.5,2.492,False
110,02199,其他藝術細學類,88,1303.0,108.6,105.7,2.832,False
111,02199,其他藝術細學類,102,1273.0,125.9,103.2,3.304,False
112,02199,其他藝術細學類,83,1208.0,102.5,98.0,2.832,False
113,02199,其他藝術細學類,84,1152.0,103.7,93.4,2.936,False
114,02199,其他藝術細學類,74,965.0,91.4,78.3,2.989,False
106,02211,宗教細學類,82,1597.0,100.0,100.0,2.398,False
107,02211,宗教細學類,63,1510.0,76.8,94.6,1.879,False
108,02211,宗教細學類,56,1416.0,68.3,88.7,1.725,False
109,02211,宗教細學類,48,1349.0,58.5,84.5,1.467,False
110,02211,宗教細學類,51,1310.0,62.2,82.0,1.646,False
111,02211,宗教細學類,50,1327.0,61.0,83.1,1.55,False
112,02211,宗教細學類,54,1289.0,65.9,80.7,1.719,False
113,02211,宗教細學類,55,1277.0,67.1,80.0,1.73,False
114,02211,宗教細學類,54,1288.0,65.9,80.7,1.64,False
106,02221,歷史細學類,97,5937.0,100.0,100.0,0.761,False
107,02221,歷史細學類,89,5709.0,91.8,96.2,0.7,False
108,02221,歷史細學類,83,5506.0,85.6,92.7,0.661,False
109,02221,歷史細學類,80,5389.0,82.5,90.8,0.611,False
110,02221,歷史細學類,81,5325.0,83.5,89.7,0.64,False
111,02221,歷史細學類,79,5153.0,81.4,86.8,0.634,False
112,02221,歷史細學類,97,5069.0,100.0,85.4,0.786,False
113,02221,歷史細學類,105,4935.0,108.2,83.1,0.854,False
114,02221,歷史細學類,114,4780.0,117.5,80.5,0.929,False
106,02222,人類學及民族學細學類,143,594.0,100.0,100.0,11.167,False
107,02222,人類學及民族學細學類,153,607.0,107.0,102.2,11.32,False
108,02222,人類學及民族學細學類,155,616.0,108.4,103.7,11.038,False
109,02222,人類學及民族學細學類,156,607.0,109.1,102.2,10.611,False
110,02222,人類學及民族學細學類,170,629.0,118.9,105.9,11.444,False
111,02222,人類學及民族學細學類,165,645.0,115.4,108.6,10.586,False
112,02222,人類學及民族學細學類,155,656.0,108.4,110.4,9.629,False
113,02222,人類學及民族學細學類,147,647.0,102.8,108.9,9.113,False
114,02222,人類學及民族學細學類,148,643.0,103.5,108.2,8.905,False
106,02231,哲學細學類,34,2793.0,100.0,100.0,0.567,False
107,02231,哲學細學類,26,2643.0,76.5,94.6,0.442,False
108,02231,哲學細學類,22,2473.0,64.7,88.5,0.392,False
109,02231,哲學細學類,21,2348.0,61.8,84.1,0.367,False
110,02231,哲學細學類,22,2365.0,64.7,84.7,0.39,False
111,02231,哲學細學類,23,2271.0,67.6,81.3,0.42,False
112,02231,哲學細學類,26,2215.0,76.5,79.3,0.481,False
113,02231,哲學細學類,23,2143.0,67.6,76.7,0.429,False
114,02231,哲學細學類,24,2116.0,70.6,75.8,0.442,False
106,02299,其他人文細學類,248,3756.0,100.0,100.0,3.076,False
107,02299,其他人文細學類,272,3513.0,109.7,93.5,3.478,False
108,02299,其他人文細學類,258,3646.0,104.0,97.1,3.094,False
109,02299,其他人文細學類,252,3998.0,101.6,106.4,2.591,False
110,02299,其他人文細學類,253,3977.0,102.0,105.9,2.674,False
111,02299,其他人文細學類,244,3961.0,98.4,105.5,2.543,False
112,02299,其他人文細學類,260,3801.0,104.8,101.2,2.807,False
113,02299,其他人文細學類,272,3679.0,109.7,97.9,2.969,False
114,02299,其他人文細學類,242,3621.0,97.6,96.4,2.598,False
106,02311,外國語文細學類,1085,67779.0,100.0,100.0,0.747,False
107,02311,外國語文細學類,1051,65234.0,96.9,96.2,0.724,False
108,02311,外國語文細學類,1029,63110.0,94.8,93.1,0.714,False
109,02311,外國語文細學類,1023,61811.0,94.3,91.2,0.68,False
110,02311,外國語文細學類,973,59213.0,89.7,87.4,0.69,False
111,02311,外國語文細學類,935,54144.0,86.2,79.9,0.714,False
112,02311,外國語文細學類,885,49659.0,81.6,73.3,0.732,False
113,02311,外國語文細學類,856,46166.0,78.9,68.1,0.744,False
114,02311,外國語文細學類,864,43066.0,79.6,63.5,0.781,False
106,02312,翻譯細學類,6,1035.0,100.0,100.0,0.265,False
107,02312,翻譯細學類,6,955.0,100.0,92.3,0.278,False
108,02312,翻譯細學類,7,901.0,116.7,87.1,0.342,False
109,02312,翻譯細學類,7,874.0,116.7,84.4,0.333,False
110,02312,翻譯細學類,6,827.0,100.0,79.9,0.306,False
111,02312,翻譯細學類,4,747.0,66.7,72.2,0.224,False
112,02312,翻譯細學類,10,679.0,166.7,65.6,0.609,False
113,02312,翻譯細學類,11,657.0,183.3,63.5,0.667,False
114,02312,翻譯細學類,9,616.0,150.0,59.5,0.567,False
106,02313,華語文為第二語言細學類,6,697.0,100.0,100.0,0.393,False
107,02313,華語文為第二語言細學類,7,750.0,116.7,107.6,0.419,False
108,02313,華語文為第二語言細學類,4,758.0,66.7,108.8,0.234,False
109,02313,華語文為第二語言細學類,5,810.0,83.3,116.2,0.25,False
110,02313,華語文為第二語言細學類,5,844.0,83.3,121.1,0.247,False
111,02313,華語文為第二語言細學類,4,836.0,66.7,119.9,0.2,False
112,02313,華語文為第二語言細學類,4,894.0,66.7,128.3,0.179,False
113,02313,華語文為第二語言細學類,6,943.0,100.0,135.3,0.256,False
114,02313,華語文為第二語言細學類,7,1039.0,116.7,149.1,0.267,False
106,02321,臺灣語文細學類,173,1768.0,100.0,100.0,4.563,False
107,02321,臺灣語文細學類,189,1728.0,109.2,97.7,4.923,False
108,02321,臺灣語文細學類,216,1709.0,124.9,96.7,5.517,False
109,02321,臺灣語文細學類,251,1750.0,145.1,99.0,5.904,False
110,02321,臺灣語文細學類,277,1789.0,160.1,101.2,6.503,False
111,02321,臺灣語文細學類,300,1773.0,173.4,100.3,6.981,False
112,02321,臺灣語文細學類,306,1786.0,176.9,101.0,7.018,False
113,02321,臺灣語文細學類,293,1674.0,169.4,94.7,7.037,False
114,02321,臺灣語文細學類,282,1643.0,163.0,92.9,6.681,False
106,02322,中國語文細學類,165,14781.0,100.0,100.0,0.52,False
107,02322,中國語文細學類,169,14931.0,102.4,101.0,0.509,False
108,02322,中國語文細學類,172,14355.0,104.2,97.1,0.524,False
109,02322,中國語文細學類,161,13645.0,97.6,92.3,0.485,False
110,02322,中國語文細學類,146,13464.0,88.5,91.1,0.455,False
111,02322,中國語文細學類,135,12743.0,81.8,86.2,0.438,False
112,02322,中國語文細學類,155,11891.0,93.9,80.4,0.535,False
113,02322,中國語文細學類,170,11283.0,103.0,76.3,0.605,False
114,02322,中國語文細學類,176,10808.0,106.7,73.1,0.634,False
106,02323,華語文細學類,43,2306.0,100.0,100.0,0.87,False
107,02323,華語文細學類,38,2212.0,88.4,95.9,0.769,False
108,02323,華語文細學類,38,2178.0,88.4,94.4,0.766,False
109,02323,華語文細學類,30,2177.0,69.8,94.4,0.567,False
110,02323,華語文細學類,34,2498.0,79.1,108.3,0.574,False
111,02323,華語文細學類,32,2327.0,74.4,100.9,0.567,False
112,02323,華語文細學類,35,2261.0,81.4,98.0,0.637,False
113,02323,華語文細學類,35,2148.0,81.4,93.1,0.65,False
114,02323,華語文細學類,33,2243.0,76.7,97.3,0.573,False
106,02399,其他語文細學類,16,800.0,100.0,100.0,0.937,False
107,02399,其他語文細學類,8,327.0,50.0,40.9,1.111,False
108,02399,其他語文細學類,10,321.0,62.5,40.1,1.37,False
109,02399,其他語文細學類,8,324.0,50.0,40.5,1.0,False
110,02399,其他語文細學類,12,339.0,75.0,42.4,1.517,False
111,02399,其他語文細學類,13,347.0,81.2,43.4,1.548,False
112,02399,其他語文細學類,10,344.0,62.5,43.0,1.219,False
113,02399,其他語文細學類,7,347.0,43.8,43.4,0.818,False
114,02399,其他語文細學類,15,550.0,93.8,68.8,1.056,False
106,03111,經濟學細學類,53,11063.0,100.0,100.0,0.224,False
107,03111,經濟學細學類,59,11001.0,111.3,99.4,0.241,False
108,03111,經濟學細學類,81,10795.0,152.8,97.6,0.328,False
109,03111,經濟學細學類,84,10581.0,158.5,95.6,0.326,False
110,03111,經濟學細學類,93,10620.0,175.5,96.0,0.368,False
111,03111,經濟學細學類,104,10433.0,196.2,94.3,0.412,False
112,03111,經濟學細學類,103,10277.0,194.3,92.9,0.411,False
113,03111,經濟學細學類,103,10060.0,194.3,90.9,0.411,False
114,03111,經濟學細學類,94,9750.0,177.4,88.1,0.375,False
106,03121,政治學細學類,66,4091.0,100.0,100.0,0.751,False
107,03121,政治學細學類,51,4091.0,77.3,100.0,0.561,False
108,03121,政治學細學類,55,4007.0,83.3,97.9,0.602,False
109,03121,政治學細學類,51,3949.0,77.3,96.5,0.53,False
110,03121,政治學細學類,46,3961.0,69.7,96.8,0.487,False
111,03121,政治學細學類,54,3886.0,81.8,95.0,0.574,False
112,03121,政治學細學類,50,3744.0,75.8,91.5,0.55,False
113,03121,政治學細學類,63,3710.0,95.5,90.7,0.682,False
114,03121,政治學細學類,68,3663.0,103.0,89.5,0.723,False
106,03122,國際關係細學類,16,1697.0,100.0,100.0,0.441,False
107,03122,國際關係細學類,16,1681.0,100.0,99.1,0.428,False
108,03122,國際關係細學類,26,1742.0,162.5,102.7,0.653,False
109,03122,國際關係細學類,17,1733.0,106.2,102.1,0.4,False
110,03122,國際關係細學類,18,1805.0,112.5,106.4,0.417,False
111,03122,國際關係細學類,23,1898.0,143.8,111.8,0.503,False
112,03122,國際關係細學類,16,1779.0,100.0,104.8,0.371,False
113,03122,國際關係細學類,18,1765.0,112.5,104.0,0.408,False
114,03122,國際關係細學類,19,1687.0,118.8,99.4,0.439,False
106,03131,心理學細學類,202,10678.0,100.0,100.0,0.882,False
107,03131,心理學細學類,197,10312.0,97.5,96.6,0.858,False
108,03131,心理學細學類,198,10467.0,98.0,98.0,0.828,False
109,03131,心理學細學類,212,10429.0,105.0,97.7,0.836,False
110,03131,心理學細學類,229,10644.0,113.4,99.7,0.904,False
111,03131,心理學細學類,235,10779.0,116.3,100.9,0.901,False
112,03131,心理學細學類,248,10927.0,122.8,102.3,0.932,False
113,03131,心理學細學類,270,10961.0,133.7,102.7,0.989,False
114,03131,心理學細學類,282,10960.0,139.6,102.6,1.002,False
106,03141,社會學細學類,277,4552.0,100.0,100.0,2.836,False
107,03141,社會學細學類,306,4873.0,110.5,107.1,2.82,False
108,03141,社會學細學類,338,4775.0,122.0,104.9,3.099,False
109,03141,社會學細學類,368,4724.0,132.9,103.8,3.201,False
110,03141,社會學細學類,397,4804.0,143.3,105.5,3.471,False
111,03141,社會學細學類,395,4691.0,142.6,103.1,3.478,False
112,03141,社會學細學類,380,4650.0,137.2,102.2,3.358,False
113,03141,社會學細學類,376,4319.0,135.7,94.9,3.499,False
114,03141,社會學細學類,372,4270.0,134.3,93.8,3.389,False
106,03142,地理學細學類,32,1436.0,100.0,100.0,1.043,False
107,03142,地理學細學類,39,1424.0,121.9,99.2,1.231,False
108,03142,地理學細學類,40,1391.0,125.0,96.9,1.254,False
109,03142,地理學細學類,41,1401.0,128.1,97.6,1.2,False
110,03142,地理學細學類,42,1392.0,131.2,96.9,1.275,False
111,03142,地理學細學類,42,1375.0,131.2,95.8,1.258,False
112,03142,地理學細學類,38,1381.0,118.8,96.2,1.123,False
113,03142,地理學細學類,35,1338.0,109.4,93.2,1.047,False
114,03142,地理學細學類,36,1315.0,112.5,91.6,1.062,False
106,03143,區域研究細學類,47,2706.0,100.0,100.0,0.811,False
107,03143,區域研究細學類,39,3159.0,83.0,116.7,0.554,False
108,03143,區域研究細學類,46,3095.0,97.9,114.4,0.649,False
109,03143,區域研究細學類,56,3055.0,119.1,112.9,0.755,False
110,03143,區域研究細學類,73,2949.0,155.3,109.0,1.043,False
111,03143,區域研究細學類,74,2709.0,157.4,100.1,1.131,False
112,03143,區域研究細學類,71,2672.0,151.1,98.7,1.092,False
113,03143,區域研究細學類,78,2569.0,166.0,94.9,1.22,False
114,03143,區域研究細學類,83,2539.0,176.6,93.8,1.275,False
106,03191,發展研究細學類,1,489.0,100.0,100.0,0.103,False
107,03191,發展研究細學類,12,937.0,1200.0,191.6,0.571,False
108,03191,發展研究細學類,19,1232.0,1900.0,251.9,0.673,False
109,03191,發展研究細學類,21,1174.0,2100.0,240.1,0.733,False
110,03191,發展研究細學類,20,1301.0,2000.0,266.1,0.646,False
111,03191,發展研究細學類,27,1547.0,2700.0,316.4,0.727,False
112,03191,發展研究細學類,23,1537.0,2300.0,314.3,0.618,False
113,03191,發展研究細學類,106,1619.0,10600.0,331.1,2.626,False
114,03191,發展研究細學類,108,1642.0,10800.0,335.8,2.556,False
106,03199,其他社會及行為科學細學類,153,2421.0,100.0,100.0,2.938,False
107,03199,其他社會及行為科學細學類,154,1995.0,100.7,82.4,3.47,False
108,03199,其他社會及行為科學細學類,144,1770.0,94.1,73.1,3.56,False
109,03199,其他社會及行為科學細學類,140,1809.0,91.5,74.7,3.173,False
110,03199,其他社會及行為科學細學類,160,1868.0,104.6,77.2,3.593,False
111,03199,其他社會及行為科學細學類,146,1800.0,95.4,74.3,3.358,False
112,03199,其他社會及行為科學細學類,152,1720.0,99.3,71.0,3.64,False
113,03199,其他社會及行為科學細學類,74,1611.0,48.4,66.5,1.844,False
114,03199,其他社會及行為科學細學類,73,1504.0,47.7,62.1,1.897,False
106,03211,大眾傳播細學類,250,9054.0,100.0,100.0,1.289,False
107,03211,大眾傳播細學類,233,7584.0,93.2,83.8,1.38,False
108,03211,大眾傳播細學類,210,6617.0,84.0,73.1,1.389,False
109,03211,大眾傳播細學類,184,6068.0,73.6,67.0,1.245,False
110,03211,大眾傳播細學類,194,5998.0,77.6,66.2,1.36,False
111,03211,大眾傳播細學類,274,6210.0,109.6,68.6,1.825,False
112,03211,大眾傳播細學類,271,5798.0,108.4,64.0,1.919,False
113,03211,大眾傳播細學類,311,5689.0,124.4,62.8,2.197,False
114,03211,大眾傳播細學類,248,5298.0,99.2,58.5,1.822,False
106,03212,新聞細學類,36,2432.0,100.0,100.0,0.692,False
107,03212,新聞細學類,41,2098.0,113.9,86.3,0.879,False
108,03212,新聞細學類,51,1957.0,141.7,80.5,1.139,False
109,03212,新聞細學類,49,1874.0,136.1,77.1,1.078,False
110,03212,新聞細學類,43,1824.0,119.4,75.0,0.987,False
111,03212,新聞細學類,35,1671.0,97.2,68.7,0.861,False
112,03212,新聞細學類,36,1579.0,100.0,64.9,0.939,False
113,03212,新聞細學類,52,1441.0,144.4,59.3,1.449,False
114,03212,新聞細學類,57,1320.0,158.3,54.3,1.674,False
106,03213,電子媒體細學類,61,1906.0,100.0,100.0,1.497,False
107,03213,電子媒體細學類,57,2359.0,93.4,123.8,1.088,False
108,03213,電子媒體細學類,52,2356.0,85.2,123.6,0.97,False
109,03213,電子媒體細學類,53,2266.0,86.9,118.9,0.965,False
110,03213,電子媒體細學類,49,2276.0,80.3,119.4,0.904,False
111,03213,電子媒體細學類,41,1872.0,67.2,98.2,0.905,False
112,03213,電子媒體細學類,45,1820.0,73.8,95.5,1.012,False
113,03213,電子媒體細學類,46,1796.0,75.4,94.2,1.029,False
114,03213,電子媒體細學類,48,1781.0,78.7,93.4,1.052,False
106,03214,傳播細學類,54,3016.0,100.0,100.0,0.835,False
107,03214,傳播細學類,89,3771.0,164.8,125.0,1.061,False
108,03214,傳播細學類,95,4360.0,175.9,144.6,0.954,False
109,03214,傳播細學類,85,4556.0,157.4,151.1,0.767,False
110,03214,傳播細學類,85,4607.0,157.4,152.8,0.774,False
111,03214,傳播細學類,83,4399.0,153.7,145.9,0.78,False
112,03214,傳播細學類,65,3471.0,120.4,115.1,0.767,False
113,03214,傳播細學類,63,3299.0,116.7,109.4,0.766,False
114,03214,傳播細學類,59,3056.0,109.3,101.3,0.752,False
106,03221,博物館細學類,2,112.0,100.0,100.0,0.778,False
107,03221,博物館細學類,2,122.0,100.0,108.9,0.7,False
106,03222,圖書資訊檔案細學類,12,1524.0,100.0,100.0,0.369,False
107,03222,圖書資訊檔案細學類,7,1519.0,58.3,99.7,0.208,False
108,03222,圖書資訊檔案細學類,4,1498.0,33.3,98.3,0.118,False
109,03222,圖書資訊檔案細學類,1,1441.0,8.3,94.6,0.031,False
110,03222,圖書資訊檔案細學類,2,1406.0,16.7,92.3,0.057,False
111,03222,圖書資訊檔案細學類,2,1383.0,16.7,90.7,0.056,False
112,03222,圖書資訊檔案細學類,4,1370.0,33.3,89.9,0.116,False
113,03222,圖書資訊檔案細學類,8,1330.0,66.7,87.3,0.244,False
114,03222,圖書資訊檔案細學類,12,1327.0,100.0,87.1,0.349,False
106,03299,其他新聞學及圖書資訊細學類,27,868.0,100.0,100.0,1.443,False
107,03299,其他新聞學及圖書資訊細學類,6,0.0,22.2,0.0,inf,False
108,03299,其他新聞學及圖書資訊細學類,0,0.0,0.0,0.0,,False
110,03299,其他新聞學及圖書資訊細學類,0,0.0,0.0,0.0,,False
106,04111,會計及稅務細學類,167,19570.0,100.0,100.0,0.398,False
107,04111,會計及稅務細學類,170,19887.0,101.8,101.6,0.384,False
108,04111,會計及稅務細學類,156,19153.0,93.4,97.9,0.357,False
109,04111,會計及稅務細學類,148,18821.0,88.6,96.2,0.323,False
110,04111,會計及稅務細學類,156,18414.0,93.4,94.1,0.356,False
111,04111,會計及稅務細學類,172,17490.0,103.0,89.4,0.406,False
112,04111,會計及稅務細學類,143,16371.0,85.6,83.7,0.358,False
113,04111,會計及稅務細學類,144,15590.0,86.2,79.7,0.371,False
114,04111,會計及稅務細學類,158,14962.0,94.6,76.5,0.411,False
106,04121,財務金融細學類,307,33787.0,100.0,100.0,0.424,False
107,04121,財務金融細學類,296,31973.0,96.4,94.6,0.416,False
108,04121,財務金融細學類,314,30934.0,102.3,91.6,0.444,False
109,04121,財務金融細學類,315,30223.0,102.6,89.5,0.428,False
110,04121,財務金融細學類,343,30152.0,111.7,89.2,0.478,False
111,04121,財務金融細學類,349,29190.0,113.7,86.4,0.494,False
112,04121,財務金融細學類,376,27957.0,122.5,82.7,0.552,False
113,04121,財務金融細學類,403,27519.0,131.3,81.4,0.588,False
114,04121,財務金融細學類,442,27066.0,144.0,80.1,0.636,False
106,04122,財政細學類,50,4200.0,100.0,100.0,0.555,False
107,04122,財政細學類,40,3626.0,80.0,86.3,0.497,False
108,04122,財政細學類,49,3613.0,98.0,86.0,0.595,False
109,04122,財政細學類,57,3578.0,114.0,85.2,0.655,False
110,04122,財政細學類,60,3465.0,120.0,82.5,0.727,False
111,04122,財政細學類,70,3346.0,140.0,79.7,0.867,False
112,04122,財政細學類,65,3223.0,130.0,76.7,0.825,False
113,04122,財政細學類,60,3195.0,120.0,76.1,0.755,False
114,04122,財政細學類,55,3125.0,110.0,74.4,0.687,False
106,04123,保險及風險管理細學類,47,4852.0,100.0,100.0,0.451,False
107,04123,保險及風險管理細學類,44,4651.0,93.6,95.9,0.426,False
108,04123,保險及風險管理細學類,42,4538.0,89.4,93.5,0.406,False
109,04123,保險及風險管理細學類,44,4491.0,93.6,92.6,0.401,False
110,04123,保險及風險管理細學類,47,4486.0,100.0,92.5,0.441,False
111,04123,保險及風險管理細學類,47,4325.0,100.0,89.1,0.449,False
112,04123,保險及風險管理細學類,37,4075.0,78.7,84.0,0.374,False
113,04123,保險及風險管理細學類,40,4011.0,85.1,82.7,0.401,False
114,04123,保險及風險管理細學類,47,3581.0,100.0,73.8,0.51,False
106,04131,企業管理細學類,1364,74994.0,100.0,100.0,0.848,False
107,04131,企業管理細學類,1219,71092.0,89.4,94.8,0.77,False
108,04131,企業管理細學類,1292,68395.0,94.7,91.2,0.827,False
109,04131,企業管理細學類,1289,70344.0,94.5,93.8,0.753,False
110,04131,企業管理細學類,1332,68718.0,97.7,91.6,0.814,False
111,04131,企業管理細學類,1275,66210.0,93.5,88.3,0.796,False
112,04131,企業管理細學類,1122,63404.0,82.3,84.5,0.727,False
113,04131,企業管理細學類,1115,61059.0,81.7,81.4,0.733,False
114,04131,企業管理細學類,1165,58316.0,85.4,77.8,0.778,False
106,04132,流通及供應鏈細學類,537,17808.0,100.0,100.0,1.406,False
107,04132,流通及供應鏈細學類,567,13866.0,105.6,77.9,1.837,False
108,04132,流通及供應鏈細學類,445,13164.0,82.9,73.9,1.48,False
109,04132,流通及供應鏈細學類,410,13148.0,76.4,73.8,1.282,False
110,04132,流通及供應鏈細學類,349,12219.0,65.0,68.6,1.199,False
111,04132,流通及供應鏈細學類,251,10499.0,46.7,59.0,0.987,False
112,04132,流通及供應鏈細學類,211,9631.0,39.3,54.1,0.899,False
113,04132,流通及供應鏈細學類,191,9581.0,35.6,53.8,0.8,False
114,04132,流通及供應鏈細學類,189,9430.0,35.2,53.0,0.781,False
106,04133,醫療管理細學類,200,7062.0,100.0,100.0,1.321,False
107,04133,醫療管理細學類,201,6664.0,100.5,94.4,1.356,False
108,04133,醫療管理細學類,200,6424.0,100.0,91.0,1.362,False
109,04133,醫療管理細學類,190,6422.0,95.0,90.9,1.216,False
110,04133,醫療管理細學類,175,6348.0,87.5,89.9,1.158,False
111,04133,醫療管理細學類,154,5952.0,77.0,84.3,1.069,False
112,04133,醫療管理細學類,112,5513.0,56.0,78.1,0.836,False
113,04133,醫療管理細學類,114,4938.0,57.0,69.9,0.926,False
114,04133,醫療管理細學類,114,4656.0,57.0,65.9,0.954,False
106,04134,公共行政細學類,307,8763.0,100.0,100.0,1.634,False
107,04134,公共行政細學類,256,7898.0,83.4,90.1,1.455,False
108,04134,公共行政細學類,285,7745.0,92.8,88.4,1.61,False
109,04134,公共行政細學類,314,7659.0,102.3,87.4,1.684,False
110,04134,公共行政細學類,325,7680.0,105.9,87.6,1.777,False
111,04134,公共行政細學類,299,7322.0,97.4,83.6,1.686,False
112,04134,公共行政細學類,246,6996.0,80.1,79.8,1.443,False
113,04134,公共行政細學類,227,6642.0,73.9,75.8,1.371,False
114,04134,公共行政細學類,217,6469.0,70.7,73.8,1.306,False
106,04141,國際貿易細學類,149,14772.0,100.0,100.0,0.47,False
107,04141,國際貿易細學類,133,15262.0,89.3,103.3,0.392,False
108,04141,國際貿易細學類,120,14293.0,80.5,96.8,0.368,False
109,04141,國際貿易細學類,112,12685.0,75.2,85.9,0.363,False
110,04141,國際貿易細學類,128,13369.0,85.9,90.5,0.403,False
111,04141,國際貿易細學類,124,12463.0,83.2,84.4,0.411,False
112,04141,國際貿易細學類,125,11017.0,83.9,74.6,0.466,False
113,04141,國際貿易細學類,112,9945.0,75.2,67.3,0.452,False
114,04141,國際貿易細學類,107,9321.0,71.8,63.1,0.447,False
106,04142,公共關係細學類,28,1652.0,100.0,100.0,0.789,False
107,04142,公共關係細學類,26,968.0,92.9,58.6,1.2,False
108,04142,公共關係細學類,24,983.0,85.7,59.5,1.072,False
109,04142,公共關係細學類,4,,14.3,,1.5,True
110,04142,公共關係細學類,3,89.0,10.7,5.4,1.375,False
111,04142,公共關係細學類,1,74.0,3.6,4.5,0.571,False
106,04143,行銷及廣告細學類,281,5856.0,100.0,100.0,2.24,False
107,04143,行銷及廣告細學類,510,10710.0,181.5,182.9,2.14,False
108,04143,行銷及廣告細學類,468,10394.0,166.5,177.5,1.97,False
109,04143,行銷及廣告細學類,300,9899.0,106.8,169.0,1.245,False
110,04143,行銷及廣告細學類,260,10700.0,92.5,182.7,1.022,False
111,04143,行銷及廣告細學類,238,10139.0,84.7,173.1,0.97,False
112,04143,行銷及廣告細學類,242,9828.0,86.1,167.8,1.012,False
113,04143,行銷及廣告細學類,240,9748.0,85.4,166.5,0.988,False
114,04143,行銷及廣告細學類,252,9133.0,89.7,156.0,1.074,False
109,04161,批發及零售細學類,3,179.0,,,0.688,False
110,04161,批發及零售細學類,1,139.0,,,0.333,False
111,04161,批發及零售細學類,1,120.0,,,0.364,False
112,04161,批發及零售細學類,0,64.0,,,0.0,False
106,04191,一般商業細學類,83,2682.0,100.0,100.0,1.447,False
107,04191,一般商業細學類,175,2526.0,210.8,94.2,3.111,False
108,04191,一般商業細學類,189,2404.0,227.7,89.6,3.448,False
109,04191,一般商業細學類,280,3787.0,337.3,141.2,3.041,False
110,04191,一般商業細學類,264,3525.0,318.1,131.4,3.148,False
111,04191,一般商業細學類,172,3273.0,207.2,122.0,2.169,False
112,04191,一般商業細學類,120,3105.0,144.6,115.8,1.588,False
113,04191,一般商業細學類,160,3100.0,192.8,115.6,2.071,False
114,04191,一般商業細學類,205,3187.0,247.0,118.8,2.506,False
106,04199,其他商業及管理細學類,247,20854.0,100.0,100.0,0.552,False
107,04199,其他商業及管理細學類,235,18530.0,95.1,88.9,0.57,False
108,04199,其他商業及管理細學類,256,19419.0,103.6,93.1,0.577,False
109,04199,其他商業及管理細學類,284,,115.0,,0.687,True
110,04199,其他商業及管理細學類,278,18549.0,112.6,88.9,0.63,False
111,04199,其他商業及管理細學類,294,17756.0,119.0,85.1,0.685,False
112,04199,其他商業及管理細學類,297,16132.0,120.2,77.4,0.756,False
113,04199,其他商業及管理細學類,258,15384.0,104.5,73.8,0.673,False
114,04199,其他商業及管理細學類,243,14357.0,98.4,68.8,0.659,False
106,04211,一般法律細學類,252,14435.0,100.0,100.0,0.814,False
107,04211,一般法律細學類,334,14378.0,132.5,99.6,1.044,False
108,04211,一般法律細學類,372,14306.0,147.6,99.1,1.138,False
109,04211,一般法律細學類,405,,160.7,,1.45,True
110,04211,一般法律細學類,436,12753.0,173.0,88.3,1.437,False
111,04211,一般法律細學類,453,12748.0,179.8,88.3,1.47,False
112,04211,一般法律細學類,417,12635.0,165.5,87.5,1.355,False
113,04211,一般法律細學類,432,12634.0,171.4,87.5,1.373,False
114,04211,一般法律細學類,451,12474.0,179.0,86.4,1.407,False
106,04212,專業法律細學類,70,5566.0,100.0,100.0,0.586,False
107,04212,專業法律細學類,51,5449.0,72.9,97.9,0.422,False
108,04212,專業法律細學類,56,5372.0,80.0,96.5,0.455,False
109,04212,專業法律細學類,89,5729.0,127.1,102.9,0.639,False
110,04212,專業法律細學類,98,6889.0,140.0,123.8,0.597,False
111,04212,專業法律細學類,105,6682.0,150.0,120.1,0.65,False
112,04212,專業法律細學類,104,6521.0,148.6,117.2,0.655,False
113,04212,專業法律細學類,122,6419.0,174.3,115.3,0.764,False
114,04212,專業法律細學類,144,6231.0,205.7,111.9,0.9,False
106,05111,生物學細學類,34,5121.0,100.0,100.0,0.309,False
107,05111,生物學細學類,35,4711.0,102.9,92.0,0.332,False
108,05111,生物學細學類,33,4708.0,97.1,91.9,0.307,False
109,05111,生物學細學類,33,4698.0,97.1,91.7,0.289,False
110,05111,生物學細學類,38,4747.0,111.8,92.7,0.336,False
111,05111,生物學細學類,36,4785.0,105.9,93.4,0.311,False
112,05111,生物學細學類,43,4734.0,126.5,92.4,0.374,False
113,05111,生物學細學類,49,4661.0,144.1,91.0,0.422,False
114,05111,生物學細學類,40,4655.0,117.6,90.9,0.336,False
106,05121,生物科技細學類,77,10969.0,100.0,100.0,0.327,False
107,05121,生物科技細學類,59,9990.0,76.6,91.1,0.265,False
108,05121,生物科技細學類,68,9618.0,88.3,87.7,0.31,False
109,05121,生物科技細學類,79,9221.0,102.6,84.1,0.352,False
110,05121,生物科技細學類,84,9097.0,109.1,82.9,0.389,False
111,05121,生物科技細學類,69,8707.0,89.6,79.4,0.328,False
112,05121,生物科技細學類,75,8512.0,97.4,77.6,0.362,False
113,05121,生物科技細學類,85,8758.0,110.4,79.8,0.39,False
114,05121,生物科技細學類,106,8813.0,137.7,80.3,0.469,False
107,05122,微生物細學類,1,369.0,,,0.133,False
108,05122,微生物細學類,1,343.0,,,0.138,False
109,05122,微生物細學類,1,340.0,,,0.133,False
110,05122,微生物細學類,1,353.0,,,0.129,False
111,05122,微生物細學類,2,351.0,,,0.219,False
112,05122,微生物細學類,2,358.0,,,0.235,False
113,05122,微生物細學類,2,372.0,,,0.222,False
114,05122,微生物細學類,5,369.0,,,0.528,False
106,05123,生物化學細學類,3,830.0,100.0,100.0,0.164,False
107,05123,生物化學細學類,6,926.0,200.0,111.6,0.289,False
108,05123,生物化學細學類,2,861.0,66.7,103.7,0.096,False
109,05123,生物化學細學類,1,763.0,33.3,91.9,0.059,False
110,05123,生物化學細學類,1,783.0,33.3,94.3,0.059,False
111,05123,生物化學細學類,1,799.0,33.3,96.3,0.056,False
112,05123,生物化學細學類,0,793.0,0.0,95.5,0.0,False
113,05123,生物化學細學類,1,770.0,33.3,92.8,0.054,False
114,05123,生物化學細學類,2,734.0,66.7,88.4,0.113,False
106,05124,生物訊息及遺傳細學類,3,464.0,100.0,100.0,0.297,False
107,05124,生物訊息及遺傳細學類,2,425.0,66.7,91.6,0.2,False
108,05124,生物訊息及遺傳細學類,1,341.0,33.3,73.5,0.138,False
109,05124,生物訊息及遺傳細學類,0,304.0,0.0,65.5,0.0,False
110,05124,生物訊息及遺傳細學類,1,266.0,33.3,57.3,0.174,False
111,05124,生物訊息及遺傳細學類,2,220.0,66.7,47.4,0.35,False
112,05124,生物訊息及遺傳細學類,1,210.0,33.3,45.3,0.2,False
113,05124,生物訊息及遺傳細學類,1,247.0,33.3,53.2,0.167,False
114,05124,生物訊息及遺傳細學類,1,253.0,33.3,54.5,0.16,False
106,05191,營養細學類,98,8229.0,100.0,100.0,0.555,False
107,05191,營養細學類,105,8120.0,107.1,98.7,0.581,False
108,05191,營養細學類,107,7945.0,109.2,96.5,0.589,False
109,05191,營養細學類,107,7670.0,109.2,93.2,0.574,False
110,05191,營養細學類,104,7398.0,106.1,89.9,0.591,False
111,05191,營養細學類,106,6813.0,108.2,82.8,0.643,False
112,05191,營養細學類,100,6253.0,102.0,76.0,0.656,False
113,05191,營養細學類,101,6057.0,103.1,73.6,0.669,False
114,05191,營養細學類,102,5956.0,104.1,72.4,0.667,False
106,05199,其他生命科學細學類,1,475.0,100.0,100.0,0.105,False
107,05199,其他生命科學細學類,7,503.0,700.0,105.9,0.634,False
108,05199,其他生命科學細學類,5,500.0,500.0,105.3,0.452,False
109,05199,其他生命科學細學類,8,493.0,800.0,103.8,0.659,False
110,05199,其他生命科學細學類,2,464.0,200.0,97.7,0.175,False
111,05199,其他生命科學細學類,2,492.0,200.0,103.6,0.159,False
112,05199,其他生命科學細學類,2,479.0,200.0,100.8,0.178,False
113,05199,其他生命科學細學類,2,497.0,200.0,104.6,0.167,False
114,05199,其他生命科學細學類,4,538.0,400.0,113.3,0.288,False
106,05211,環境資源細學類,16,1771.0,100.0,100.0,0.423,False
107,05211,環境資源細學類,30,1473.0,187.5,83.2,0.917,False
108,05211,環境資源細學類,34,1435.0,212.5,81.0,1.041,False
109,05211,環境資源細學類,44,1467.0,275.0,82.8,1.229,False
110,05211,環境資源細學類,35,1435.0,218.8,81.0,1.024,False
111,05211,環境資源細學類,26,1437.0,162.5,81.1,0.752,False
112,05211,環境資源細學類,20,1429.0,125.0,80.7,0.575,False
113,05211,環境資源細學類,14,1412.0,87.5,79.7,0.4,False
114,05211,環境資源細學類,14,1457.0,87.5,82.3,0.373,False
106,05212,生態細學類,1,274.0,100.0,100.0,0.182,False
107,05212,生態細學類,2,453.0,200.0,165.3,0.189,False
108,05212,生態細學類,2,423.0,200.0,154.4,0.194,False
109,05212,生態細學類,8,420.0,800.0,153.3,0.763,False
110,05212,生態細學類,10,447.0,1000.0,163.1,0.923,False
111,05212,生態細學類,12,452.0,1200.0,165.0,1.098,False
112,05212,生態細學類,13,452.0,1300.0,165.0,1.19,False
113,05212,生態細學類,10,430.0,1000.0,156.9,0.927,False
114,05212,生態細學類,7,405.0,700.0,147.8,0.692,False
112,05221,自然環境及野生動物細學類,1,56.0,,,0.8,False
113,05221,自然環境及野生動物細學類,1,57.0,,,0.8,False
114,05221,自然環境及野生動物細學類,1,49.0,,,0.8,False
109,05291,環境防災細學類,1,25.0,,,2.0,False
110,05291,環境防災細學類,1,23.0,,,2.0,False
111,05291,環境防災細學類,1,16.0,,,4.0,False
112,05291,環境防災細學類,2,24.0,,,4.0,False
113,05291,環境防災細學類,2,31.0,,,2.667,False
114,05291,環境防災細學類,1,50.0,,,0.8,False
106,05292,水土保持細學類,9,855.0,100.0,100.0,0.493,False
107,05292,水土保持細學類,7,637.0,77.8,74.5,0.5,False
108,05292,水土保持細學類,8,603.0,88.9,70.5,0.588,False
109,05292,水土保持細學類,8,595.0,88.9,69.6,0.547,False
110,05292,水土保持細學類,7,586.0,77.8,68.5,0.49,False
111,05292,水土保持細學類,5,589.0,55.6,68.9,0.358,False
112,05292,水土保持細學類,7,598.0,77.8,69.9,0.482,False
113,05292,水土保持細學類,6,580.0,66.7,67.8,0.411,False
114,05292,水土保持細學類,5,578.0,55.6,67.6,0.339,False
106,05299,其他環境細學類,8,195.0,100.0,100.0,1.875,False
107,05299,其他環境細學類,3,120.0,37.5,61.5,1.1,False
108,05299,其他環境細學類,2,56.0,25.0,28.7,1.4,False
109,05299,其他環境細學類,0,27.0,0.0,13.8,0.0,False
106,05311,化學細學類,34,9239.0,100.0,100.0,0.171,False
107,05311,化學細學類,33,9096.0,97.1,98.5,0.163,False
108,05311,化學細學類,35,8951.0,102.9,96.9,0.172,False
109,05311,化學細學類,42,8830.0,123.5,95.6,0.195,False
110,05311,化學細學類,40,9095.0,117.6,98.4,0.184,False
111,05311,化學細學類,45,9160.0,132.4,99.1,0.204,False
112,05311,化學細學類,41,9223.0,120.6,99.8,0.182,False
113,05311,化學細學類,42,9283.0,123.5,100.5,0.181,False
114,05311,化學細學類,61,9257.0,179.4,100.2,0.256,False
106,05321,地球科學及環境細學類,5,1647.0,100.0,100.0,0.144,False
107,05321,地球科學及環境細學類,5,1806.0,100.0,109.7,0.121,False
108,05321,地球科學及環境細學類,5,1782.0,100.0,108.2,0.126,False
109,05321,地球科學及環境細學類,8,1784.0,160.0,108.3,0.182,False
110,05321,地球科學及環境細學類,7,1832.0,140.0,111.2,0.157,False
111,05321,地球科學及環境細學類,8,1819.0,160.0,110.4,0.183,False
112,05321,地球科學及環境細學類,7,1766.0,140.0,107.2,0.163,False
113,05321,地球科學及環境細學類,7,1722.0,140.0,104.6,0.164,False
114,05321,地球科學及環境細學類,7,1516.0,140.0,92.0,0.182,False
106,05322,大氣及太空科學細學類,3,879.0,100.0,100.0,0.155,False
107,05322,大氣及太空科學細學類,2,860.0,66.7,97.8,0.099,False
108,05322,大氣及太空科學細學類,3,857.0,100.0,97.5,0.151,False
109,05322,大氣及太空科學細學類,6,793.0,200.0,90.2,0.31,False
110,05322,大氣及太空科學細學類,7,785.0,233.3,89.3,0.368,False
111,05322,大氣及太空科學細學類,9,761.0,300.0,86.6,0.493,False
112,05322,大氣及太空科學細學類,10,742.0,333.3,84.4,0.557,False
113,05322,大氣及太空科學細學類,7,762.0,233.3,86.7,0.37,False
114,05322,大氣及太空科學細學類,5,836.0,166.7,95.1,0.235,False
106,05323,海洋科學細學類,5,920.0,100.0,100.0,0.257,False
107,05323,海洋科學細學類,5,871.0,100.0,94.7,0.25,False
108,05323,海洋科學細學類,4,854.0,80.0,92.8,0.208,False
109,05323,海洋科學細學類,4,867.0,80.0,94.2,0.195,False
110,05323,海洋科學細學類,2,864.0,40.0,93.9,0.093,False
111,05323,海洋科學細學類,1,888.0,20.0,96.5,0.05,False
112,05323,海洋科學細學類,2,884.0,40.0,96.1,0.096,False
113,05323,海洋科學細學類,4,715.0,80.0,77.7,0.221,False
114,05323,海洋科學細學類,5,706.0,100.0,76.7,0.275,False
106,05331,物理及應用物理細學類,20,6970.0,100.0,100.0,0.134,False
107,05331,物理及應用物理細學類,18,6797.0,90.0,97.5,0.12,False
108,05331,物理及應用物理細學類,20,6965.0,100.0,99.9,0.126,False
109,05331,物理及應用物理細學類,18,6888.0,90.0,98.8,0.107,False
110,05331,物理及應用物理細學類,19,7085.0,95.0,101.6,0.113,False
111,05331,物理及應用物理細學類,22,7142.0,110.0,102.5,0.128,False
112,05331,物理及應用物理細學類,24,7320.0,120.0,105.0,0.134,False
113,05331,物理及應用物理細學類,32,7365.0,160.0,105.7,0.174,False
114,05331,物理及應用物理細學類,46,7389.0,230.0,106.0,0.242,False
109,05332,天文細學類,1,98.0,,,0.444,False
110,05332,天文細學類,1,92.0,,,0.5,False
111,05332,天文細學類,0,92.0,,,0.0,False
106,05399,其他物理、化學及地球科學細學類,9,1330.0,100.0,100.0,0.318,False
107,05399,其他物理、化學及地球科學細學類,13,1578.0,144.4,118.6,0.369,False
108,05399,其他物理、化學及地球科學細學類,18,1631.0,200.0,122.6,0.486,False
109,05399,其他物理、化學及地球科學細學類,14,1717.0,155.6,129.1,0.333,False
110,05399,其他物理、化學及地球科學細學類,12,1762.0,133.3,132.5,0.288,False
111,05399,其他物理、化學及地球科學細學類,13,1709.0,144.4,128.5,0.312,False
112,05399,其他物理、化學及地球科學細學類,10,1700.0,111.1,127.8,0.244,False
113,05399,其他物理、化學及地球科學細學類,11,1388.0,122.2,104.4,0.316,False
114,05399,其他物理、化學及地球科學細學類,11,1381.0,122.2,103.8,0.313,False
106,05411,數學細學類,40,8433.0,100.0,100.0,0.221,False
107,05411,數學細學類,30,8122.0,75.0,96.3,0.166,False
108,05411,數學細學類,34,8021.0,85.0,95.1,0.186,False
109,05411,數學細學類,32,7974.0,80.0,94.6,0.164,False
110,05411,數學細學類,44,7993.0,110.0,94.8,0.231,False
111,05411,數學細學類,46,7777.0,115.0,92.2,0.244,False
112,05411,數學細學類,47,7501.0,117.5,88.9,0.257,False
113,05411,數學細學類,38,7349.0,95.0,87.1,0.208,False
114,05411,數學細學類,39,7339.0,97.5,87.0,0.207,False
106,05421,統計細學類,8,4307.0,100.0,100.0,0.087,False
107,05421,統計細學類,9,3970.0,112.5,92.2,0.101,False
108,05421,統計細學類,8,3903.0,100.0,90.6,0.091,False
109,05421,統計細學類,6,3966.0,75.0,92.1,0.062,False
110,05421,統計細學類,11,3979.0,137.5,92.4,0.116,False
111,05421,統計細學類,13,3917.0,162.5,90.9,0.136,False
112,05421,統計細學類,15,3876.0,187.5,90.0,0.159,False
113,05421,統計細學類,19,3753.0,237.5,87.1,0.203,False
114,05421,統計細學類,20,3694.0,250.0,85.8,0.211,False
106,05499,其他數學及統計細學類,1,792.0,100.0,100.0,0.062,False
107,05499,其他數學及統計細學類,1,934.0,100.0,117.9,0.052,False
109,05499,其他數學及統計細學類,1,878.0,100.0,110.9,0.051,False
110,05499,其他數學及統計細學類,2,882.0,200.0,111.4,0.092,False
111,05499,其他數學及統計細學類,3,847.0,300.0,106.9,0.145,False
112,05499,其他數學及統計細學類,2,901.0,200.0,113.8,0.094,False
113,05499,其他數學及統計細學類,4,903.0,400.0,114.0,0.174,False
114,05499,其他數學及統計細學類,5,906.0,500.0,114.4,0.216,False
106,06111,電腦運用細學類,0,173.0,,100.0,0.0,False
107,06111,電腦運用細學類,61,2231.0,,1289.6,1.223,False
108,06111,電腦運用細學類,50,2616.0,,1512.1,0.837,False
109,06111,電腦運用細學類,28,2666.0,,1541.0,0.433,False
110,06111,電腦運用細學類,26,2555.0,,1476.9,0.43,False
111,06111,電腦運用細學類,26,2325.0,,1343.9,0.464,False
112,06111,電腦運用細學類,22,2526.0,,1460.1,0.359,False
113,06111,電腦運用細學類,20,2537.0,,1466.5,0.317,False
114,06111,電腦運用細學類,32,2761.0,,1596.0,0.45,False
106,06121,資料庫、網路設計及管理細學類,41,1139.0,100.0,100.0,1.674,False
107,06121,資料庫、網路設計及管理細學類,48,3116.0,117.1,273.6,0.691,False
108,06121,資料庫、網路設計及管理細學類,46,2763.0,112.2,242.6,0.726,False
109,06121,資料庫、網路設計及管理細學類,46,2456.0,112.2,215.6,0.772,False
110,06121,資料庫、網路設計及管理細學類,38,2116.0,92.7,185.8,0.754,False
111,06121,資料庫、網路設計及管理細學類,23,1814.0,56.1,159.3,0.528,False
112,06121,資料庫、網路設計及管理細學類,17,1535.0,41.5,134.8,0.458,False
113,06121,資料庫、網路設計及管理細學類,16,1246.0,39.0,109.4,0.513,False
114,06121,資料庫、網路設計及管理細學類,8,1103.0,19.5,96.8,0.28,False
106,06131,資訊技術細學類,656,64842.0,100.0,100.0,0.472,False
107,06131,資訊技術細學類,611,63685.0,93.1,98.2,0.431,False
108,06131,資訊技術細學類,563,61397.0,85.8,94.7,0.401,False
109,06131,資訊技術細學類,583,61876.0,88.9,95.4,0.387,False
110,06131,資訊技術細學類,602,64848.0,91.8,100.0,0.39,False
111,06131,資訊技術細學類,614,65070.0,93.6,100.4,0.39,False
112,06131,資訊技術細學類,591,64079.0,90.1,98.8,0.379,False
113,06131,資訊技術細學類,632,65372.0,96.3,100.8,0.388,False
114,06131,資訊技術細學類,679,65389.0,103.5,100.8,0.404,False
106,06132,軟體開發細學類,45,4762.0,100.0,100.0,0.441,False
107,06132,軟體開發細學類,43,4888.0,95.6,102.6,0.396,False
108,06132,軟體開發細學類,36,4996.0,80.0,104.9,0.314,False
109,06132,軟體開發細學類,32,4944.0,71.1,103.8,0.265,False
110,06132,軟體開發細學類,39,5166.0,86.7,108.5,0.318,False
111,06132,軟體開發細學類,57,5259.0,126.7,110.4,0.447,False
112,06132,軟體開發細學類,59,5509.0,131.1,115.7,0.439,False
113,06132,軟體開發細學類,66,5507.0,146.7,115.6,0.482,False
114,06132,軟體開發細學類,65,5775.0,144.4,121.3,0.438,False
106,06133,系統設計細學類,24,2165.0,100.0,100.0,0.517,False
107,06133,系統設計細學類,32,2270.0,133.3,104.8,0.631,False
108,06133,系統設計細學類,27,2142.0,112.5,98.9,0.552,False
109,06133,系統設計細學類,28,2100.0,116.7,97.0,0.548,False
110,06133,系統設計細學類,23,2394.0,95.8,110.6,0.406,False
111,06133,系統設計細學類,29,2291.0,120.8,105.8,0.524,False
112,06133,系統設計細學類,27,2119.0,112.5,97.9,0.523,False
113,06133,系統設計細學類,27,2240.0,112.5,103.5,0.486,False
114,06133,系統設計細學類,29,2141.0,120.8,98.9,0.529,False
106,06134,電算機應用細學類,67,5765.0,100.0,100.0,0.542,False
107,06134,電算機應用細學類,62,5034.0,92.5,87.3,0.553,False
108,06134,電算機應用細學類,50,4590.0,74.6,79.6,0.477,False
109,06134,電算機應用細學類,42,4442.0,62.7,77.1,0.388,False
110,06134,電算機應用細學類,39,4587.0,58.2,79.6,0.358,False
111,06134,電算機應用細學類,36,4370.0,53.7,75.8,0.34,False
112,06134,電算機應用細學類,43,3947.0,64.2,68.5,0.449,False
113,06134,電算機應用細學類,36,4280.0,53.7,74.2,0.337,False
114,06134,電算機應用細學類,31,4269.0,46.3,74.1,0.284,False
106,06199,其他資訊通訊科技細學類,8,823.0,100.0,100.0,0.455,False
107,06199,其他資訊通訊科技細學類,13,1145.0,162.5,139.1,0.511,False
108,06199,其他資訊通訊科技細學類,13,1075.0,162.5,130.6,0.527,False
109,06199,其他資訊通訊科技細學類,12,988.0,150.0,120.0,0.5,False
110,06199,其他資訊通訊科技細學類,13,1117.0,162.5,135.7,0.485,False
111,06199,其他資訊通訊科技細學類,14,1155.0,175.0,140.3,0.5,False
112,06199,其他資訊通訊科技細學類,20,1337.0,250.0,162.5,0.616,False
113,06199,其他資訊通訊科技細學類,35,1994.0,437.5,242.3,0.702,False
114,06199,其他資訊通訊科技細學類,45,2326.0,562.5,282.6,0.757,False
106,07111,化學工程細學類,50,14595.0,100.0,100.0,0.159,False
107,07111,化學工程細學類,50,14549.0,100.0,99.7,0.155,False
108,07111,化學工程細學類,60,14972.0,120.0,102.6,0.175,False
109,07111,化學工程細學類,59,14775.0,118.0,101.2,0.165,False
110,07111,化學工程細學類,51,14983.0,102.0,102.7,0.143,False
111,07111,化學工程細學類,56,14508.0,112.0,99.4,0.159,False
112,07111,化學工程細學類,70,14188.0,140.0,97.2,0.203,False
113,07111,化學工程細學類,66,14215.0,132.0,97.4,0.187,False
114,07111,化學工程細學類,70,14109.0,140.0,96.7,0.193,False
106,07112,材料工程細學類,41,9048.0,100.0,100.0,0.212,False
107,07112,材料工程細學類,54,9009.0,131.7,99.6,0.27,False
108,07112,材料工程細學類,44,8326.0,107.3,92.0,0.231,False
109,07112,材料工程細學類,44,8471.0,107.3,93.6,0.213,False
110,07112,材料工程細學類,42,8624.0,102.4,95.3,0.205,False
111,07112,材料工程細學類,39,9135.0,95.1,101.0,0.176,False
112,07112,材料工程細學類,44,9144.0,107.3,101.1,0.198,False
113,07112,材料工程細學類,46,9624.0,112.2,106.4,0.192,False
114,07112,材料工程細學類,49,9782.0,119.5,108.1,0.195,False
106,07121,環境工程細學類,79,9820.0,100.0,100.0,0.375,False
107,07121,環境工程細學類,88,9823.0,111.4,100.0,0.402,False
108,07121,環境工程細學類,82,9661.0,103.8,98.4,0.372,False
109,07121,環境工程細學類,95,9521.0,120.3,97.0,0.411,False
110,07121,環境工程細學類,101,9448.0,127.8,96.2,0.449,False
111,07121,環境工程細學類,92,9080.0,116.5,92.5,0.419,False
112,07121,環境工程細學類,74,8878.0,93.7,90.4,0.342,False
113,07121,環境工程細學類,82,8826.0,103.8,89.9,0.373,False
114,07121,環境工程細學類,99,8735.0,125.3,89.0,0.441,False
106,07122,河海工程細學類,19,2062.0,100.0,100.0,0.428,False
107,07122,河海工程細學類,14,2063.0,73.7,100.0,0.306,False
108,07122,河海工程細學類,16,2045.0,84.2,99.2,0.341,False
109,07122,河海工程細學類,16,2073.0,84.2,100.5,0.319,False
110,07122,河海工程細學類,16,2056.0,84.2,99.7,0.326,False
111,07122,河海工程細學類,18,1979.0,94.7,96.0,0.376,False
112,07122,河海工程細學類,21,1914.0,110.5,92.8,0.45,False
113,07122,河海工程細學類,19,1889.0,100.0,91.6,0.403,False
114,07122,河海工程細學類,17,1834.0,89.5,88.9,0.358,False
114,07131,核子工程細學類,1,73.0,,,0.571,False
106,07132,能源工程細學類,19,3597.0,100.0,100.0,0.246,False
107,07132,能源工程細學類,25,3663.0,131.6,101.8,0.306,False
108,07132,能源工程細學類,27,3544.0,142.1,98.5,0.333,False
109,07132,能源工程細學類,24,2879.0,126.3,80.0,0.342,False
110,07132,能源工程細學類,28,2852.0,147.4,79.3,0.413,False
111,07132,能源工程細學類,30,2815.0,157.9,78.3,0.441,False
112,07132,能源工程細學類,32,2859.0,168.4,79.5,0.459,False
113,07132,能源工程細學類,33,2853.0,173.7,79.3,0.465,False
114,07132,能源工程細學類,38,3110.0,200.0,86.5,0.475,False
106,07141,電機與電子工程細學類,637,90757.0,100.0,100.0,0.327,False
107,07141,電機與電子工程細學類,538,84168.0,84.5,92.7,0.287,False
108,07141,電機與電子工程細學類,562,82490.0,88.2,90.9,0.298,False
109,07141,電機與電子工程細學類,584,80845.0,91.7,89.1,0.297,False
110,07141,電機與電子工程細學類,608,81708.0,95.4,90.0,0.313,False
111,07141,電機與電子工程細學類,615,81283.0,96.5,89.6,0.313,False
112,07141,電機與電子工程細學類,613,81809.0,96.2,90.1,0.308,False
113,07141,電機與電子工程細學類,692,83517.0,108.6,92.0,0.333,False
114,07141,電機與電子工程細學類,783,86067.0,122.9,94.8,0.354,False
106,07151,機械工程細學類,504,49838.0,100.0,100.0,0.472,False
107,07151,機械工程細學類,463,48861.0,91.9,98.0,0.426,False
108,07151,機械工程細學類,479,48921.0,95.0,98.2,0.429,False
109,07151,機械工程細學類,493,47384.0,97.8,95.1,0.428,False
110,07151,機械工程細學類,479,48201.0,95.0,96.7,0.417,False
111,07151,機械工程細學類,482,46726.0,95.6,93.8,0.426,False
112,07151,機械工程細學類,465,44416.0,92.3,89.1,0.43,False
113,07151,機械工程細學類,511,43953.0,101.4,88.2,0.467,False
114,07151,機械工程細學類,498,43868.0,98.8,88.0,0.442,False
106,07161,車輛工程細學類,37,1933.0,100.0,100.0,0.897,False
107,07161,車輛工程細學類,43,2185.0,116.2,113.0,0.883,False
108,07161,車輛工程細學類,54,2482.0,145.9,128.4,0.952,False
109,07161,車輛工程細學類,67,2853.0,181.1,147.6,0.965,False
110,07161,車輛工程細學類,83,3182.0,224.3,164.6,1.098,False
111,07161,車輛工程細學類,84,3138.0,227.0,162.3,1.106,False
112,07161,車輛工程細學類,105,3612.0,283.8,186.9,1.195,False
113,07161,車輛工程細學類,98,3801.0,264.9,196.6,1.036,False
114,07161,車輛工程細學類,92,3852.0,248.6,199.3,0.931,False
106,07162,航空工程細學類,62,2922.0,100.0,100.0,0.987,False
107,07162,航空工程細學類,68,3895.0,109.7,133.3,0.784,False
108,07162,航空工程細學類,71,4148.0,114.5,142.0,0.749,False
109,07162,航空工程細學類,66,4270.0,106.5,146.1,0.635,False
110,07162,航空工程細學類,65,4300.0,104.8,147.2,0.634,False
111,07162,航空工程細學類,61,4120.0,98.4,141.0,0.612,False
112,07162,航空工程細學類,64,4005.0,103.2,137.1,0.657,False
113,07162,航空工程細學類,66,3990.0,106.5,136.6,0.665,False
114,07162,航空工程細學類,67,4077.0,108.1,139.5,0.64,False
106,07163,造船工程細學類,42,2258.0,100.0,100.0,0.867,False
107,07163,造船工程細學類,32,2188.0,76.2,96.9,0.656,False
108,07163,造船工程細學類,32,2194.0,76.2,97.2,0.64,False
109,07163,造船工程細學類,30,2184.0,71.4,96.7,0.564,False
110,07163,造船工程細學類,25,2070.0,59.5,91.7,0.508,False
111,07163,造船工程細學類,19,2095.0,45.2,92.8,0.376,False
112,07163,造船工程細學類,21,2063.0,50.0,91.4,0.418,False
113,07163,造船工程細學類,25,1960.0,59.5,86.8,0.511,False
114,07163,造船工程細學類,32,2021.0,76.2,89.5,0.614,False
106,07191,工業工程細學類,168,13054.0,100.0,100.0,0.6,False
107,07191,工業工程細學類,193,14004.0,114.9,107.3,0.619,False
108,07191,工業工程細學類,154,13450.0,91.7,103.0,0.502,False
109,07191,工業工程細學類,135,13302.0,80.4,101.9,0.417,False
110,07191,工業工程細學類,133,13461.0,79.2,103.1,0.415,False
111,07191,工業工程細學類,105,13011.0,62.5,99.7,0.334,False
112,07191,工業工程細學類,108,12941.0,64.3,99.1,0.342,False
113,07191,工業工程細學類,129,13390.0,76.8,102.6,0.387,False
114,07191,工業工程細學類,142,13408.0,84.5,102.7,0.412,False
106,07192,紡織工程細學類,5,1233.0,100.0,100.0,0.192,False
107,07192,紡織工程細學類,5,1030.0,100.0,83.5,0.212,False
108,07192,紡織工程細學類,5,1039.0,100.0,84.3,0.216,False
109,07192,紡織工程細學類,6,1036.0,120.0,84.0,0.237,False
110,07192,紡織工程細學類,6,969.0,120.0,78.6,0.262,False
111,07192,紡織工程細學類,4,808.0,80.0,65.5,0.205,False
112,07192,紡織工程細學類,5,691.0,100.0,56.0,0.292,False
113,07192,紡織工程細學類,5,623.0,100.0,50.5,0.317,False
114,07192,紡織工程細學類,7,605.0,140.0,49.1,0.458,False
106,07193,生醫工程細學類,24,4039.0,100.0,100.0,0.278,False
107,07193,生醫工程細學類,21,4543.0,87.5,112.5,0.209,False
108,07193,生醫工程細學類,23,4230.0,95.8,104.7,0.237,False
109,07193,生醫工程細學類,27,4285.0,112.5,106.1,0.258,False
110,07193,生醫工程細學類,29,4118.0,120.8,102.0,0.295,False
111,07193,生醫工程細學類,29,4153.0,120.8,102.8,0.289,False
112,07193,生醫工程細學類,25,4344.0,104.2,107.6,0.235,False
113,07193,生醫工程細學類,28,4501.0,116.7,111.4,0.251,False
114,07193,生醫工程細學類,34,4501.0,141.7,111.4,0.295,False
106,07194,綜合工程細學類,6,2034.0,100.0,100.0,0.135,False
107,07194,綜合工程細學類,3,1052.0,50.0,51.7,0.126,False
108,07194,綜合工程細學類,2,1091.0,33.3,53.6,0.076,False
109,07194,綜合工程細學類,8,1810.0,133.3,89.0,0.179,False
110,07194,綜合工程細學類,8,1867.0,133.3,91.8,0.179,False
111,07194,綜合工程細學類,5,1643.0,83.3,80.8,0.128,False
112,07194,綜合工程細學類,7,1792.0,116.7,88.1,0.161,False
113,07194,綜合工程細學類,12,1954.0,200.0,96.1,0.246,False
114,07194,綜合工程細學類,7,1346.0,116.7,66.2,0.206,False
106,07199,其他工程及工程業細學類,3,946.0,100.0,100.0,0.145,False
107,07199,其他工程及工程業細學類,2,778.0,66.7,82.2,0.109,False
108,07199,其他工程及工程業細學類,2,1237.0,66.7,130.8,0.067,False
109,07199,其他工程及工程業細學類,3,1823.0,100.0,192.7,0.067,False
110,07199,其他工程及工程業細學類,8,1984.0,266.7,209.7,0.169,False
111,07199,其他工程及工程業細學類,8,2724.0,266.7,287.9,0.122,False
112,07199,其他工程及工程業細學類,7,2747.0,233.3,290.4,0.105,False
113,07199,其他工程及工程業細學類,11,2660.0,366.7,281.2,0.165,False
114,07199,其他工程及工程業細學類,15,2605.0,500.0,275.4,0.224,False
106,07211,食品科學細學類,140,9372.0,100.0,100.0,0.697,False
107,07211,食品科學細學類,138,9512.0,98.6,101.5,0.651,False
108,07211,食品科學細學類,120,9305.0,85.7,99.3,0.565,False
109,07211,食品科學細學類,118,9160.0,84.3,97.7,0.529,False
110,07211,食品科學細學類,132,8777.0,94.3,93.7,0.632,False
111,07211,食品科學細學類,103,7990.0,73.6,85.3,0.532,False
112,07211,食品科學細學類,84,7345.0,60.0,78.4,0.47,False
113,07211,食品科學細學類,98,6968.0,70.0,74.3,0.565,False
114,07211,食品科學細學類,96,6783.0,68.6,72.4,0.552,False
111,07241,採礦及提煉細學類,1,320.0,,,0.138,False
112,07241,採礦及提煉細學類,1,308.0,,,0.138,False
113,07241,採礦及提煉細學類,2,321.0,,,0.258,False
114,07241,採礦及提煉細學類,3,306.0,,,0.367,False
106,07311,建築細學類,97,9056.0,100.0,100.0,0.499,False
107,07311,建築細學類,95,9081.0,97.9,100.3,0.47,False
108,07311,建築細學類,88,8819.0,90.7,97.4,0.437,False
109,07311,建築細學類,102,8710.0,105.2,96.2,0.481,False
110,07311,建築細學類,110,8733.0,113.4,96.4,0.529,False
111,07311,建築細學類,114,8805.0,117.5,97.2,0.535,False
112,07311,建築細學類,120,8449.0,123.7,93.3,0.583,False
113,07311,建築細學類,124,8215.0,127.8,90.7,0.606,False
114,07311,建築細學類,131,7892.0,135.1,87.1,0.647,False
106,07312,景觀設計細學類,31,2652.0,100.0,100.0,0.545,False
107,07312,景觀設計細學類,35,2468.0,112.9,93.1,0.635,False
108,07312,景觀設計細學類,32,2261.0,103.2,85.3,0.623,False
109,07312,景觀設計細學類,40,2277.0,129.0,85.9,0.724,False
110,07312,景觀設計細學類,41,2488.0,132.3,93.8,0.693,False
111,07312,景觀設計細學類,33,2273.0,106.5,85.7,0.6,False
112,07312,景觀設計細學類,35,2108.0,112.9,79.5,0.682,False
113,07312,景觀設計細學類,30,1959.0,96.8,73.9,0.615,False
114,07312,景觀設計細學類,32,1883.0,103.2,71.0,0.661,False
106,07313,都巿規劃細學類,21,2059.0,100.0,100.0,0.479,False
107,07313,都巿規劃細學類,20,1932.0,95.2,93.8,0.465,False
108,07313,都巿規劃細學類,17,1860.0,81.0,90.3,0.401,False
109,07313,都巿規劃細學類,14,1850.0,66.7,89.8,0.309,False
110,07313,都巿規劃細學類,18,1888.0,85.7,91.7,0.399,False
111,07313,都巿規劃細學類,18,1784.0,85.7,86.6,0.416,False
112,07313,都巿規劃細學類,20,1678.0,95.2,81.5,0.49,False
113,07313,都巿規劃細學類,16,1633.0,76.2,79.3,0.391,False
114,07313,都巿規劃細學類,16,1600.0,76.2,77.7,0.391,False
106,07321,土木工程細學類,389,17199.0,100.0,100.0,1.054,False
107,07321,土木工程細學類,433,16860.0,111.3,98.0,1.154,False
108,07321,土木工程細學類,433,16322.0,111.3,94.9,1.161,False
109,07321,土木工程細學類,454,16210.0,116.7,94.2,1.151,False
110,07321,土木工程細學類,445,16262.0,114.4,94.6,1.15,False
111,07321,土木工程細學類,430,15905.0,110.5,92.5,1.117,False
112,07321,土木工程細學類,372,15625.0,95.6,90.8,0.978,False
113,07321,土木工程細學類,360,15707.0,92.5,91.3,0.92,False
114,07321,土木工程細學類,287,15693.0,73.8,91.2,0.712,False
106,07322,空間資訊及測繪細學類,1,291.0,100.0,100.0,0.174,False
107,07322,空間資訊及測繪細學類,4,424.0,400.0,145.7,0.429,False
108,07322,空間資訊及測繪細學類,4,391.0,400.0,134.4,0.455,False
109,07322,空間資訊及測繪細學類,1,392.0,100.0,134.7,0.114,False
110,07322,空間資訊及測繪細學類,4,396.0,400.0,136.1,0.441,False
111,07322,空間資訊及測繪細學類,5,383.0,500.0,131.6,0.543,False
112,07322,空間資訊及測繪細學類,4,394.0,400.0,135.4,0.405,False
113,07322,空間資訊及測繪細學類,9,398.0,900.0,136.8,0.921,False
114,07322,空間資訊及測繪細學類,12,392.0,1200.0,134.7,1.184,False
114,07399,其他建築及營建工程細學類,29,168.0,,,6.875,False
106,08111,農作物生產細學類,50,1720.0,100.0,100.0,1.355,False
107,08111,農作物生產細學類,34,1720.0,68.0,100.0,0.887,False
108,08111,農作物生產細學類,30,1751.0,60.0,101.8,0.75,False
109,08111,農作物生產細學類,25,1756.0,50.0,102.1,0.586,False
110,08111,農作物生產細學類,29,1808.0,58.0,105.1,0.669,False
111,08111,農作物生產細學類,32,1817.0,64.0,105.6,0.726,False
112,08111,農作物生產細學類,28,1728.0,56.0,100.5,0.667,False
113,08111,農作物生產細學類,36,1663.0,72.0,96.7,0.868,False
114,08111,農作物生產細學類,31,1683.0,62.0,97.8,0.72,False
106,08112,畜牧生產細學類,22,2268.0,100.0,100.0,0.451,False
107,08112,畜牧生產細學類,20,2294.0,90.9,101.1,0.392,False
108,08112,畜牧生產細學類,25,2295.0,113.6,101.2,0.479,False
109,08112,畜牧生產細學類,21,2406.0,95.5,106.1,0.358,False
110,08112,畜牧生產細學類,21,2254.0,95.5,99.4,0.39,False
111,08112,畜牧生產細學類,24,2196.0,109.1,96.8,0.449,False
112,08112,畜牧生產細學類,36,2175.0,163.6,95.9,0.681,False
113,08112,畜牧生產細學類,40,2083.0,181.8,91.8,0.774,False
114,08112,畜牧生產細學類,43,2017.0,195.5,88.9,0.832,False
106,08121,園藝細學類,52,1807.0,100.0,100.0,1.345,False
107,08121,園藝細學類,51,1725.0,98.1,95.5,1.331,False
108,08121,園藝細學類,42,1666.0,80.8,92.2,1.106,False
109,08121,園藝細學類,42,1655.0,80.8,91.6,1.041,False
110,08121,園藝細學類,46,1618.0,88.5,89.5,1.193,False
111,08121,園藝細學類,29,1562.0,55.8,86.4,0.766,False
112,08121,園藝細學類,28,1493.0,53.8,82.6,0.771,False
113,08121,園藝細學類,37,1383.0,71.2,76.5,1.076,False
114,08121,園藝細學類,32,1338.0,61.5,74.0,0.931,False
106,08191,農業化學細學類,1,512.0,100.0,100.0,0.098,False
107,08191,農業化學細學類,0,512.0,0.0,100.0,0.0,False
108,08191,農業化學細學類,1,485.0,100.0,94.7,0.098,False
106,08192,農業生物技術細學類,9,259.0,100.0,100.0,1.619,False
107,08192,農業生物技術細學類,7,278.0,77.8,107.3,1.13,False
108,08192,農業生物技術細學類,6,282.0,66.7,108.9,0.917,False
109,08192,農業生物技術細學類,4,269.0,44.4,103.9,0.625,False
110,08192,農業生物技術細學類,3,261.0,33.3,100.8,0.478,False
111,08192,農業生物技術細學類,0,205.0,0.0,79.2,0.0,False
106,08193,農業經濟及推廣細學類,22,1352.0,100.0,100.0,0.752,False
107,08193,農業經濟及推廣細學類,28,1443.0,127.3,106.7,0.866,False
108,08193,農業經濟及推廣細學類,32,1455.0,145.5,107.6,0.967,False
109,08193,農業經濟及推廣細學類,34,1530.0,154.5,113.2,0.912,False
110,08193,農業經濟及推廣細學類,33,1546.0,150.0,114.3,0.896,False
111,08193,農業經濟及推廣細學類,32,1547.0,145.5,114.4,0.856,False
112,08193,農業經濟及推廣細學類,34,1504.0,154.5,111.2,0.929,False
113,08193,農業經濟及推廣細學類,33,1517.0,150.0,112.2,0.876,False
114,08193,農業經濟及推廣細學類,25,1491.0,113.6,110.3,0.655,False
106,08194,植物保護細學類,10,913.0,100.0,100.0,0.507,False
107,08194,植物保護細學類,12,919.0,120.0,100.7,0.579,False
108,08194,植物保護細學類,11,924.0,110.0,101.2,0.526,False
109,08194,植物保護細學類,9,882.0,90.0,96.6,0.418,False
110,08194,植物保護細學類,7,893.0,70.0,97.8,0.325,False
111,08194,植物保護細學類,8,881.0,80.0,96.5,0.38,False
112,08194,植物保護細學類,10,877.0,100.0,96.1,0.476,False
113,08194,植物保護細學類,10,880.0,100.0,96.4,0.452,False
114,08194,植物保護細學類,12,859.0,120.0,94.1,0.536,False
106,08199,其他農業細學類,5,632.0,100.0,100.0,0.373,False
107,08199,其他農業細學類,26,768.0,520.0,121.5,1.524,False
108,08199,其他農業細學類,43,982.0,860.0,155.4,1.916,False
109,08199,其他農業細學類,62,1110.0,1240.0,175.6,2.303,False
110,08199,其他農業細學類,78,1193.0,1560.0,188.8,2.757,False
111,08199,其他農業細學類,93,1281.0,1860.0,202.7,3.009,False
112,08199,其他農業細學類,101,1229.0,2020.0,194.5,3.383,False
113,08199,其他農業細學類,105,1211.0,2100.0,191.6,3.474,False
114,08199,其他農業細學類,113,1571.0,2260.0,248.6,2.797,False
106,08211,林業細學類,70,2322.0,100.0,100.0,1.401,False
107,08211,林業細學類,59,2270.0,84.3,97.8,1.166,False
108,08211,林業細學類,51,2223.0,72.9,95.7,1.005,False
109,08211,林業細學類,58,2215.0,82.9,95.4,1.076,False
110,08211,林業細學類,55,2236.0,78.6,96.3,1.031,False
111,08211,林業細學類,48,2226.0,68.6,95.9,0.891,False
112,08211,林業細學類,41,2176.0,58.6,93.7,0.775,False
113,08211,林業細學類,42,2079.0,60.0,89.5,0.809,False
114,08211,林業細學類,49,2019.0,70.0,87.0,0.944,False
106,08311,漁業科學細學類,8,721.0,100.0,100.0,0.517,False
107,08311,漁業科學細學類,8,748.0,100.0,103.7,0.484,False
108,08311,漁業科學細學類,9,728.0,112.5,101.0,0.532,False
109,08311,漁業科學細學類,9,684.0,112.5,94.9,0.541,False
110,08311,漁業科學細學類,6,674.0,75.0,93.5,0.379,False
111,08311,漁業科學細學類,3,642.0,37.5,89.0,0.19,False
112,08311,漁業科學細學類,3,657.0,37.5,91.1,0.194,False
113,08311,漁業科學細學類,5,654.0,62.5,90.7,0.302,False
114,08311,漁業科學細學類,7,661.0,87.5,91.7,0.422,False
106,08312,水產養殖細學類,14,1562.0,100.0,100.0,0.416,False
107,08312,水產養殖細學類,13,1761.0,92.9,112.7,0.331,False
108,08312,水產養殖細學類,15,1801.0,107.1,115.3,0.368,False
109,08312,水產養殖細學類,16,1803.0,114.3,115.4,0.366,False
110,08312,水產養殖細學類,18,1786.0,128.6,114.3,0.419,False
111,08312,水產養殖細學類,21,1735.0,150.0,111.1,0.5,False
112,08312,水產養殖細學類,16,1652.0,114.3,105.8,0.4,False
113,08312,水產養殖細學類,12,1595.0,85.7,102.1,0.301,False
114,08312,水產養殖細學類,11,1568.0,78.6,100.4,0.275,False
106,08411,獸醫細學類,22,1972.0,100.0,100.0,0.519,False
107,08411,獸醫細學類,27,1977.0,122.7,100.3,0.613,False
108,08411,獸醫細學類,30,1980.0,136.4,100.4,0.661,False
109,08411,獸醫細學類,31,1945.0,140.9,98.6,0.655,False
110,08411,獸醫細學類,31,2119.0,140.9,107.5,0.617,False
111,08411,獸醫細學類,28,2063.0,127.3,104.6,0.559,False
112,08411,獸醫細學類,26,2022.0,118.2,102.5,0.526,False
113,08411,獸醫細學類,25,2054.0,113.6,104.2,0.487,False
114,08411,獸醫細學類,26,2102.0,118.2,106.6,0.483,False
106,09111,牙醫細學類,91,5617.0,100.0,100.0,0.756,False
107,09111,牙醫細學類,94,5733.0,103.3,102.1,0.735,False
108,09111,牙醫細學類,118,5874.0,129.7,104.6,0.879,False
109,09111,牙醫細學類,136,5976.0,149.5,106.4,0.934,False
110,09111,牙醫細學類,156,6050.0,171.4,107.7,1.082,False
111,09111,牙醫細學類,163,5942.0,179.1,105.8,1.135,False
112,09111,牙醫細學類,171,5896.0,187.9,105.0,1.192,False
113,09111,牙醫細學類,179,5674.0,196.7,101.0,1.267,False
114,09111,牙醫細學類,168,5534.0,184.6,98.5,1.182,False
106,09121,醫學細學類,150,13300.0,100.0,100.0,0.526,False
107,09121,醫學細學類,142,13641.0,94.7,102.6,0.468,False
108,09121,醫學細學類,136,12627.0,90.7,94.9,0.471,False
109,09121,醫學細學類,152,,101.3,,0.617,True
110,09121,醫學細學類,166,12730.0,110.7,95.7,0.548,False
111,09121,醫學細學類,174,12776.0,116.0,96.1,0.563,False
112,09121,醫學細學類,184,12758.0,122.7,95.9,0.592,False
113,09121,醫學細學類,193,12797.0,128.7,96.2,0.606,False
114,09121,醫學細學類,182,12899.0,121.3,97.0,0.549,False
106,09131,護理及助產細學類,3461,58296.0,100.0,100.0,2.768,False
107,09131,護理及助產細學類,3455,57951.0,99.8,99.4,2.678,False
108,09131,護理及助產細學類,3391,55960.0,98.0,96.0,2.653,False
109,09131,護理及助產細學類,3334,,96.3,,5.639,True
110,09131,護理及助產細學類,3271,56193.0,94.5,96.4,2.446,False
111,09131,護理及助產細學類,3297,54378.0,95.3,93.3,2.506,False
112,09131,護理及助產細學類,3169,52116.0,91.6,89.4,2.496,False
113,09131,護理及助產細學類,2961,49616.0,85.6,85.1,2.395,False
114,09131,護理及助產細學類,2767,46601.0,79.9,79.9,2.312,False
106,09141,醫學技術及檢驗細學類,206,13630.0,100.0,100.0,0.705,False
107,09141,醫學技術及檢驗細學類,227,13649.0,110.2,100.1,0.747,False
108,09141,醫學技術及檢驗細學類,281,13592.0,136.4,99.7,0.905,False
109,09141,醫學技術及檢驗細學類,304,13807.0,147.6,101.3,0.905,False
110,09141,醫學技術及檢驗細學類,313,13694.0,151.9,100.5,0.961,False
111,09141,醫學技術及檢驗細學類,302,13213.0,146.6,96.9,0.945,False
112,09141,醫學技術及檢驗細學類,282,12986.0,136.9,95.3,0.892,False
113,09141,醫學技術及檢驗細學類,316,12719.0,153.4,93.3,0.998,False
114,09141,醫學技術及檢驗細學類,332,12645.0,161.2,92.8,1.023,False
106,09151,物理治療細學類,162,5020.0,100.0,100.0,1.506,False
107,09151,物理治療細學類,172,5023.0,106.2,100.1,1.54,False
108,09151,物理治療細學類,164,4984.0,101.2,99.3,1.441,False
109,09151,物理治療細學類,181,5084.0,111.7,101.3,1.463,False
110,09151,物理治療細學類,187,5065.0,115.4,100.9,1.553,False
111,09151,物理治療細學類,182,4933.0,112.3,98.3,1.527,False
112,09151,物理治療細學類,188,4820.0,116.0,96.0,1.602,False
113,09151,物理治療細學類,194,4758.0,119.8,94.8,1.637,False
114,09151,物理治療細學類,231,4628.0,142.6,92.2,1.942,False
106,09152,職能治療細學類,42,2026.0,100.0,100.0,0.963,False
107,09152,職能治療細學類,52,2108.0,123.8,104.0,1.11,False
108,09152,職能治療細學類,58,2168.0,138.1,107.0,1.175,False
109,09152,職能治療細學類,66,2148.0,157.1,106.0,1.26,False
110,09152,職能治療細學類,66,2208.0,157.1,109.0,1.257,False
111,09152,職能治療細學類,66,2202.0,157.1,108.7,1.242,False
112,09152,職能治療細學類,66,2282.0,157.1,112.6,1.187,False
113,09152,職能治療細學類,75,2374.0,178.6,117.2,1.269,False
114,09152,職能治療細學類,76,2462.0,181.0,121.5,1.2,False
106,09153,語言治療與聽力細學類,15,967.0,100.0,100.0,0.718,False
107,09153,語言治療與聽力細學類,15,1175.0,100.0,121.5,0.567,False
108,09153,語言治療與聽力細學類,14,1333.0,93.3,137.8,0.46,False
109,09153,語言治療與聽力細學類,16,1433.0,106.7,148.2,0.461,False
110,09153,語言治療與聽力細學類,19,1448.0,126.7,149.7,0.552,False
111,09153,語言治療與聽力細學類,18,1458.0,120.0,150.8,0.511,False
112,09153,語言治療與聽力細學類,23,1436.0,153.3,148.5,0.659,False
113,09153,語言治療與聽力細學類,22,1480.0,146.7,153.1,0.599,False
114,09153,語言治療與聽力細學類,24,1511.0,160.0,156.3,0.619,False
106,09159,其他治療及復健細學類,51,2230.0,100.0,100.0,1.067,False
107,09159,其他治療及復健細學類,53,1990.0,103.9,89.2,1.195,False
108,09159,其他治療及復健細學類,52,1807.0,102.0,81.0,1.261,False
109,09159,其他治療及復健細學類,60,,117.6,,5.0,True
110,09159,其他治療及復健細學類,55,1721.0,107.8,77.2,1.342,False
111,09159,其他治療及復健細學類,51,1608.0,100.0,72.1,1.31,False
112,09159,其他治療及復健細學類,48,1477.0,94.1,66.2,1.331,False
113,09159,其他治療及復健細學類,46,1574.0,90.2,70.6,1.172,False
114,09159,其他治療及復健細學類,58,1816.0,113.7,81.4,1.243,False
106,09161,藥學細學類,88,8014.0,100.0,100.0,0.512,False
107,09161,藥學細學類,78,7499.0,88.6,93.6,0.467,False
108,09161,藥學細學類,75,7499.0,85.2,93.6,0.438,False
109,09161,藥學細學類,65,,73.9,,0.658,True
110,09161,藥學細學類,84,7563.0,95.5,94.4,0.467,False
111,09161,藥學細學類,111,7628.0,126.1,95.2,0.601,False
112,09161,藥學細學類,128,7856.0,145.5,98.0,0.669,False
113,09161,藥學細學類,161,7860.0,183.0,98.1,0.823,False
114,09161,藥學細學類,193,7911.0,219.3,98.7,0.951,False
106,09171,傳統醫學、輔助醫學及治療細學類,6,963.0,100.0,100.0,0.286,False
107,09171,傳統醫學、輔助醫學及治療細學類,8,1056.0,133.3,109.7,0.345,False
108,09171,傳統醫學、輔助醫學及治療細學類,12,1129.0,200.0,117.2,0.458,False
109,09171,傳統醫學、輔助醫學及治療細學類,13,1134.0,216.7,117.8,0.475,False
110,09171,傳統醫學、輔助醫學及治療細學類,11,1193.0,183.3,123.9,0.388,False
111,09171,傳統醫學、輔助醫學及治療細學類,9,1168.0,150.0,121.3,0.324,False
112,09171,傳統醫學、輔助醫學及治療細學類,14,1139.0,233.3,118.3,0.505,False
113,09171,傳統醫學、輔助醫學及治療細學類,17,1151.0,283.3,119.5,0.591,False
114,09171,傳統醫學、輔助醫學及治療細學類,6,852.0,100.0,88.5,0.277,False
106,09191,公共衛生細學類,61,4567.0,100.0,100.0,0.624,False
107,09191,公共衛生細學類,77,4358.0,126.2,95.4,0.794,False
108,09191,公共衛生細學類,102,4420.0,167.2,96.8,1.011,False
109,09191,公共衛生細學類,145,4511.0,237.7,98.8,1.32,False
110,09191,公共衛生細學類,172,4609.0,282.0,100.9,1.569,False
111,09191,公共衛生細學類,163,4536.0,267.2,99.3,1.484,False
112,09191,公共衛生細學類,154,3972.0,252.5,87.0,1.59,False
113,09191,公共衛生細學類,72,3786.0,118.0,82.9,0.765,False
114,09191,公共衛生細學類,83,3460.0,136.1,75.8,0.935,False
106,09199,其他醫藥衛生細學類,8,651.0,100.0,100.0,0.577,False
107,09199,其他醫藥衛生細學類,35,1897.0,437.5,291.4,0.827,False
108,09199,其他醫藥衛生細學類,32,1964.0,400.0,301.7,0.717,False
109,09199,其他醫藥衛生細學類,29,1917.0,362.5,294.5,0.62,False
110,09199,其他醫藥衛生細學類,21,1840.0,262.5,282.6,0.478,False
111,09199,其他醫藥衛生細學類,32,2193.0,400.0,336.9,0.601,False
112,09199,其他醫藥衛生細學類,19,1986.0,237.5,305.1,0.392,False
113,09199,其他醫藥衛生細學類,8,1671.0,100.0,256.7,0.194,False
114,09199,其他醫藥衛生細學類,11,1691.0,137.5,259.8,0.255,False
106,09211,老年照顧服務細學類,182,5550.0,100.0,100.0,1.529,False
107,09211,老年照顧服務細學類,218,4916.0,119.8,88.6,1.995,False
108,09211,老年照顧服務細學類,209,5015.0,114.8,90.4,1.825,False
109,09211,老年照顧服務細學類,222,5372.0,122.0,96.8,1.698,False
110,09211,老年照顧服務細學類,268,5571.0,147.3,100.4,2.023,False
111,09211,老年照顧服務細學類,330,5585.0,181.3,100.6,2.443,False
112,09211,老年照顧服務細學類,416,6500.0,228.6,117.1,2.628,False
113,09211,老年照顧服務細學類,598,7691.0,328.6,138.6,3.122,False
114,09211,老年照顧服務細學類,649,8101.0,356.6,146.0,3.118,False
106,09212,失能者照顧細學類,3,179.0,100.0,100.0,0.786,False
107,09212,失能者照顧細學類,3,212.0,100.0,118.4,0.647,False
108,09212,失能者照顧細學類,3,178.0,100.0,99.4,0.733,False
109,09212,失能者照顧細學類,4,194.0,133.3,108.4,0.882,False
110,09212,失能者照顧細學類,3,197.0,100.0,110.1,0.647,False
111,09212,失能者照顧細學類,1,166.0,33.3,92.7,0.267,False
112,09212,失能者照顧細學類,1,147.0,33.3,82.1,0.286,False
113,09212,失能者照顧細學類,2,54.0,66.7,30.2,1.6,False
114,09212,失能者照顧細學類,2,56.0,66.7,31.3,1.6,False
106,09221,兒童及青少年照顧服務細學類,745,11927.0,100.0,100.0,2.913,False
107,09221,兒童及青少年照顧服務細學類,737,11753.0,98.9,98.5,2.817,False
108,09221,兒童及青少年照顧服務細學類,710,11586.0,95.3,97.1,2.682,False
109,09221,兒童及青少年照顧服務細學類,706,12510.0,94.8,104.9,2.32,False
110,09221,兒童及青少年照顧服務細學類,758,12319.0,101.7,103.3,2.586,False
111,09221,兒童及青少年照顧服務細學類,715,11798.0,96.0,98.9,2.504,False
112,09221,兒童及青少年照顧服務細學類,666,11106.0,89.4,93.1,2.464,False
113,09221,兒童及青少年照顧服務細學類,663,10793.0,89.0,90.5,2.466,False
114,09221,兒童及青少年照顧服務細學類,672,10529.0,90.2,88.3,2.486,False
106,09231,社會工作細學類,880,10925.0,100.0,100.0,3.755,False
107,09231,社會工作細學類,865,10266.0,98.3,94.0,3.783,False
108,09231,社會工作細學類,934,10026.0,106.1,91.8,4.075,False
109,09231,社會工作細學類,1072,10010.0,121.8,91.6,4.402,False
110,09231,社會工作細學類,1191,10089.0,135.3,92.3,4.962,False
111,09231,社會工作細學類,1149,9859.0,130.6,90.2,4.818,False
112,09231,社會工作細學類,1147,9477.0,130.3,86.7,4.972,False
113,09231,社會工作細學類,1127,9222.0,128.1,84.4,4.904,False
114,09231,社會工作細學類,1113,9020.0,126.5,82.6,4.806,False
106,09299,其他社會福利細學類,31,867.0,100.0,100.0,1.657,False
107,09299,其他社會福利細學類,41,892.0,132.3,102.9,2.082,False
108,09299,其他社會福利細學類,53,920.0,171.0,106.1,2.513,False
109,09299,其他社會福利細學類,55,961.0,177.4,110.8,2.349,False
110,09299,其他社會福利細學類,59,966.0,190.3,111.4,2.56,False
111,09299,其他社會福利細學類,61,811.0,196.8,93.5,3.11,False
112,09299,其他社會福利細學類,62,730.0,200.0,84.2,3.464,False
113,09299,其他社會福利細學類,66,652.0,212.9,75.2,4.097,False
114,09299,其他社會福利細學類,47,409.0,151.6,47.2,4.45,False
106,10111,家政服務細學類,17,1471.0,100.0,100.0,0.542,False
107,10111,家政服務細學類,13,1339.0,76.5,91.0,0.436,False
108,10111,家政服務細學類,16,1196.0,94.1,81.3,0.584,False
109,10111,家政服務細學類,16,1080.0,94.1,73.4,0.615,False
110,10111,家政服務細學類,15,965.0,88.2,65.6,0.655,False
111,10111,家政服務細學類,15,875.0,88.2,59.5,0.709,False
112,10111,家政服務細學類,11,568.0,64.7,38.6,0.792,False
113,10111,家政服務細學類,12,501.0,70.6,34.1,0.958,False
114,10111,家政服務細學類,11,448.0,64.7,30.5,0.955,False
106,10121,美髮美容服務細學類,594,17016.0,100.0,100.0,1.628,False
107,10121,美髮美容服務細學類,604,16359.0,101.7,96.1,1.659,False
108,10121,美髮美容服務細學類,539,15295.0,90.7,89.9,1.542,False
109,10121,美髮美容服務細學類,501,14994.0,84.3,88.1,1.373,False
110,10121,美髮美容服務細學類,494,14232.0,83.2,83.6,1.459,False
111,10121,美髮美容服務細學類,437,13026.0,73.6,76.6,1.387,False
112,10121,美髮美容服務細學類,433,11568.0,72.9,68.0,1.537,False
113,10121,美髮美容服務細學類,428,10865.0,72.1,63.9,1.581,False
114,10121,美髮美容服務細學類,452,10688.0,76.1,62.8,1.646,False
106,10131,旅館及餐飲細學類,1215,49997.0,100.0,100.0,1.133,False
107,10131,旅館及餐飲細學類,1263,49270.0,104.0,98.5,1.152,False
108,10131,旅館及餐飲細學類,1172,45862.0,96.5,91.7,1.118,False
109,10131,旅館及餐飲細學類,1093,41366.0,90.0,82.7,1.086,False
110,10131,旅館及餐飲細學類,1021,39216.0,84.0,78.4,1.094,False
111,10131,旅館及餐飲細學類,902,33527.0,74.2,67.1,1.112,False
112,10131,旅館及餐飲細學類,770,29510.0,63.4,59.0,1.071,False
113,10131,旅館及餐飲細學類,751,29241.0,61.8,58.5,1.031,False
114,10131,旅館及餐飲細學類,715,29173.0,58.8,58.3,0.955,False
106,10141,競技運動細學類,712,5061.0,100.0,100.0,6.555,False
107,10141,競技運動細學類,741,4911.0,104.1,97.0,6.78,False
108,10141,競技運動細學類,816,5037.0,114.6,99.5,7.096,False
109,10141,競技運動細學類,906,5165.0,127.2,102.1,7.213,False
110,10141,競技運動細學類,948,5189.0,133.1,102.5,7.679,False
111,10141,競技運動細學類,962,5156.0,135.1,101.9,7.72,False
112,10141,競技運動細學類,999,5146.0,140.3,101.7,7.971,False
113,10141,競技運動細學類,1002,4818.0,140.7,95.2,8.351,False
114,10141,競技運動細學類,1003,4697.0,140.9,92.8,8.322,False
106,10142,運動科技細學類,49,991.0,100.0,100.0,2.3,False
107,10142,運動科技細學類,45,973.0,91.8,98.2,2.075,False
108,10142,運動科技細學類,52,1175.0,106.1,118.6,1.949,False
109,10142,運動科技細學類,53,1215.0,108.2,122.6,1.806,False
110,10142,運動科技細學類,57,1361.0,116.3,137.3,1.754,False
111,10142,運動科技細學類,59,1391.0,120.4,140.4,1.76,False
112,10142,運動科技細學類,62,1434.0,126.5,144.7,1.77,False
113,10142,運動科技細學類,89,1609.0,181.6,162.4,2.221,False
114,10142,運動科技細學類,107,1627.0,218.4,164.2,2.57,False
106,10151,旅遊觀光細學類,1397,39857.0,100.0,100.0,1.635,False
107,10151,旅遊觀光細學類,1144,34616.0,81.9,86.9,1.485,False
108,10151,旅遊觀光細學類,1066,32060.0,76.3,80.4,1.456,False
109,10151,旅遊觀光細學類,971,29682.0,69.5,74.5,1.345,False
110,10151,旅遊觀光細學類,834,26642.0,59.7,66.8,1.316,False
111,10151,旅遊觀光細學類,751,23066.0,53.8,57.9,1.346,False
112,10151,旅遊觀光細學類,674,19742.0,48.2,49.5,1.402,False
113,10151,旅遊觀光細學類,593,18894.0,42.4,47.4,1.26,False
114,10151,旅遊觀光細學類,578,19528.0,41.4,49.0,1.153,False
106,10152,遊憩、運動和休閒管理細學類,1406,25311.0,100.0,100.0,2.59,False
107,10152,遊憩、運動和休閒管理細學類,1455,24495.0,103.5,96.8,2.669,False
108,10152,遊憩、運動和休閒管理細學類,1401,21718.0,99.6,85.8,2.824,False
109,10152,遊憩、運動和休閒管理細學類,1385,21025.0,98.5,83.1,2.708,False
110,10152,遊憩、運動和休閒管理細學類,1309,18765.0,93.1,74.1,2.932,False
111,10152,遊憩、運動和休閒管理細學類,1094,16401.0,77.8,64.8,2.758,False
112,10152,遊憩、運動和休閒管理細學類,1023,14381.0,72.8,56.8,2.92,False
113,10152,遊憩、運動和休閒管理細學類,979,13710.0,69.6,54.2,2.867,False
114,10152,遊憩、運動和休閒管理細學類,956,13365.0,68.0,52.8,2.786,False
106,10199,其他餐旅及民生服務細學類,189,2859.0,100.0,100.0,3.078,False
107,10199,其他餐旅及民生服務細學類,310,3247.0,164.0,113.6,4.292,False
108,10199,其他餐旅及民生服務細學類,263,2726.0,139.2,95.3,4.216,False
109,10199,其他餐旅及民生服務細學類,210,2468.0,111.1,86.3,3.505,False
110,10199,其他餐旅及民生服務細學類,163,1926.0,86.2,67.4,3.551,False
111,10199,其他餐旅及民生服務細學類,148,2737.0,78.3,95.7,2.231,False
112,10199,其他餐旅及民生服務細學類,139,2630.0,73.5,92.0,2.17,False
113,10199,其他餐旅及民生服務細學類,105,2613.0,55.6,91.4,1.612,False
114,10199,其他餐旅及民生服務細學類,97,2561.0,51.3,89.6,1.478,False
106,10221,職業衛生及安全細學類,16,1225.0,100.0,100.0,0.612,False
107,10221,職業衛生及安全細學類,23,1611.0,143.8,131.5,0.639,False
108,10221,職業衛生及安全細學類,36,1702.0,225.0,138.9,0.924,False
109,10221,職業衛生及安全細學類,32,1686.0,200.0,137.6,0.775,False
110,10221,職業衛生及安全細學類,34,1658.0,212.5,135.3,0.861,False
111,10221,職業衛生及安全細學類,45,1527.0,281.2,124.7,1.217,False
112,10221,職業衛生及安全細學類,39,1865.0,243.8,152.2,0.857,False
113,10221,職業衛生及安全細學類,25,1801.0,156.2,147.0,0.558,False
114,10221,職業衛生及安全細學類,34,1744.0,212.5,142.4,0.759,False
106,10321,警政細學類,45,1590.0,100.0,100.0,1.32,False
107,10321,警政細學類,50,1249.0,111.1,78.6,1.796,False
108,10321,警政細學類,71,1368.0,157.8,86.0,2.267,False
109,10321,警政細學類,66,1290.0,146.7,81.1,2.104,False
110,10321,警政細學類,46,1167.0,102.2,73.4,1.653,False
111,10321,警政細學類,36,970.0,80.0,61.0,1.54,False
112,10321,警政細學類,37,748.0,82.2,47.0,2.043,False
113,10321,警政細學類,11,530.0,24.4,33.3,0.824,False
114,10321,警政細學類,8,457.0,17.8,28.7,0.682,False
106,10411,運輸管理細學類,13,2845.0,100.0,100.0,0.214,False
107,10411,運輸管理細學類,15,2556.0,115.4,89.8,0.262,False
108,10411,運輸管理細學類,13,2519.0,100.0,88.5,0.225,False
109,10411,運輸管理細學類,12,2455.0,92.3,86.3,0.201,False
110,10411,運輸管理細學類,15,2445.0,115.4,85.9,0.259,False
111,10411,運輸管理細學類,14,2367.0,107.7,83.2,0.244,False
112,10411,運輸管理細學類,29,2320.0,223.1,81.5,0.514,False
113,10411,運輸管理細學類,17,2149.0,130.8,75.5,0.316,False
114,10411,運輸管理細學類,19,2212.0,146.2,77.8,0.335,False
106,10412,航運管理細學類,57,2899.0,100.0,100.0,0.918,False
107,10412,航運管理細學類,61,3014.0,107.0,104.0,0.907,False
108,10412,航運管理細學類,69,2907.0,121.1,100.3,1.041,False
109,10412,航運管理細學類,62,2653.0,108.8,91.5,0.962,False
110,10412,航運管理細學類,53,2622.0,93.0,90.4,0.85,False
111,10412,航運管理細學類,56,2570.0,98.2,88.7,0.897,False
112,10412,航運管理細學類,51,2500.0,89.5,86.2,0.838,False
113,10412,航運管理細學類,52,2346.0,91.2,80.9,0.889,False
114,10412,航運管理細學類,37,1959.0,64.9,67.6,0.733,False
106,10413,空運管理細學類,31,1535.0,100.0,100.0,0.943,False
107,10413,空運管理細學類,38,1635.0,122.6,106.5,1.037,False
108,10413,空運管理細學類,43,1721.0,138.7,112.1,1.089,False
109,10413,空運管理細學類,42,1585.0,135.5,103.3,1.085,False
110,10413,空運管理細學類,33,1349.0,106.5,87.9,1.026,False
111,10413,空運管理細學類,33,1152.0,106.5,75.0,1.183,False
112,10413,空運管理細學類,32,1060.0,103.2,69.1,1.242,False
113,10413,空運管理細學類,35,1493.0,112.9,97.3,0.937,False
114,10413,空運管理細學類,42,1618.0,135.5,105.4,1.006,False
106,10414,航海細學類,42,1754.0,100.0,100.0,1.113,False
107,10414,航海細學類,36,1503.0,85.7,85.7,1.073,False
108,10414,航海細學類,38,1523.0,90.5,86.8,1.093,False
109,10414,航海細學類,44,1469.0,104.8,83.8,1.229,False
110,10414,航海細學類,52,1515.0,123.8,86.4,1.443,False
111,10414,航海細學類,47,1610.0,111.9,91.8,1.207,False
112,10414,航海細學類,45,1660.0,107.1,94.6,1.109,False
113,10414,航海細學類,43,1641.0,102.4,93.6,1.051,False
114,10414,航海細學類,60,1820.0,142.9,103.8,1.282,False
106,10499,其他運輸服務細學類,14,723.0,100.0,100.0,0.897,False
107,10499,其他運輸服務細學類,16,679.0,114.3,93.9,1.054,False
108,10499,其他運輸服務細學類,30,681.0,214.3,94.2,1.914,False
109,10499,其他運輸服務細學類,10,,71.4,,0.86,True
110,10499,其他運輸服務細學類,7,473.0,50.0,65.4,0.61,False
111,10499,其他運輸服務細學類,7,423.0,50.0,58.5,0.684,False
112,10499,其他運輸服務細學類,7,395.0,50.0,54.6,0.73,False
